0.0, 0.0
0.3870922459893048, 0.0
0.7233288770053476, 0.0
1.0, 0.0
1.5235294117647058, 0.0
5.204344919786096, 0.0
9.574866310160427, 0.0
19.18048128342246, 0.0
30.047459893048128, 0.0

0.0, 0.0
0.3870922459893048, 0.1367614973262032
0.7233288770053476, 0.10112727272727273
1.0, 0.08599572192513369
1.5235294117647058, 0.06968021390374332
5.204344919786096, 0.03774224598930481
9.574866310160427, 0.027952941176470587
19.18048128342246, 0.019636363636363636
30.047459893048128, 0.015680213903743315

0.0, 0.0
0.3870922459893048, 0.2735229946524064
0.7233288770053476, 0.20225454545454546
1.0, 0.17199144385026738
1.5235294117647058, 0.13936042780748664
5.204344919786096, 0.07548449197860962
9.574866310160427, 0.05590588235294117
19.18048128342246, 0.03927272727272727
30.047459893048128, 0.03136042780748663

0.0, 0.0
0.3870922459893048, 0.4102844919786096
0.7233288770053476, 0.3033818181818182
1.0, 0.2579871657754011
1.5235294117647058, 0.20904064171122994
5.204344919786096, 0.11322673796791444
9.574866310160427, 0.08385882352941176
19.18048128342246, 0.05890909090909091
30.047459893048128, 0.047040641711229944

0.0, 0.0
0.3870922459893048, 0.5470459893048129
0.7233288770053476, 0.40450909090909093
1.0, 0.34398288770053476
1.5235294117647058, 0.2787208556149733
5.204344919786096, 0.15096898395721925
9.574866310160427, 0.11181176470588235
19.18048128342246, 0.07854545454545454
30.047459893048128, 0.06272085561497326

0.0, 0.0
0.3870922459893048, 0.6838074866310161
0.7233288770053476, 0.5056363636363637
1.0, 0.4299786096256685
1.5235294117647058, 0.3484010695187166
5.204344919786096, 0.18871122994652406
9.574866310160427, 0.13976470588235293
19.18048128342246, 0.09818181818181818
30.047459893048128, 0.07840106951871657

0.0, 0.0
0.3870922459893048, 0.8205689839572192
0.7233288770053476, 0.6067636363636364
1.0, 0.5159743315508022
1.5235294117647058, 0.41808128342245987
5.204344919786096, 0.22645347593582887
9.574866310160427, 0.16771764705882353
19.18048128342246, 0.11781818181818182
30.047459893048128, 0.09408128342245989

0.0, 0.0
0.3870922459893048, 0.9573304812834225
0.7233288770053476, 0.7078909090909091
1.0, 0.6019700534759358
1.5235294117647058, 0.4877614973262032
5.204344919786096, 0.2641957219251337
9.574866310160427, 0.19567058823529412
19.18048128342246, 0.13745454545454547
30.047459893048128, 0.1097614973262032

0.0, 0.0
0.3870922459893048, 1.0940919786096257
0.7233288770053476, 0.8090181818181819
1.0, 0.6879657754010695
1.5235294117647058, 0.5574417112299466
5.204344919786096, 0.3019379679144385
9.574866310160427, 0.2236235294117647
19.18048128342246, 0.1570909090909091
30.047459893048128, 0.12544171122994652

0.0, 0.0
0.3870922459893048, 1.230853475935829
0.7233288770053476, 0.9101454545454546
1.0, 0.7739614973262032
1.5235294117647058, 0.6271219251336898
5.204344919786096, 0.3396802139037433
9.574866310160427, 0.2515764705882353
19.18048128342246, 0.17672727272727273
30.047459893048128, 0.14112192513368985

0.0, 0.0
0.3870922459893048, 1.3676149732620322
0.7233288770053476, 1.0112727272727273
1.0, 0.859957219251337
1.5235294117647058, 0.6968021390374332
5.204344919786096, 0.3774224598930481
9.574866310160427, 0.27952941176470586
19.18048128342246, 0.19636363636363635
30.047459893048128, 0.15680213903743315

0.0, 0.0
0.3870922459893048, 1.5043764705882352
0.7233288770053476, 1.1124
1.0, 0.9459529411764706
1.5235294117647058, 0.7664823529411765
5.204344919786096, 0.41516470588235294
9.574866310160427, 0.3074823529411765
19.18048128342246, 0.216
30.047459893048128, 0.17248235294117648

0.0, 0.0
0.3870922459893048, 1.6411379679144384
0.7233288770053476, 1.2135272727272728
1.0, 1.0319486631016044
1.5235294117647058, 0.8361625668449197
5.204344919786096, 0.45290695187165775
9.574866310160427, 0.33543529411764705
19.18048128342246, 0.23563636363636364
30.047459893048128, 0.18816256684491978

0.0, 0.0
0.3870922459893048, 1.7778994652406417
0.7233288770053476, 1.3146545454545455
1.0, 1.1179443850267379
1.5235294117647058, 0.9058427807486631
5.204344919786096, 0.49064919786096256
9.574866310160427, 0.3633882352941176
19.18048128342246, 0.25527272727272726
30.047459893048128, 0.2038427807486631

0.0, 0.0
0.3870922459893048, 1.914660962566845
0.7233288770053476, 1.4157818181818183
1.0, 1.2039401069518716
1.5235294117647058, 0.9755229946524064
5.204344919786096, 0.5283914438502674
9.574866310160427, 0.39134117647058825
19.18048128342246, 0.27490909090909094
30.047459893048128, 0.2195229946524064

0.0, 0.0
0.3870922459893048, 2.051422459893048
0.7233288770053476, 1.516909090909091
1.0, 1.2899358288770053
1.5235294117647058, 1.0452032085561498
5.204344919786096, 0.5661336898395722
9.574866310160427, 0.4192941176470588
19.18048128342246, 0.29454545454545455
30.047459893048128, 0.23520320855614973

0.0, 0.0
0.3870922459893048, 2.1881839572192514
0.7233288770053476, 1.6180363636363637
1.0, 1.375931550802139
1.5235294117647058, 1.1148834224598931
5.204344919786096, 0.603875935828877
9.574866310160427, 0.4472470588235294
19.18048128342246, 0.3141818181818182
30.047459893048128, 0.25088342245989304

0.0, 0.0
0.3870922459893048, 2.3249454545454546
0.7233288770053476, 1.7191636363636364
1.0, 1.4619272727272727
1.5235294117647058, 1.1845636363636363
5.204344919786096, 0.6416181818181819
9.574866310160427, 0.4752
19.18048128342246, 0.3338181818181818
30.047459893048128, 0.26656363636363634

0.0, 0.0
0.3870922459893048, 2.461706951871658
0.7233288770053476, 1.8202909090909092
1.0, 1.5479229946524065
1.5235294117647058, 1.2542438502673796
5.204344919786096, 0.6793604278074866
9.574866310160427, 0.5031529411764706
19.18048128342246, 0.35345454545454547
30.047459893048128, 0.2822438502673797

0.0, 0.0
0.3870922459893048, 2.598468449197861
0.7233288770053476, 1.921418181818182
1.0, 1.6339187165775402
1.5235294117647058, 1.323924064171123
5.204344919786096, 0.7171026737967915
9.574866310160427, 0.5311058823529412
19.18048128342246, 0.3730909090909091
30.047459893048128, 0.297924064171123

0.0, 0.0
0.3870922459893048, 2.7352299465240644
0.7233288770053476, 2.0225454545454546
1.0, 1.719914438502674
1.5235294117647058, 1.3936042780748663
5.204344919786096, 0.7548449197860962
9.574866310160427, 0.5590588235294117
19.18048128342246, 0.3927272727272727
30.047459893048128, 0.3136042780748663

0.0, 0.0
0.3870922459893048, 2.871991443850267
0.7233288770053476, 2.1236727272727274
1.0, 1.8059101604278074
1.5235294117647058, 1.4632844919786097
5.204344919786096, 0.7925871657754011
9.574866310160427, 0.5870117647058823
19.18048128342246, 0.4123636363636364
30.047459893048128, 0.32928449197860965

0.0, 0.0
0.3870922459893048, 3.0087529411764704
0.7233288770053476, 2.2248
1.0, 1.891905882352941
1.5235294117647058, 1.532964705882353
5.204344919786096, 0.8303294117647059
9.574866310160427, 0.614964705882353
19.18048128342246, 0.432
30.047459893048128, 0.34496470588235295

0.0, 0.0
0.3870922459893048, 3.1455144385026736
0.7233288770053476, 2.325927272727273
1.0, 1.9779016042780748
1.5235294117647058, 1.6026449197860964
5.204344919786096, 0.8680716577540107
9.574866310160427, 0.6429176470588235
19.18048128342246, 0.4516363636363636
30.047459893048128, 0.36064491978609625

0.0, 0.0
0.3870922459893048, 3.282275935828877
0.7233288770053476, 2.4270545454545456
1.0, 2.0638973262032088
1.5235294117647058, 1.6723251336898395
5.204344919786096, 0.9058139037433155
9.574866310160427, 0.6708705882352941
19.18048128342246, 0.4712727272727273
30.047459893048128, 0.37632513368983955

0.0, 0.0
0.3870922459893048, 3.41903743315508
0.7233288770053476, 2.5281818181818183
1.0, 2.1498930481283423
1.5235294117647058, 1.7420053475935828
5.204344919786096, 0.9435561497326204
9.574866310160427, 0.6988235294117647
19.18048128342246, 0.4909090909090909
30.047459893048128, 0.3920053475935829

0.0, 0.0
0.3870922459893048, 3.5557989304812834
0.7233288770053476, 2.629309090909091
1.0, 2.2358887700534757
1.5235294117647058, 1.8116855614973262
5.204344919786096, 0.9812983957219251
9.574866310160427, 0.7267764705882352
19.18048128342246, 0.5105454545454545
30.047459893048128, 0.4076855614973262

0.0, 0.0
0.3870922459893048, 3.6925604278074866
0.7233288770053476, 2.7304363636363638
1.0, 2.3218844919786097
1.5235294117647058, 1.8813657754010695
5.204344919786096, 1.0190406417112299
9.574866310160427, 0.7547294117647059
19.18048128342246, 0.5301818181818182
30.047459893048128, 0.4233657754010695

0.0, 0.0
0.3870922459893048, 3.82932192513369
0.7233288770053476, 2.8315636363636365
1.0, 2.407880213903743
1.5235294117647058, 1.9510459893048129
5.204344919786096, 1.0567828877005347
9.574866310160427, 0.7826823529411765
19.18048128342246, 0.5498181818181819
30.047459893048128, 0.4390459893048128

0.0, 0.0
0.3870922459893048, 3.966083422459893
0.7233288770053476, 2.9326909090909092
1.0, 2.493875935828877
1.5235294117647058, 2.020726203208556
5.204344919786096, 1.0945251336898396
9.574866310160427, 0.810635294117647
19.18048128342246, 0.5694545454545454
30.047459893048128, 0.45472620320855617

0.0, 0.0
0.3870922459893048, 4.102844919786096
0.7233288770053476, 3.033818181818182
1.0, 2.5798716577540106
1.5235294117647058, 2.0904064171122996
5.204344919786096, 1.1322673796791445
9.574866310160427, 0.8385882352941176
19.18048128342246, 0.5890909090909091
30.047459893048128, 0.47040641711229947

0.0, 0.0
0.3870922459893048, 4.2396064171123
0.7233288770053476, 3.1349454545454547
1.0, 2.6658673796791446
1.5235294117647058, 2.1600866310160427
5.204344919786096, 1.1700096256684491
9.574866310160427, 0.8665411764705883
19.18048128342246, 0.6087272727272727
30.047459893048128, 0.48608663101604277

0.0, 0.0
0.3870922459893048, 4.376367914438503
0.7233288770053476, 3.2360727272727274
1.0, 2.751863101604278
1.5235294117647058, 2.2297668449197863
5.204344919786096, 1.207751871657754
9.574866310160427, 0.8944941176470588
19.18048128342246, 0.6283636363636363
30.047459893048128, 0.5017668449197861

0.0, 0.0
0.3870922459893048, 4.513129411764706
0.7233288770053476, 3.3372
1.0, 2.8378588235294115
1.5235294117647058, 2.2994470588235294
5.204344919786096, 1.2454941176470589
9.574866310160427, 0.9224470588235294
19.18048128342246, 0.648
30.047459893048128, 0.5174470588235294

0.0, 0.0
0.3870922459893048, 4.649890909090909
0.7233288770053476, 3.438327272727273
1.0, 2.9238545454545455
1.5235294117647058, 2.3691272727272725
5.204344919786096, 1.2832363636363637
9.574866310160427, 0.9504
19.18048128342246, 0.6676363636363636
30.047459893048128, 0.5331272727272727

0.0, 0.0
0.3870922459893048, 4.7866524064171125
0.7233288770053476, 3.5394545454545456
1.0, 3.009850267379679
1.5235294117647058, 2.438807486631016
5.204344919786096, 1.3209786096256684
9.574866310160427, 0.9783529411764705
19.18048128342246, 0.6872727272727273
30.047459893048128, 0.5488074866310161

0.0, 0.0
0.3870922459893048, 4.923413903743316
0.7233288770053476, 3.6405818181818184
1.0, 3.095845989304813
1.5235294117647058, 2.5084877005347592
5.204344919786096, 1.3587208556149732
9.574866310160427, 1.0063058823529412
19.18048128342246, 0.7069090909090909
30.047459893048128, 0.5644877005347594

0.0, 0.0
0.3870922459893048, 5.060175401069519
0.7233288770053476, 3.741709090909091
1.0, 3.1818417112299464
1.5235294117647058, 2.578167914438503
5.204344919786096, 1.3964631016042781
9.574866310160427, 1.0342588235294117
19.18048128342246, 0.7265454545454545
30.047459893048128, 0.5801679144385027

0.0, 0.0
0.3870922459893048, 5.196936898395722
0.7233288770053476, 3.842836363636364
1.0, 3.2678374331550804
1.5235294117647058, 2.647848128342246
5.204344919786096, 1.434205347593583
9.574866310160427, 1.0622117647058824
19.18048128342246, 0.7461818181818182
30.047459893048128, 0.595848128342246

0.0, 0.0
0.3870922459893048, 5.3336983957219255
0.7233288770053476, 3.9439636363636366
1.0, 3.353833155080214
1.5235294117647058, 2.7175283422459895
5.204344919786096, 1.4719475935828876
9.574866310160427, 1.090164705882353
19.18048128342246, 0.7658181818181818
30.047459893048128, 0.6115283422459893

0.0, 0.0
0.3870922459893048, 5.470459893048129
0.7233288770053476, 4.045090909090909
1.0, 3.439828877005348
1.5235294117647058, 2.7872085561497326
5.204344919786096, 1.5096898395721925
9.574866310160427, 1.1181176470588234
19.18048128342246, 0.7854545454545454
30.047459893048128, 0.6272085561497326

0.0, 0.0
0.3870922459893048, 5.607221390374332
0.7233288770053476, 4.146218181818182
1.0, 3.5258245989304813
1.5235294117647058, 2.8568887700534757
5.204344919786096, 1.5474320855614974
9.574866310160427, 1.1460705882352942
19.18048128342246, 0.8050909090909091
30.047459893048128, 0.6428887700534759

0.0, 0.0
0.3870922459893048, 5.743982887700534
0.7233288770053476, 4.247345454545455
1.0, 3.6118203208556148
1.5235294117647058, 2.9265689839572193
5.204344919786096, 1.5851743315508022
9.574866310160427, 1.1740235294117647
19.18048128342246, 0.8247272727272728
30.047459893048128, 0.6585689839572193

0.0, 0.0
0.3870922459893048, 5.880744385026738
0.7233288770053476, 4.3484727272727275
1.0, 3.6978160427807487
1.5235294117647058, 2.9962491978609624
5.204344919786096, 1.6229165775401069
9.574866310160427, 1.2019764705882352
19.18048128342246, 0.8443636363636363
30.047459893048128, 0.6742491978609626

0.0, 0.0
0.3870922459893048, 6.017505882352941
0.7233288770053476, 4.4496
1.0, 3.783811764705882
1.5235294117647058, 3.065929411764706
5.204344919786096, 1.6606588235294117
9.574866310160427, 1.229929411764706
19.18048128342246, 0.864
30.047459893048128, 0.6899294117647059

0.0, 0.0
0.3870922459893048, 6.154267379679144
0.7233288770053476, 4.550727272727273
1.0, 3.869807486631016
1.5235294117647058, 3.135609625668449
5.204344919786096, 1.6984010695187166
9.574866310160427, 1.2578823529411765
19.18048128342246, 0.8836363636363637
30.047459893048128, 0.7056096256684492

0.0, 0.0
0.3870922459893048, 6.291028877005347
0.7233288770053476, 4.651854545454546
1.0, 3.9558032085561496
1.5235294117647058, 3.2052898395721927
5.204344919786096, 1.7361433155080215
9.574866310160427, 1.285835294117647
19.18048128342246, 0.9032727272727272
30.047459893048128, 0.7212898395721925

0.0, 0.0
0.3870922459893048, 6.4277903743315505
0.7233288770053476, 4.752981818181818
1.0, 4.041798930481283
1.5235294117647058, 3.274970053475936
5.204344919786096, 1.7738855614973261
9.574866310160427, 1.3137882352941177
19.18048128342246, 0.9229090909090909
30.047459893048128, 0.7369700534759358

0.0, 0.0
0.3870922459893048, 6.564551871657754
0.7233288770053476, 4.854109090909091
1.0, 4.1277946524064175
1.5235294117647058, 3.344650267379679
5.204344919786096, 1.811627807486631
9.574866310160427, 1.3417411764705882
19.18048128342246, 0.9425454545454546
30.047459893048128, 0.7526502673796791

0.0, 0.0
0.3870922459893048, 6.701313368983957
0.7233288770053476, 4.955236363636364
1.0, 4.213790374331551
1.5235294117647058, 3.4143304812834225
5.204344919786096, 1.8493700534759359
9.574866310160427, 1.3696941176470587
19.18048128342246, 0.9621818181818181
30.047459893048128, 0.7683304812834224

0.0, 0.0
0.3870922459893048, 6.83807486631016
0.7233288770053476, 5.056363636363637
1.0, 4.2997860962566845
1.5235294117647058, 3.4840106951871657
5.204344919786096, 1.8871122994652407
9.574866310160427, 1.3976470588235295
19.18048128342246, 0.9818181818181818
30.047459893048128, 0.7840106951871658

0.0, 0.0
0.3870922459893048, 6.9748363636363635
0.7233288770053476, 5.157490909090909
1.0, 4.385781818181818
1.5235294117647058, 3.5536909090909092
5.204344919786096, 1.9248545454545454
9.574866310160427, 1.4256
19.18048128342246, 1.0014545454545454
30.047459893048128, 0.7996909090909091

0.0, 0.0
0.3870922459893048, 7.111597860962567
0.7233288770053476, 5.258618181818182
1.0, 4.4717775401069515
1.5235294117647058, 3.6233711229946524
5.204344919786096, 1.9625967914438502
9.574866310160427, 1.4535529411764705
19.18048128342246, 1.021090909090909
30.047459893048128, 0.8153711229946524

0.0, 0.0
0.3870922459893048, 7.24835935828877
0.7233288770053476, 5.359745454545455
1.0, 4.557773262032086
1.5235294117647058, 3.693051336898396
5.204344919786096, 2.000339037433155
9.574866310160427, 1.4815058823529412
19.18048128342246, 1.0407272727272727
30.047459893048128, 0.8310513368983957

0.0, 0.0
0.3870922459893048, 7.385120855614973
0.7233288770053476, 5.4608727272727275
1.0, 4.643768983957219
1.5235294117647058, 3.762731550802139
5.204344919786096, 2.0380812834224598
9.574866310160427, 1.5094588235294117
19.18048128342246, 1.0603636363636364
30.047459893048128, 0.846731550802139

0.0, 0.0
0.3870922459893048, 7.5218823529411765
0.7233288770053476, 5.562
1.0, 4.729764705882353
1.5235294117647058, 3.832411764705882
5.204344919786096, 2.075823529411765
9.574866310160427, 1.5374117647058823
19.18048128342246, 1.08
30.047459893048128, 0.8624117647058823

0.0, 0.0
0.3870922459893048, 7.65864385026738
0.7233288770053476, 5.663127272727273
1.0, 4.815760427807486
1.5235294117647058, 3.9020919786096258
5.204344919786096, 2.1135657754010695
9.574866310160427, 1.565364705882353
19.18048128342246, 1.0996363636363637
30.047459893048128, 0.8780919786096256

0.0, 0.0
0.3870922459893048, 7.795405347593583
0.7233288770053476, 5.764254545454546
1.0, 4.901756149732621
1.5235294117647058, 3.971772192513369
5.204344919786096, 2.151308021390374
9.574866310160427, 1.5933176470588235
19.18048128342246, 1.1192727272727272
30.047459893048128, 0.893772192513369

0.0, 0.0
0.3870922459893048, 7.932166844919786
0.7233288770053476, 5.8653818181818185
1.0, 4.987751871657754
1.5235294117647058, 4.041452406417112
5.204344919786096, 2.1890502673796792
9.574866310160427, 1.621270588235294
19.18048128342246, 1.1389090909090909
30.047459893048128, 0.9094524064171123

0.0, 0.0
0.3870922459893048, 8.06892834224599
0.7233288770053476, 5.966509090909091
1.0, 5.073747593582888
1.5235294117647058, 4.111132620320856
5.204344919786096, 2.226792513368984
9.574866310160427, 1.6492235294117648
19.18048128342246, 1.1585454545454545
30.047459893048128, 0.9251326203208556

0.0, 0.0
0.3870922459893048, 8.205689839572193
0.7233288770053476, 6.067636363636364
1.0, 5.159743315508021
1.5235294117647058, 4.180812834224599
5.204344919786096, 2.264534759358289
9.574866310160427, 1.6771764705882353
19.18048128342246, 1.1781818181818182
30.047459893048128, 0.9408128342245989

0.0, 0.0
0.3870922459893048, 8.342451336898396
0.7233288770053476, 6.168763636363637
1.0, 5.245739037433155
1.5235294117647058, 4.250493048128342
5.204344919786096, 2.3022770053475936
9.574866310160427, 1.7051294117647058
19.18048128342246, 1.197818181818182
30.047459893048128, 0.9564930481283422

0.0, 0.0
0.3870922459893048, 8.4792128342246
0.7233288770053476, 6.269890909090909
1.0, 5.331734759358289
1.5235294117647058, 4.320173262032085
5.204344919786096, 2.3400192513368983
9.574866310160427, 1.7330823529411765
19.18048128342246, 1.2174545454545453
30.047459893048128, 0.9721732620320855

0.0, 0.0
0.3870922459893048, 8.615974331550802
0.7233288770053476, 6.371018181818182
1.0, 5.417730481283423
1.5235294117647058, 4.389853475935829
5.204344919786096, 2.3777614973262033
9.574866310160427, 1.761035294117647
19.18048128342246, 1.237090909090909
30.047459893048128, 0.9878534759358288

0.0, 0.0
0.3870922459893048, 8.752735828877006
0.7233288770053476, 6.472145454545455
1.0, 5.503726203208556
1.5235294117647058, 4.4595336898395725
5.204344919786096, 2.415503743315508
9.574866310160427, 1.7889882352941175
19.18048128342246, 1.2567272727272727
30.047459893048128, 1.0035336898395721

0.0, 0.0
0.3870922459893048, 8.889497326203209
0.7233288770053476, 6.573272727272728
1.0, 5.58972192513369
1.5235294117647058, 4.529213903743315
5.204344919786096, 2.4532459893048126
9.574866310160427, 1.8169411764705883
19.18048128342246, 1.2763636363636364
30.047459893048128, 1.0192139037433154

0.0, 0.0
0.3870922459893048, 9.026258823529412
0.7233288770053476, 6.6744
1.0, 5.675717647058823
1.5235294117647058, 4.598894117647059
5.204344919786096, 2.4909882352941177
9.574866310160427, 1.8448941176470588
19.18048128342246, 1.296
30.047459893048128, 1.0348941176470587

0.0, 0.0
0.3870922459893048, 9.163020320855615
0.7233288770053476, 6.775527272727273
1.0, 5.7617133689839575
1.5235294117647058, 4.668574331550802
5.204344919786096, 2.5287304812834224
9.574866310160427, 1.8728470588235293
19.18048128342246, 1.3156363636363637
30.047459893048128, 1.050574331550802

0.0, 0.0
0.3870922459893048, 9.299781818181819
0.7233288770053476, 6.876654545454546
1.0, 5.847709090909091
1.5235294117647058, 4.738254545454545
5.204344919786096, 2.5664727272727275
9.574866310160427, 1.9008
19.18048128342246, 1.3352727272727272
30.047459893048128, 1.0662545454545453

0.0, 0.0
0.3870922459893048, 9.436543315508022
0.7233288770053476, 6.9777818181818185
1.0, 5.9337048128342245
1.5235294117647058, 4.807934759358289
5.204344919786096, 2.604214973262032
9.574866310160427, 1.9287529411764706
19.18048128342246, 1.3549090909090908
30.047459893048128, 1.0819347593582889

0.0, 0.0
0.3870922459893048, 9.573304812834225
0.7233288770053476, 7.078909090909091
1.0, 6.019700534759358
1.5235294117647058, 4.877614973262032
5.204344919786096, 2.6419572192513368
9.574866310160427, 1.956705882352941
19.18048128342246, 1.3745454545454545
30.047459893048128, 1.0976149732620322

0.0, 0.0
0.3870922459893048, 9.710066310160428
0.7233288770053476, 7.180036363636364
1.0, 6.105696256684492
1.5235294117647058, 4.947295187165776
5.204344919786096, 2.679699465240642
9.574866310160427, 1.9846588235294118
19.18048128342246, 1.3941818181818182
30.047459893048128, 1.1132951871657755

0.0, 0.0
0.3870922459893048, 9.846827807486632
0.7233288770053476, 7.281163636363637
1.0, 6.191691978609626
1.5235294117647058, 5.0169754010695184
5.204344919786096, 2.7174417112299465
9.574866310160427, 2.0126117647058823
19.18048128342246, 1.4138181818181819
30.047459893048128, 1.1289754010695188

0.0, 0.0
0.3870922459893048, 9.983589304812835
0.7233288770053476, 7.3822909090909095
1.0, 6.277687700534759
1.5235294117647058, 5.086655614973262
5.204344919786096, 2.755183957219251
9.574866310160427, 2.040564705882353
19.18048128342246, 1.4334545454545455
30.047459893048128, 1.144655614973262

0.0, 0.0
0.3870922459893048, 10.120350802139038
0.7233288770053476, 7.483418181818182
1.0, 6.363683422459893
1.5235294117647058, 5.156335828877006
5.204344919786096, 2.7929262032085562
9.574866310160427, 2.0685176470588233
19.18048128342246, 1.453090909090909
30.047459893048128, 1.1603358288770054

0.0, 0.0
0.3870922459893048, 10.257112299465241
0.7233288770053476, 7.584545454545455
1.0, 6.449679144385026
1.5235294117647058, 5.226016042780748
5.204344919786096, 2.830668449197861
9.574866310160427, 2.0964705882352943
19.18048128342246, 1.4727272727272727
30.047459893048128, 1.1760160427807487

0.0, 0.0
0.3870922459893048, 10.393873796791445
0.7233288770053476, 7.685672727272728
1.0, 6.535674866310161
1.5235294117647058, 5.295696256684492
5.204344919786096, 2.868410695187166
9.574866310160427, 2.124423529411765
19.18048128342246, 1.4923636363636363
30.047459893048128, 1.191696256684492

0.0, 0.0
0.3870922459893048, 10.530635294117648
0.7233288770053476, 7.7868
1.0, 6.621670588235294
1.5235294117647058, 5.365376470588235
5.204344919786096, 2.9061529411764706
9.574866310160427, 2.1523764705882353
19.18048128342246, 1.512
30.047459893048128, 1.2073764705882353

0.0, 0.0
0.3870922459893048, 10.667396791443851
0.7233288770053476, 7.887927272727273
1.0, 6.707666310160428
1.5235294117647058, 5.435056684491979
5.204344919786096, 2.9438951871657753
9.574866310160427, 2.180329411764706
19.18048128342246, 1.5316363636363637
30.047459893048128, 1.2230566844919786

0.0, 0.0
0.3870922459893048, 10.804158288770054
0.7233288770053476, 7.989054545454546
1.0, 6.793662032085561
1.5235294117647058, 5.504736898395722
5.204344919786096, 2.9816374331550803
9.574866310160427, 2.2082823529411764
19.18048128342246, 1.5512727272727274
30.047459893048128, 1.2387368983957219

0.0, 0.0
0.3870922459893048, 10.940919786096257
0.7233288770053476, 8.090181818181819
1.0, 6.879657754010696
1.5235294117647058, 5.574417112299465
5.204344919786096, 3.019379679144385
9.574866310160427, 2.236235294117647
19.18048128342246, 1.5709090909090908
30.047459893048128, 1.2544171122994652

0.0, 0.0
0.3870922459893048, 11.07768128342246
0.7233288770053476, 8.19130909090909
1.0, 6.965653475935829
1.5235294117647058, 5.644097326203209
5.204344919786096, 3.0571219251336896
9.574866310160427, 2.264188235294118
19.18048128342246, 1.5905454545454545
30.047459893048128, 1.2700973262032085

0.0, 0.0
0.3870922459893048, 11.214442780748664
0.7233288770053476, 8.292436363636364
1.0, 7.051649197860963
1.5235294117647058, 5.7137775401069515
5.204344919786096, 3.0948641711229947
9.574866310160427, 2.2921411764705883
19.18048128342246, 1.6101818181818182
30.047459893048128, 1.2857775401069518

0.0, 0.0
0.3870922459893048, 11.351204278074865
0.7233288770053476, 8.393563636363636
1.0, 7.137644919786096
1.5235294117647058, 5.783457754010695
5.204344919786096, 3.1326064171122994
9.574866310160427, 2.320094117647059
19.18048128342246, 1.6298181818181818
30.047459893048128, 1.301457754010695

0.0, 0.0
0.3870922459893048, 11.487965775401069
0.7233288770053476, 8.49469090909091
1.0, 7.2236406417112295
1.5235294117647058, 5.853137967914439
5.204344919786096, 3.1703486631016045
9.574866310160427, 2.3480470588235294
19.18048128342246, 1.6494545454545455
30.047459893048128, 1.3171379679144386

0.0, 0.0
0.3870922459893048, 11.624727272727272
0.7233288770053476, 8.595818181818181
1.0, 7.309636363636364
1.5235294117647058, 5.922818181818182
5.204344919786096, 3.208090909090909
9.574866310160427, 2.376
19.18048128342246, 1.6690909090909092
30.047459893048128, 1.332818181818182

0.0, 0.0
0.3870922459893048, 11.761488770053475
0.7233288770053476, 8.696945454545455
1.0, 7.395632085561497
1.5235294117647058, 5.992498395721925
5.204344919786096, 3.2458331550802137
9.574866310160427, 2.4039529411764704
19.18048128342246, 1.6887272727272726
30.047459893048128, 1.3484983957219252

0.0, 0.0
0.3870922459893048, 11.898250267379678
0.7233288770053476, 8.798072727272727
1.0, 7.481627807486631
1.5235294117647058, 6.0621786096256685
5.204344919786096, 3.283575401069519
9.574866310160427, 2.4319058823529414
19.18048128342246, 1.7083636363636363
30.047459893048128, 1.3641786096256685

0.0, 0.0
0.3870922459893048, 12.035011764705882
0.7233288770053476, 8.8992
1.0, 7.567623529411764
1.5235294117647058, 6.131858823529412
5.204344919786096, 3.3213176470588235
9.574866310160427, 2.459858823529412
19.18048128342246, 1.728
30.047459893048128, 1.3798588235294118

0.0, 0.0
0.3870922459893048, 12.171773262032085
0.7233288770053476, 9.000327272727272
1.0, 7.653619251336899
1.5235294117647058, 6.201539037433155
5.204344919786096, 3.359059893048128
9.574866310160427, 2.4878117647058824
19.18048128342246, 1.7476363636363637
30.047459893048128, 1.395539037433155

0.0, 0.0
0.3870922459893048, 12.308534759358288
0.7233288770053476, 9.101454545454546
1.0, 7.739614973262032
1.5235294117647058, 6.271219251336898
5.204344919786096, 3.396802139037433
9.574866310160427, 2.515764705882353
19.18048128342246, 1.7672727272727273
30.047459893048128, 1.4112192513368984

0.0, 0.0
0.3870922459893048, 12.445296256684491
0.7233288770053476, 9.202581818181818
1.0, 7.825610695187166
1.5235294117647058, 6.340899465240642
5.204344919786096, 3.434544385026738
9.574866310160427, 2.5437176470588234
19.18048128342246, 1.786909090909091
30.047459893048128, 1.4268994652406417

0.0, 0.0
0.3870922459893048, 12.582057754010695
0.7233288770053476, 9.303709090909091
1.0, 7.911606417112299
1.5235294117647058, 6.410579679144385
5.204344919786096, 3.472286631016043
9.574866310160427, 2.571670588235294
19.18048128342246, 1.8065454545454545
30.047459893048128, 1.442579679144385

0.0, 0.0
0.3870922459893048, 12.718819251336898
0.7233288770053476, 9.404836363636363
1.0, 7.997602139037433
1.5235294117647058, 6.480259893048128
5.204344919786096, 3.5100288770053476
9.574866310160427, 2.599623529411765
19.18048128342246, 1.8261818181818181
30.047459893048128, 1.4582598930481283

0.0, 0.0
0.3870922459893048, 12.855580748663101
0.7233288770053476, 9.505963636363637
1.0, 8.083597860962566
1.5235294117647058, 6.549940106951872
5.204344919786096, 3.5477711229946522
9.574866310160427, 2.6275764705882354
19.18048128342246, 1.8458181818181818
30.047459893048128, 1.4739401069518716

0.0, 0.0
0.3870922459893048, 12.992342245989304
0.7233288770053476, 9.607090909090909
1.0, 8.1695935828877
1.5235294117647058, 6.619620320855615
5.204344919786096, 3.5855133689839573
9.574866310160427, 2.655529411764706
19.18048128342246, 1.8654545454545455
30.047459893048128, 1.489620320855615

0.0, 0.0
0.3870922459893048, 13.129103743315508
0.7233288770053476, 9.708218181818182
1.0, 8.255589304812835
1.5235294117647058, 6.689300534759358
5.204344919786096, 3.623255614973262
9.574866310160427, 2.6834823529411764
19.18048128342246, 1.8850909090909092
30.047459893048128, 1.5053005347593582

0.0, 0.0
0.3870922459893048, 13.26586524064171
0.7233288770053476, 9.809345454545454
1.0, 8.341585026737969
1.5235294117647058, 6.7589807486631015
5.204344919786096, 3.6609978609625666
9.574866310160427, 2.711435294117647
19.18048128342246, 1.9047272727272728
30.047459893048128, 1.5209807486631015

0.0, 0.0
0.3870922459893048, 13.402626737967914
0.7233288770053476, 9.910472727272728
1.0, 8.427580748663102
1.5235294117647058, 6.828660962566845
5.204344919786096, 3.6987401069518717
9.574866310160427, 2.7393882352941175
19.18048128342246, 1.9243636363636363
30.047459893048128, 1.5366609625668448

0.0, 0.0
0.3870922459893048, 13.539388235294117
0.7233288770053476, 10.0116
1.0, 8.513576470588236
1.5235294117647058, 6.898341176470589
5.204344919786096, 3.7364823529411764
9.574866310160427, 2.7673411764705884
19.18048128342246, 1.944
30.047459893048128, 1.5523411764705883

0.0, 0.0
0.3870922459893048, 13.67614973262032
0.7233288770053476, 10.112727272727273
1.0, 8.599572192513369
1.5235294117647058, 6.968021390374331
5.204344919786096, 3.7742245989304815
9.574866310160427, 2.795294117647059
19.18048128342246, 1.9636363636363636
30.047459893048128, 1.5680213903743316

0.0, 0.0
0.3870922459893048, 13.812911229946524
0.7233288770053476, 10.213854545454545
1.0, 8.685567914438503
1.5235294117647058, 7.037701604278075
5.204344919786096, 3.811966844919786
9.574866310160427, 2.8232470588235294
19.18048128342246, 1.9832727272727273
30.047459893048128, 1.583701604278075

0.0, 0.0
0.3870922459893048, 13.949672727272727
0.7233288770053476, 10.314981818181819
1.0, 8.771563636363636
1.5235294117647058, 7.1073818181818185
5.204344919786096, 3.8497090909090907
9.574866310160427, 2.8512
19.18048128342246, 2.0029090909090908
30.047459893048128, 1.5993818181818182

0.0, 0.0
0.3870922459893048, 14.08643422459893
0.7233288770053476, 10.41610909090909
1.0, 8.85755935828877
1.5235294117647058, 7.177062032085561
5.204344919786096, 3.887451336898396
9.574866310160427, 2.8791529411764705
19.18048128342246, 2.0225454545454546
30.047459893048128, 1.6150620320855615

0.0, 0.0
0.3870922459893048, 14.223195721925133
0.7233288770053476, 10.517236363636364
1.0, 8.943555080213903
1.5235294117647058, 7.246742245989305
5.204344919786096, 3.9251935828877005
9.574866310160427, 2.907105882352941
19.18048128342246, 2.042181818181818
30.047459893048128, 1.6307422459893048

0.0, 0.0
0.3870922459893048, 14.359957219251337
0.7233288770053476, 10.618363636363636
1.0, 9.029550802139038
1.5235294117647058, 7.316422459893048
5.204344919786096, 3.962935828877005
9.574866310160427, 2.935058823529412
19.18048128342246, 2.061818181818182
30.047459893048128, 1.6464224598930481

0.0, 0.0
0.3870922459893048, 14.49671871657754
0.7233288770053476, 10.71949090909091
1.0, 9.115546524064172
1.5235294117647058, 7.386102673796792
5.204344919786096, 4.00067807486631
9.574866310160427, 2.9630117647058825
19.18048128342246, 2.0814545454545454
30.047459893048128, 1.6621026737967914

0.0, 0.0
0.3870922459893048, 14.633480213903743
0.7233288770053476, 10.820618181818181
1.0, 9.201542245989305
1.5235294117647058, 7.4557828877005345
5.204344919786096, 4.038420320855615
9.574866310160427, 2.990964705882353
19.18048128342246, 2.101090909090909
30.047459893048128, 1.6777828877005347

0.0, 0.0
0.3870922459893048, 14.770241711229946
0.7233288770053476, 10.921745454545455
1.0, 9.287537967914439
1.5235294117647058, 7.525463101604278
5.204344919786096, 4.0761625668449195
9.574866310160427, 3.0189176470588235
19.18048128342246, 2.120727272727273
30.047459893048128, 1.693463101604278

0.0, 0.0
0.3870922459893048, 14.90700320855615
0.7233288770053476, 11.022872727272727
1.0, 9.373533689839572
1.5235294117647058, 7.595143315508022
5.204344919786096, 4.113904812834225
9.574866310160427, 3.046870588235294
19.18048128342246, 2.1403636363636362
30.047459893048128, 1.7091433155080213

0.0, 0.0
0.3870922459893048, 15.043764705882353
0.7233288770053476, 11.124
1.0, 9.459529411764706
1.5235294117647058, 7.664823529411764
5.204344919786096, 4.15164705882353
9.574866310160427, 3.0748235294117645
19.18048128342246, 2.16
30.047459893048128, 1.7248235294117646

0.0, 0.0
0.3870922459893048, 15.180526203208556
0.7233288770053476, 11.225127272727272
1.0, 9.54552513368984
1.5235294117647058, 7.734503743315508
5.204344919786096, 4.189389304812834
9.574866310160427, 3.1027764705882355
19.18048128342246, 2.1796363636363636
30.047459893048128, 1.740503743315508

0.0, 0.0
0.3870922459893048, 15.31728770053476
0.7233288770053476, 11.326254545454546
1.0, 9.631520855614973
1.5235294117647058, 7.8041839572192515
5.204344919786096, 4.227131550802139
9.574866310160427, 3.130729411764706
19.18048128342246, 2.1992727272727275
30.047459893048128, 1.7561839572192512

0.0, 0.0
0.3870922459893048, 15.454049197860963
0.7233288770053476, 11.427381818181818
1.0, 9.717516577540106
1.5235294117647058, 7.873864171122995
5.204344919786096, 4.264873796791444
9.574866310160427, 3.1586823529411765
19.18048128342246, 2.218909090909091
30.047459893048128, 1.7718641711229945

0.0, 0.0
0.3870922459893048, 15.590810695187166
0.7233288770053476, 11.528509090909091
1.0, 9.803512299465241
1.5235294117647058, 7.943544385026738
5.204344919786096, 4.302616042780748
9.574866310160427, 3.186635294117647
19.18048128342246, 2.2385454545454544
30.047459893048128, 1.787544385026738

0.0, 0.0
0.3870922459893048, 15.72757219251337
0.7233288770053476, 11.629636363636363
1.0, 9.889508021390375
1.5235294117647058, 8.013224598930481
5.204344919786096, 4.340358288770053
9.574866310160427, 3.2145882352941175
19.18048128342246, 2.2581818181818183
30.047459893048128, 1.8032245989304814

0.0, 0.0
0.3870922459893048, 15.864333689839572
0.7233288770053476, 11.730763636363637
1.0, 9.975503743315508
1.5235294117647058, 8.082904812834224
5.204344919786096, 4.3781005347593585
9.574866310160427, 3.242541176470588
19.18048128342246, 2.2778181818181817
30.047459893048128, 1.8189048128342247

0.0, 0.0
0.3870922459893048, 16.001095187165774
0.7233288770053476, 11.831890909090909
1.0, 10.061499465240642
1.5235294117647058, 8.152585026737968
5.204344919786096, 4.4158427807486635
9.574866310160427, 3.270494117647059
19.18048128342246, 2.2974545454545456
30.047459893048128, 1.834585026737968

0.0, 0.0
0.3870922459893048, 16.13785668449198
0.7233288770053476, 11.933018181818182
1.0, 10.147495187165775
1.5235294117647058, 8.222265240641711
5.204344919786096, 4.453585026737968
9.574866310160427, 3.2984470588235295
19.18048128342246, 2.317090909090909
30.047459893048128, 1.8502652406417113

0.0, 0.0
0.3870922459893048, 16.27461818181818
0.7233288770053476, 12.034145454545454
1.0, 10.233490909090909
1.5235294117647058, 8.291945454545454
5.204344919786096, 4.491327272727273
9.574866310160427, 3.3264
19.18048128342246, 2.3367272727272725
30.047459893048128, 1.8659454545454546

0.0, 0.0
0.3870922459893048, 16.411379679144385
0.7233288770053476, 12.135272727272728
1.0, 10.319486631016042
1.5235294117647058, 8.361625668449198
5.204344919786096, 4.529069518716578
9.574866310160427, 3.3543529411764705
19.18048128342246, 2.3563636363636364
30.047459893048128, 1.8816256684491979

0.0, 0.0
0.3870922459893048, 16.548141176470587
0.7233288770053476, 12.2364
1.0, 10.405482352941176
1.5235294117647058, 8.431305882352941
5.204344919786096, 4.566811764705882
9.574866310160427, 3.382305882352941
19.18048128342246, 2.376
30.047459893048128, 1.8973058823529412

0.0, 0.0
0.3870922459893048, 16.684902673796792
0.7233288770053476, 12.337527272727273
1.0, 10.49147807486631
1.5235294117647058, 8.500986096256684
5.204344919786096, 4.604554010695187
9.574866310160427, 3.4102588235294116
19.18048128342246, 2.395636363636364
30.047459893048128, 1.9129860962566845

0.0, 0.0
0.3870922459893048, 16.821664171122993
0.7233288770053476, 12.438654545454545
1.0, 10.577473796791445
1.5235294117647058, 8.570666310160428
5.204344919786096, 4.642296256684492
9.574866310160427, 3.4382117647058825
19.18048128342246, 2.4152727272727272
30.047459893048128, 1.9286663101604278

0.0, 0.0
0.3870922459893048, 16.9584256684492
0.7233288770053476, 12.539781818181819
1.0, 10.663469518716578
1.5235294117647058, 8.64034652406417
5.204344919786096, 4.6800385026737965
9.574866310160427, 3.466164705882353
19.18048128342246, 2.4349090909090907
30.047459893048128, 1.944346524064171

0.0, 0.0
0.3870922459893048, 17.0951871657754
0.7233288770053476, 12.64090909090909
1.0, 10.749465240641712
1.5235294117647058, 8.710026737967915
5.204344919786096, 4.717780748663102
9.574866310160427, 3.4941176470588236
19.18048128342246, 2.4545454545454546
30.047459893048128, 1.9600267379679144

0.0, 0.0
0.3870922459893048, 17.231948663101605
0.7233288770053476, 12.742036363636364
1.0, 10.835460962566845
1.5235294117647058, 8.779706951871658
5.204344919786096, 4.755522994652407
9.574866310160427, 3.522070588235294
19.18048128342246, 2.474181818181818
30.047459893048128, 1.9757069518716577

0.0, 0.0
0.3870922459893048, 17.368710160427806
0.7233288770053476, 12.843163636363636
1.0, 10.921456684491979
1.5235294117647058, 8.8493871657754
5.204344919786096, 4.793265240641711
9.574866310160427, 3.5500235294117646
19.18048128342246, 2.493818181818182
30.047459893048128, 1.991387165775401

0.0, 0.0
0.3870922459893048, 17.50547165775401
0.7233288770053476, 12.94429090909091
1.0, 11.007452406417112
1.5235294117647058, 8.919067379679145
5.204344919786096, 4.831007486631016
9.574866310160427, 3.577976470588235
19.18048128342246, 2.5134545454545454
30.047459893048128, 2.0070673796791443

0.0, 0.0
0.3870922459893048, 17.642233155080213
0.7233288770053476, 13.045418181818182
1.0, 11.093448128342246
1.5235294117647058, 8.988747593582888
5.204344919786096, 4.868749732620321
9.574866310160427, 3.605929411764706
19.18048128342246, 2.5330909090909093
30.047459893048128, 2.0227475935828876

0.0, 0.0
0.3870922459893048, 17.778994652406418
0.7233288770053476, 13.146545454545455
1.0, 11.17944385026738
1.5235294117647058, 9.05842780748663
5.204344919786096, 4.906491978609625
9.574866310160427, 3.6338823529411766
19.18048128342246, 2.5527272727272727
30.047459893048128, 2.038427807486631

0.0, 0.0
0.3870922459893048, 17.91575614973262
0.7233288770053476, 13.247672727272727
1.0, 11.265439572192513
1.5235294117647058, 9.128108021390375
5.204344919786096, 4.94423422459893
9.574866310160427, 3.661835294117647
19.18048128342246, 2.572363636363636
30.047459893048128, 2.054108021390374

0.0, 0.0
0.3870922459893048, 18.052517647058824
0.7233288770053476, 13.3488
1.0, 11.351435294117646
1.5235294117647058, 9.197788235294118
5.204344919786096, 4.9819764705882355
9.574866310160427, 3.6897882352941176
19.18048128342246, 2.592
30.047459893048128, 2.0697882352941175

0.0, 0.0
0.3870922459893048, 18.189279144385026
0.7233288770053476, 13.449927272727273
1.0, 11.437431016042781
1.5235294117647058, 9.26746844919786
5.204344919786096, 5.0197187165775405
9.574866310160427, 3.717741176470588
19.18048128342246, 2.6116363636363635
30.047459893048128, 2.085468449197861

0.0, 0.0
0.3870922459893048, 18.32604064171123
0.7233288770053476, 13.551054545454546
1.0, 11.523426737967915
1.5235294117647058, 9.337148663101605
5.204344919786096, 5.057460962566845
9.574866310160427, 3.7456941176470586
19.18048128342246, 2.6312727272727274
30.047459893048128, 2.101148663101604

0.0, 0.0
0.3870922459893048, 18.462802139037432
0.7233288770053476, 13.652181818181818
1.0, 11.609422459893048
1.5235294117647058, 9.406828877005347
5.204344919786096, 5.09520320855615
9.574866310160427, 3.7736470588235296
19.18048128342246, 2.650909090909091
30.047459893048128, 2.1168288770053474

0.0, 0.0
0.3870922459893048, 18.599563636363637
0.7233288770053476, 13.753309090909092
1.0, 11.695418181818182
1.5235294117647058, 9.47650909090909
5.204344919786096, 5.132945454545455
9.574866310160427, 3.8016
19.18048128342246, 2.6705454545454543
30.047459893048128, 2.1325090909090907

0.0, 0.0
0.3870922459893048, 18.73632513368984
0.7233288770053476, 13.854436363636363
1.0, 11.781413903743315
1.5235294117647058, 9.546189304812835
5.204344919786096, 5.170687700534759
9.574866310160427, 3.8295529411764706
19.18048128342246, 2.6901818181818182
30.047459893048128, 2.1481893048128344

0.0, 0.0
0.3870922459893048, 18.873086631016044
0.7233288770053476, 13.955563636363637
1.0, 11.867409625668449
1.5235294117647058, 9.615869518716577
5.204344919786096, 5.208429946524064
9.574866310160427, 3.857505882352941
19.18048128342246, 2.7098181818181817
30.047459893048128, 2.1638695187165777

0.0, 0.0
0.3870922459893048, 19.009848128342245
0.7233288770053476, 14.056690909090909
1.0, 11.953405347593582
1.5235294117647058, 9.685549732620322
5.204344919786096, 5.246172192513369
9.574866310160427, 3.8854588235294116
19.18048128342246, 2.7294545454545456
30.047459893048128, 2.179549732620321

0.0, 0.0
0.3870922459893048, 19.14660962566845
0.7233288770053476, 14.157818181818183
1.0, 12.039401069518716
1.5235294117647058, 9.755229946524064
5.204344919786096, 5.2839144385026735
9.574866310160427, 3.913411764705882
19.18048128342246, 2.749090909090909
30.047459893048128, 2.1952299465240643

0.0, 0.0
0.3870922459893048, 19.28337112299465
0.7233288770053476, 14.258945454545454
1.0, 12.12539679144385
1.5235294117647058, 9.824910160427807
5.204344919786096, 5.321656684491979
9.574866310160427, 3.941364705882353
19.18048128342246, 2.768727272727273
30.047459893048128, 2.2109101604278076

0.0, 0.0
0.3870922459893048, 19.420132620320857
0.7233288770053476, 14.360072727272728
1.0, 12.211392513368985
1.5235294117647058, 9.894590374331552
5.204344919786096, 5.359398930481284
9.574866310160427, 3.9693176470588236
19.18048128342246, 2.7883636363636364
30.047459893048128, 2.226590374331551

0.0, 0.0
0.3870922459893048, 19.556894117647058
0.7233288770053476, 14.4612
1.0, 12.297388235294118
1.5235294117647058, 9.964270588235294
5.204344919786096, 5.397141176470588
9.574866310160427, 3.997270588235294
19.18048128342246, 2.808
30.047459893048128, 2.2422705882352942

0.0, 0.0
0.3870922459893048, 19.693655614973263
0.7233288770053476, 14.562327272727273
1.0, 12.383383957219252
1.5235294117647058, 10.033950802139037
5.204344919786096, 5.434883422459893
9.574866310160427, 4.025223529411765
19.18048128342246, 2.8276363636363637
30.047459893048128, 2.2579508021390375

0.0, 0.0
0.3870922459893048, 19.830417112299465
0.7233288770053476, 14.663454545454545
1.0, 12.469379679144385
1.5235294117647058, 10.103631016042781
5.204344919786096, 5.472625668449198
9.574866310160427, 4.053176470588236
19.18048128342246, 2.847272727272727
30.047459893048128, 2.273631016042781

0.0, 0.0
0.3870922459893048, 19.96717860962567
0.7233288770053476, 14.764581818181819
1.0, 12.555375401069519
1.5235294117647058, 10.173311229946524
5.204344919786096, 5.510367914438502
9.574866310160427, 4.081129411764706
19.18048128342246, 2.866909090909091
30.047459893048128, 2.289311229946524

0.0, 0.0
0.3870922459893048, 20.10394010695187
0.7233288770053476, 14.86570909090909
1.0, 12.641371122994652
1.5235294117647058, 10.242991443850267
5.204344919786096, 5.548110160427807
9.574866310160427, 4.109082352941177
19.18048128342246, 2.8865454545454545
30.047459893048128, 2.3049914438502674

0.0, 0.0
0.3870922459893048, 20.240701604278076
0.7233288770053476, 14.966836363636364
1.0, 12.727366844919786
1.5235294117647058, 10.312671657754011
5.204344919786096, 5.5858524064171124
9.574866310160427, 4.137035294117647
19.18048128342246, 2.906181818181818
30.047459893048128, 2.3206716577540107

0.0, 0.0
0.3870922459893048, 20.377463101604278
0.7233288770053476, 15.067963636363636
1.0, 12.81336256684492
1.5235294117647058, 10.382351871657754
5.204344919786096, 5.6235946524064175
9.574866310160427, 4.164988235294118
19.18048128342246, 2.925818181818182
30.047459893048128, 2.336351871657754

0.0, 0.0
0.3870922459893048, 20.514224598930483
0.7233288770053476, 15.16909090909091
1.0, 12.899358288770053
1.5235294117647058, 10.452032085561497
5.204344919786096, 5.661336898395722
9.574866310160427, 4.192941176470589
19.18048128342246, 2.9454545454545453
30.047459893048128, 2.3520320855614973

0.0, 0.0
0.3870922459893048, 20.650986096256684
0.7233288770053476, 15.270218181818182
1.0, 12.985354010695188
1.5235294117647058, 10.521712299465241
5.204344919786096, 5.699079144385027
9.574866310160427, 4.220894117647059
19.18048128342246, 2.965090909090909
30.047459893048128, 2.3677122994652406

0.0, 0.0
0.3870922459893048, 20.78774759358289
0.7233288770053476, 15.371345454545455
1.0, 13.071349732620321
1.5235294117647058, 10.591392513368984
5.204344919786096, 5.736821390374332
9.574866310160427, 4.24884705882353
19.18048128342246, 2.9847272727272727
30.047459893048128, 2.383392513368984

0.0, 0.0
0.3870922459893048, 20.92450909090909
0.7233288770053476, 15.472472727272727
1.0, 13.157345454545455
1.5235294117647058, 10.661072727272728
5.204344919786096, 5.774563636363636
9.574866310160427, 4.2768
19.18048128342246, 3.0043636363636366
30.047459893048128, 2.3990727272727272

0.0, 0.0
0.3870922459893048, 21.061270588235296
0.7233288770053476, 15.5736
1.0, 13.243341176470588
1.5235294117647058, 10.73075294117647
5.204344919786096, 5.812305882352941
9.574866310160427, 4.304752941176471
19.18048128342246, 3.024
30.047459893048128, 2.4147529411764705

0.0, 0.0
0.3870922459893048, 21.198032085561497
0.7233288770053476, 15.674727272727273
1.0, 13.329336898395722
1.5235294117647058, 10.800433155080214
5.204344919786096, 5.850048128342246
9.574866310160427, 4.332705882352941
19.18048128342246, 3.0436363636363635
30.047459893048128, 2.430433155080214

0.0, 0.0
0.3870922459893048, 21.334793582887702
0.7233288770053476, 15.775854545454546
1.0, 13.415332620320855
1.5235294117647058, 10.870113368983958
5.204344919786096, 5.8877903743315505
9.574866310160427, 4.360658823529412
19.18048128342246, 3.0632727272727274
30.047459893048128, 2.446113368983957

0.0, 0.0
0.3870922459893048, 21.471555080213903
0.7233288770053476, 15.876981818181818
1.0, 13.501328342245989
1.5235294117647058, 10.9397935828877
5.204344919786096, 5.925532620320856
9.574866310160427, 4.388611764705883
19.18048128342246, 3.082909090909091
30.047459893048128, 2.4617935828877004

0.0, 0.0
0.3870922459893048, 21.60831657754011
0.7233288770053476, 15.978109090909092
1.0, 13.587324064171122
1.5235294117647058, 11.009473796791443
5.204344919786096, 5.963274866310161
9.574866310160427, 4.416564705882353
19.18048128342246, 3.1025454545454547
30.047459893048128, 2.4774737967914437

0.0, 0.0
0.3870922459893048, 21.74507807486631
0.7233288770053476, 16.079236363636365
1.0, 13.673319786096256
1.5235294117647058, 11.079154010695188
5.204344919786096, 6.001017112299465
9.574866310160427, 4.444517647058824
19.18048128342246, 3.122181818181818
30.047459893048128, 2.493154010695187

0.0, 0.0
0.3870922459893048, 21.881839572192515
0.7233288770053476, 16.180363636363637
1.0, 13.759315508021391
1.5235294117647058, 11.14883422459893
5.204344919786096, 6.03875935828877
9.574866310160427, 4.472470588235294
19.18048128342246, 3.1418181818181816
30.047459893048128, 2.5088342245989304

0.0, 0.0
0.3870922459893048, 22.018601069518716
0.7233288770053476, 16.28149090909091
1.0, 13.845311229946525
1.5235294117647058, 11.218514438502673
5.204344919786096, 6.076501604278075
9.574866310160427, 4.500423529411765
19.18048128342246, 3.1614545454545455
30.047459893048128, 2.5245144385026737

0.0, 0.0
0.3870922459893048, 22.15536256684492
0.7233288770053476, 16.38261818181818
1.0, 13.931306951871658
1.5235294117647058, 11.288194652406418
5.204344919786096, 6.114243850267379
9.574866310160427, 4.528376470588236
19.18048128342246, 3.181090909090909
30.047459893048128, 2.540194652406417

0.0, 0.0
0.3870922459893048, 22.292124064171123
0.7233288770053476, 16.483745454545456
1.0, 14.017302673796792
1.5235294117647058, 11.35787486631016
5.204344919786096, 6.151986096256684
9.574866310160427, 4.556329411764706
19.18048128342246, 3.200727272727273
30.047459893048128, 2.5558748663101603

0.0, 0.0
0.3870922459893048, 22.428885561497328
0.7233288770053476, 16.584872727272728
1.0, 14.103298395721925
1.5235294117647058, 11.427555080213903
5.204344919786096, 6.1897283422459894
9.574866310160427, 4.584282352941177
19.18048128342246, 3.2203636363636363
30.047459893048128, 2.5715550802139036

0.0, 0.0
0.3870922459893048, 22.56564705882353
0.7233288770053476, 16.686
1.0, 14.189294117647059
1.5235294117647058, 11.497235294117647
5.204344919786096, 6.2274705882352945
9.574866310160427, 4.612235294117647
19.18048128342246, 3.24
30.047459893048128, 2.587235294117647

0.0, 0.0
0.3870922459893048, 22.70240855614973
0.7233288770053476, 16.787127272727272
1.0, 14.275289839572192
1.5235294117647058, 11.56691550802139
5.204344919786096, 6.265212834224599
9.574866310160427, 4.640188235294118
19.18048128342246, 3.2596363636363637
30.047459893048128, 2.60291550802139

0.0, 0.0
0.3870922459893048, 22.839170053475936
0.7233288770053476, 16.888254545454547
1.0, 14.361285561497326
1.5235294117647058, 11.636595721925133
5.204344919786096, 6.302955080213904
9.574866310160427, 4.668141176470588
19.18048128342246, 3.279272727272727
30.047459893048128, 2.618595721925134

0.0, 0.0
0.3870922459893048, 22.975931550802137
0.7233288770053476, 16.98938181818182
1.0, 14.447281283422459
1.5235294117647058, 11.706275935828877
5.204344919786096, 6.340697326203209
9.574866310160427, 4.696094117647059
19.18048128342246, 3.298909090909091
30.047459893048128, 2.634275935828877

0.0, 0.0
0.3870922459893048, 23.112693048128342
0.7233288770053476, 17.09050909090909
1.0, 14.533277005347594
1.5235294117647058, 11.77595614973262
5.204344919786096, 6.378439572192513
9.574866310160427, 4.72404705882353
19.18048128342246, 3.3185454545454545
30.047459893048128, 2.6499561497326205

0.0, 0.0
0.3870922459893048, 23.249454545454544
0.7233288770053476, 17.191636363636363
1.0, 14.619272727272728
1.5235294117647058, 11.845636363636364
5.204344919786096, 6.416181818181818
9.574866310160427, 4.752
19.18048128342246, 3.3381818181818184
30.047459893048128, 2.665636363636364

0.0, 0.0
0.3870922459893048, 23.38621604278075
0.7233288770053476, 17.292763636363638
1.0, 14.705268449197861
1.5235294117647058, 11.915316577540107
5.204344919786096, 6.453924064171123
9.574866310160427, 4.779952941176471
19.18048128342246, 3.357818181818182
30.047459893048128, 2.681316577540107

0.0, 0.0
0.3870922459893048, 23.52297754010695
0.7233288770053476, 17.39389090909091
1.0, 14.791264171122995
1.5235294117647058, 11.98499679144385
5.204344919786096, 6.4916663101604275
9.574866310160427, 4.807905882352941
19.18048128342246, 3.3774545454545453
30.047459893048128, 2.6969967914438504

0.0, 0.0
0.3870922459893048, 23.659739037433155
0.7233288770053476, 17.495018181818182
1.0, 14.877259893048128
1.5235294117647058, 12.054677005347594
5.204344919786096, 6.529408556149733
9.574866310160427, 4.835858823529412
19.18048128342246, 3.397090909090909
30.047459893048128, 2.7126770053475937

0.0, 0.0
0.3870922459893048, 23.796500534759357
0.7233288770053476, 17.596145454545454
1.0, 14.963255614973262
1.5235294117647058, 12.124357219251337
5.204344919786096, 6.567150802139038
9.574866310160427, 4.863811764705883
19.18048128342246, 3.4167272727272726
30.047459893048128, 2.728357219251337

0.0, 0.0
0.3870922459893048, 23.933262032085562
0.7233288770053476, 17.69727272727273
1.0, 15.049251336898395
1.5235294117647058, 12.19403743315508
5.204344919786096, 6.604893048128342
9.574866310160427, 4.891764705882353
19.18048128342246, 3.4363636363636365
30.047459893048128, 2.7440374331550803

0.0, 0.0
0.3870922459893048, 24.070023529411763
0.7233288770053476, 17.7984
1.0, 15.135247058823529
1.5235294117647058, 12.263717647058824
5.204344919786096, 6.642635294117647
9.574866310160427, 4.919717647058824
19.18048128342246, 3.456
30.047459893048128, 2.7597176470588236

0.0, 0.0
0.3870922459893048, 24.20678502673797
0.7233288770053476, 17.899527272727273
1.0, 15.221242780748662
1.5235294117647058, 12.333397860962567
5.204344919786096, 6.680377540106952
9.574866310160427, 4.947670588235294
19.18048128342246, 3.475636363636364
30.047459893048128, 2.775397860962567

0.0, 0.0
0.3870922459893048, 24.34354652406417
0.7233288770053476, 18.000654545454545
1.0, 15.307238502673798
1.5235294117647058, 12.40307807486631
5.204344919786096, 6.718119786096256
9.574866310160427, 4.975623529411765
19.18048128342246, 3.4952727272727273
30.047459893048128, 2.79107807486631

0.0, 0.0
0.3870922459893048, 24.480308021390375
0.7233288770053476, 18.101781818181816
1.0, 15.393234224598931
1.5235294117647058, 12.472758288770054
5.204344919786096, 6.755862032085561
9.574866310160427, 5.003576470588236
19.18048128342246, 3.5149090909090908
30.047459893048128, 2.8067582887700535

0.0, 0.0
0.3870922459893048, 24.617069518716576
0.7233288770053476, 18.202909090909092
1.0, 15.479229946524065
1.5235294117647058, 12.542438502673797
5.204344919786096, 6.793604278074866
9.574866310160427, 5.031529411764706
19.18048128342246, 3.5345454545454547
30.047459893048128, 2.822438502673797

0.0, 0.0
0.3870922459893048, 24.75383101604278
0.7233288770053476, 18.304036363636364
1.0, 15.565225668449198
1.5235294117647058, 12.61211871657754
5.204344919786096, 6.8313465240641715
9.574866310160427, 5.059482352941177
19.18048128342246, 3.554181818181818
30.047459893048128, 2.83811871657754

0.0, 0.0
0.3870922459893048, 24.890592513368983
0.7233288770053476, 18.405163636363636
1.0, 15.651221390374332
1.5235294117647058, 12.681798930481284
5.204344919786096, 6.869088770053476
9.574866310160427, 5.087435294117647
19.18048128342246, 3.573818181818182
30.047459893048128, 2.8537989304812834

0.0, 0.0
0.3870922459893048, 25.027354010695188
0.7233288770053476, 18.506290909090907
1.0, 15.737217112299465
1.5235294117647058, 12.751479144385026
5.204344919786096, 6.906831016042781
9.574866310160427, 5.115388235294118
19.18048128342246, 3.5934545454545455
30.047459893048128, 2.8694791443850267

0.0, 0.0
0.3870922459893048, 25.16411550802139
0.7233288770053476, 18.607418181818183
1.0, 15.823212834224599
1.5235294117647058, 12.82115935828877
5.204344919786096, 6.944573262032086
9.574866310160427, 5.143341176470588
19.18048128342246, 3.613090909090909
30.047459893048128, 2.88515935828877

0.0, 0.0
0.3870922459893048, 25.300877005347594
0.7233288770053476, 18.708545454545455
1.0, 15.909208556149732
1.5235294117647058, 12.890839572192514
5.204344919786096, 6.98231550802139
9.574866310160427, 5.171294117647059
19.18048128342246, 3.632727272727273
30.047459893048128, 2.9008395721925133

0.0, 0.0
0.3870922459893048, 25.437638502673796
0.7233288770053476, 18.809672727272726
1.0, 15.995204278074866
1.5235294117647058, 12.960519786096256
5.204344919786096, 7.020057754010695
9.574866310160427, 5.19924705882353
19.18048128342246, 3.6523636363636363
30.047459893048128, 2.9165197860962566

0.0, 0.0
0.3870922459893048, 25.5744
0.7233288770053476, 18.9108
1.0, 16.0812
1.5235294117647058, 13.0302
5.204344919786096, 7.0578
9.574866310160427, 5.2272
19.18048128342246, 3.672
30.047459893048128, 2.9322

0.0, 0.0
0.3870922459893048, 25.711161497326202
0.7233288770053476, 19.011927272727274
1.0, 16.167195721925133
1.5235294117647058, 13.099880213903743
5.204344919786096, 7.0955422459893045
9.574866310160427, 5.255152941176471
19.18048128342246, 3.6916363636363636
30.047459893048128, 2.947880213903743

0.0, 0.0
0.3870922459893048, 25.847922994652407
0.7233288770053476, 19.113054545454546
1.0, 16.253191443850266
1.5235294117647058, 13.169560427807486
5.204344919786096, 7.13328449197861
9.574866310160427, 5.283105882352941
19.18048128342246, 3.711272727272727
30.047459893048128, 2.9635604278074865

0.0, 0.0
0.3870922459893048, 25.98468449197861
0.7233288770053476, 19.214181818181817
1.0, 16.3391871657754
1.5235294117647058, 13.23924064171123
5.204344919786096, 7.171026737967915
9.574866310160427, 5.311058823529412
19.18048128342246, 3.730909090909091
30.047459893048128, 2.97924064171123

0.0, 0.0
0.3870922459893048, 26.121445989304814
0.7233288770053476, 19.31530909090909
1.0, 16.425182887700533
1.5235294117647058, 13.308920855614973
5.204344919786096, 7.208768983957219
9.574866310160427, 5.339011764705883
19.18048128342246, 3.7505454545454544
30.047459893048128, 2.994920855614973

0.0, 0.0
0.3870922459893048, 26.258207486631015
0.7233288770053476, 19.416436363636365
1.0, 16.51117860962567
1.5235294117647058, 13.378601069518716
5.204344919786096, 7.246511229946524
9.574866310160427, 5.366964705882353
19.18048128342246, 3.7701818181818183
30.047459893048128, 3.0106010695187164

0.0, 0.0
0.3870922459893048, 26.39496898395722
0.7233288770053476, 19.517563636363636
1.0, 16.597174331550804
1.5235294117647058, 13.44828128342246
5.204344919786096, 7.284253475935829
9.574866310160427, 5.394917647058824
19.18048128342246, 3.7898181818181818
30.047459893048128, 3.0262812834224597

0.0, 0.0
0.3870922459893048, 26.53173048128342
0.7233288770053476, 19.61869090909091
1.0, 16.683170053475937
1.5235294117647058, 13.517961497326203
5.204344919786096, 7.321995721925133
9.574866310160427, 5.422870588235294
19.18048128342246, 3.8094545454545456
30.047459893048128, 3.041961497326203

0.0, 0.0
0.3870922459893048, 26.668491978609627
0.7233288770053476, 19.71981818181818
1.0, 16.76916577540107
1.5235294117647058, 13.587641711229946
5.204344919786096, 7.359737967914438
9.574866310160427, 5.450823529411765
19.18048128342246, 3.829090909090909
30.047459893048128, 3.0576417112299463

0.0, 0.0
0.3870922459893048, 26.805253475935828
0.7233288770053476, 19.820945454545456
1.0, 16.855161497326204
1.5235294117647058, 13.65732192513369
5.204344919786096, 7.397480213903743
9.574866310160427, 5.478776470588235
19.18048128342246, 3.8487272727272726
30.047459893048128, 3.0733219251336896

0.0, 0.0
0.3870922459893048, 26.942014973262033
0.7233288770053476, 19.922072727272727
1.0, 16.941157219251338
1.5235294117647058, 13.727002139037433
5.204344919786096, 7.4352224598930485
9.574866310160427, 5.506729411764706
19.18048128342246, 3.8683636363636364
30.047459893048128, 3.0890021390374334

0.0, 0.0
0.3870922459893048, 27.078776470588235
0.7233288770053476, 20.0232
1.0, 17.02715294117647
1.5235294117647058, 13.796682352941177
5.204344919786096, 7.472964705882353
9.574866310160427, 5.534682352941177
19.18048128342246, 3.888
30.047459893048128, 3.1046823529411767

0.0, 0.0
0.3870922459893048, 27.21553796791444
0.7233288770053476, 20.12432727272727
1.0, 17.113148663101605
1.5235294117647058, 13.86636256684492
5.204344919786096, 7.510706951871658
9.574866310160427, 5.562635294117647
19.18048128342246, 3.907636363636364
30.047459893048128, 3.12036256684492

0.0, 0.0
0.3870922459893048, 27.35229946524064
0.7233288770053476, 20.225454545454546
1.0, 17.199144385026738
1.5235294117647058, 13.936042780748663
5.204344919786096, 7.548449197860963
9.574866310160427, 5.590588235294118
19.18048128342246, 3.9272727272727272
30.047459893048128, 3.1360427807486633

0.0, 0.0
0.3870922459893048, 27.489060962566846
0.7233288770053476, 20.32658181818182
1.0, 17.28514010695187
1.5235294117647058, 14.005722994652407
5.204344919786096, 7.586191443850267
9.574866310160427, 5.618541176470588
19.18048128342246, 3.9469090909090907
30.047459893048128, 3.1517229946524066

0.0, 0.0
0.3870922459893048, 27.625822459893048
0.7233288770053476, 20.42770909090909
1.0, 17.371135828877005
1.5235294117647058, 14.07540320855615
5.204344919786096, 7.623933689839572
9.574866310160427, 5.646494117647059
19.18048128342246, 3.9665454545454546
30.047459893048128, 3.16740320855615

0.0, 0.0
0.3870922459893048, 27.762583957219253
0.7233288770053476, 20.528836363636362
1.0, 17.45713155080214
1.5235294117647058, 14.145083422459892
5.204344919786096, 7.661675935828877
9.574866310160427, 5.67444705882353
19.18048128342246, 3.986181818181818
30.047459893048128, 3.183083422459893

0.0, 0.0
0.3870922459893048, 27.899345454545454
0.7233288770053476, 20.629963636363637
1.0, 17.543127272727272
1.5235294117647058, 14.214763636363637
5.204344919786096, 7.6994181818181815
9.574866310160427, 5.7024
19.18048128342246, 4.0058181818181815
30.047459893048128, 3.1987636363636365

0.0, 0.0
0.3870922459893048, 28.03610695187166
0.7233288770053476, 20.73109090909091
1.0, 17.629122994652406
1.5235294117647058, 14.28444385026738
5.204344919786096, 7.737160427807487
9.574866310160427, 5.730352941176471
19.18048128342246, 4.025454545454545
30.047459893048128, 3.2144438502673798

0.0, 0.0
0.3870922459893048, 28.17286844919786
0.7233288770053476, 20.83221818181818
1.0, 17.71511871657754
1.5235294117647058, 14.354124064171122
5.204344919786096, 7.774902673796792
9.574866310160427, 5.758305882352941
19.18048128342246, 4.045090909090909
30.047459893048128, 3.230124064171123

0.0, 0.0
0.3870922459893048, 28.309629946524066
0.7233288770053476, 20.933345454545453
1.0, 17.801114438502672
1.5235294117647058, 14.423804278074867
5.204344919786096, 7.812644919786096
9.574866310160427, 5.786258823529412
19.18048128342246, 4.064727272727272
30.047459893048128, 3.2458042780748664

0.0, 0.0
0.3870922459893048, 28.446391443850267
0.7233288770053476, 21.03447272727273
1.0, 17.887110160427806
1.5235294117647058, 14.49348449197861
5.204344919786096, 7.850387165775401
9.574866310160427, 5.814211764705882
19.18048128342246, 4.084363636363636
30.047459893048128, 3.2614844919786097

0.0, 0.0
0.3870922459893048, 28.583152941176472
0.7233288770053476, 21.1356
1.0, 17.97310588235294
1.5235294117647058, 14.563164705882352
5.204344919786096, 7.888129411764706
9.574866310160427, 5.842164705882353
19.18048128342246, 4.104
30.047459893048128, 3.277164705882353

0.0, 0.0
0.3870922459893048, 28.719914438502673
0.7233288770053476, 21.236727272727272
1.0, 18.059101604278077
1.5235294117647058, 14.632844919786097
5.204344919786096, 7.92587165775401
9.574866310160427, 5.870117647058824
19.18048128342246, 4.123636363636364
30.047459893048128, 3.2928449197860963

0.0, 0.0
0.3870922459893048, 28.85667593582888
0.7233288770053476, 21.337854545454544
1.0, 18.14509732620321
1.5235294117647058, 14.70252513368984
5.204344919786096, 7.963613903743315
9.574866310160427, 5.898070588235294
19.18048128342246, 4.143272727272727
30.047459893048128, 3.3085251336898396

0.0, 0.0
0.3870922459893048, 28.99343743315508
0.7233288770053476, 21.43898181818182
1.0, 18.231093048128344
1.5235294117647058, 14.772205347593584
5.204344919786096, 8.00135614973262
9.574866310160427, 5.926023529411765
19.18048128342246, 4.162909090909091
30.047459893048128, 3.324205347593583

0.0, 0.0
0.3870922459893048, 29.130198930481285
0.7233288770053476, 21.54010909090909
1.0, 18.317088770053477
1.5235294117647058, 14.841885561497326
5.204344919786096, 8.039098395721926
9.574866310160427, 5.953976470588235
19.18048128342246, 4.182545454545455
30.047459893048128, 3.339885561497326

0.0, 0.0
0.3870922459893048, 29.266960427807486
0.7233288770053476, 21.641236363636363
1.0, 18.40308449197861
1.5235294117647058, 14.911565775401069
5.204344919786096, 8.07684064171123
9.574866310160427, 5.981929411764706
19.18048128342246, 4.202181818181818
30.047459893048128, 3.3555657754010695

0.0, 0.0
0.3870922459893048, 29.40372192513369
0.7233288770053476, 21.742363636363635
1.0, 18.489080213903744
1.5235294117647058, 14.981245989304814
5.204344919786096, 8.114582887700534
9.574866310160427, 6.009882352941177
19.18048128342246, 4.221818181818182
30.047459893048128, 3.371245989304813

0.0, 0.0
0.3870922459893048, 29.540483422459893
0.7233288770053476, 21.84349090909091
1.0, 18.575075935828878
1.5235294117647058, 15.050926203208556
5.204344919786096, 8.152325133689839
9.574866310160427, 6.037835294117647
19.18048128342246, 4.241454545454546
30.047459893048128, 3.386926203208556

0.0, 0.0
0.3870922459893048, 29.677244919786098
0.7233288770053476, 21.944618181818182
1.0, 18.66107165775401
1.5235294117647058, 15.120606417112299
5.204344919786096, 8.190067379679144
9.574866310160427, 6.065788235294118
19.18048128342246, 4.2610909090909095
30.047459893048128, 3.4026064171122994

0.0, 0.0
0.3870922459893048, 29.8140064171123
0.7233288770053476, 22.045745454545454
1.0, 18.747067379679144
1.5235294117647058, 15.190286631016043
5.204344919786096, 8.22780962566845
9.574866310160427, 6.093741176470588
19.18048128342246, 4.2807272727272725
30.047459893048128, 3.4182866310160427

0.0, 0.0
0.3870922459893048, 29.950767914438504
0.7233288770053476, 22.146872727272726
1.0, 18.833063101604278
1.5235294117647058, 15.259966844919786
5.204344919786096, 8.265551871657754
9.574866310160427, 6.121694117647059
19.18048128342246, 4.300363636363636
30.047459893048128, 3.433966844919786

0.0, 0.0
0.3870922459893048, 30.087529411764706
0.7233288770053476, 22.248
1.0, 18.91905882352941
1.5235294117647058, 15.329647058823529
5.204344919786096, 8.30329411764706
9.574866310160427, 6.149647058823529
19.18048128342246, 4.32
30.047459893048128, 3.4496470588235293

0.0, 0.0
0.3870922459893048, 30.224290909090907
0.7233288770053476, 22.349127272727273
1.0, 19.005054545454545
1.5235294117647058, 15.399327272727273
5.204344919786096, 8.341036363636364
9.574866310160427, 6.1776
19.18048128342246, 4.339636363636363
30.047459893048128, 3.4653272727272726

0.0, 0.0
0.3870922459893048, 30.361052406417112
0.7233288770053476, 22.450254545454545
1.0, 19.09105026737968
1.5235294117647058, 15.469007486631016
5.204344919786096, 8.378778609625668
9.574866310160427, 6.205552941176471
19.18048128342246, 4.359272727272727
30.047459893048128, 3.481007486631016

0.0, 0.0
0.3870922459893048, 30.497813903743314
0.7233288770053476, 22.551381818181817
1.0, 19.177045989304812
1.5235294117647058, 15.538687700534759
5.204344919786096, 8.416520855614973
9.574866310160427, 6.233505882352941
19.18048128342246, 4.378909090909091
30.047459893048128, 3.496687700534759

0.0, 0.0
0.3870922459893048, 30.63457540106952
0.7233288770053476, 22.652509090909092
1.0, 19.263041711229945
1.5235294117647058, 15.608367914438503
5.204344919786096, 8.454263101604278
9.574866310160427, 6.261458823529412
19.18048128342246, 4.398545454545455
30.047459893048128, 3.5123679144385025

0.0, 0.0
0.3870922459893048, 30.77133689839572
0.7233288770053476, 22.753636363636364
1.0, 19.34903743315508
1.5235294117647058, 15.678048128342246
5.204344919786096, 8.492005347593583
9.574866310160427, 6.289411764705882
19.18048128342246, 4.418181818181818
30.047459893048128, 3.528048128342246

0.0, 0.0
0.3870922459893048, 30.908098395721925
0.7233288770053476, 22.854763636363636
1.0, 19.435033155080212
1.5235294117647058, 15.74772834224599
5.204344919786096, 8.529747593582888
9.574866310160427, 6.317364705882353
19.18048128342246, 4.437818181818182
30.047459893048128, 3.543728342245989

0.0, 0.0
0.3870922459893048, 31.044859893048127
0.7233288770053476, 22.955890909090908
1.0, 19.521028877005346
1.5235294117647058, 15.817408556149733
5.204344919786096, 8.567489839572193
9.574866310160427, 6.345317647058824
19.18048128342246, 4.457454545454546
30.047459893048128, 3.559408556149733

0.0, 0.0
0.3870922459893048, 31.181621390374332
0.7233288770053476, 23.057018181818183
1.0, 19.607024598930483
1.5235294117647058, 15.887088770053476
5.204344919786096, 8.605232085561497
9.574866310160427, 6.373270588235294
19.18048128342246, 4.477090909090909
30.047459893048128, 3.575088770053476

0.0, 0.0
0.3870922459893048, 31.318382887700533
0.7233288770053476, 23.158145454545455
1.0, 19.693020320855616
1.5235294117647058, 15.95676898395722
5.204344919786096, 8.642974331550802
9.574866310160427, 6.401223529411765
19.18048128342246, 4.496727272727273
30.047459893048128, 3.5907689839572194

0.0, 0.0
0.3870922459893048, 31.45514438502674
0.7233288770053476, 23.259272727272727
1.0, 19.77901604278075
1.5235294117647058, 16.026449197860963
5.204344919786096, 8.680716577540107
9.574866310160427, 6.429176470588235
19.18048128342246, 4.516363636363637
30.047459893048128, 3.6064491978609627

0.0, 0.0
0.3870922459893048, 31.59190588235294
0.7233288770053476, 23.3604
1.0, 19.865011764705883
1.5235294117647058, 16.096129411764707
5.204344919786096, 8.718458823529412
9.574866310160427, 6.457129411764706
19.18048128342246, 4.536
30.047459893048128, 3.622129411764706

0.0, 0.0
0.3870922459893048, 31.728667379679145
0.7233288770053476, 23.461527272727274
1.0, 19.951007486631017
1.5235294117647058, 16.165809625668448
5.204344919786096, 8.756201069518717
9.574866310160427, 6.485082352941176
19.18048128342246, 4.5556363636363635
30.047459893048128, 3.6378096256684493

0.0, 0.0
0.3870922459893048, 31.865428877005346
0.7233288770053476, 23.562654545454546
1.0, 20.03700320855615
1.5235294117647058, 16.235489839572192
5.204344919786096, 8.793943315508022
9.574866310160427, 6.513035294117647
19.18048128342246, 4.575272727272727
30.047459893048128, 3.6534898395721926

0.0, 0.0
0.3870922459893048, 32.00219037433155
0.7233288770053476, 23.663781818181818
1.0, 20.122998930481284
1.5235294117647058, 16.305170053475937
5.204344919786096, 8.831685561497327
9.574866310160427, 6.540988235294118
19.18048128342246, 4.594909090909091
30.047459893048128, 3.669170053475936

0.0, 0.0
0.3870922459893048, 32.13895187165775
0.7233288770053476, 23.76490909090909
1.0, 20.208994652406417
1.5235294117647058, 16.374850267379678
5.204344919786096, 8.86942780748663
9.574866310160427, 6.568941176470588
19.18048128342246, 4.614545454545454
30.047459893048128, 3.6848502673796792

0.0, 0.0
0.3870922459893048, 32.27571336898396
0.7233288770053476, 23.866036363636365
1.0, 20.29499037433155
1.5235294117647058, 16.444530481283422
5.204344919786096, 8.907170053475935
9.574866310160427, 6.596894117647059
19.18048128342246, 4.634181818181818
30.047459893048128, 3.7005304812834225

0.0, 0.0
0.3870922459893048, 32.41247486631016
0.7233288770053476, 23.967163636363637
1.0, 20.380986096256684
1.5235294117647058, 16.514210695187167
5.204344919786096, 8.94491229946524
9.574866310160427, 6.624847058823529
19.18048128342246, 4.653818181818182
30.047459893048128, 3.716210695187166

0.0, 0.0
0.3870922459893048, 32.54923636363636
0.7233288770053476, 24.06829090909091
1.0, 20.466981818181818
1.5235294117647058, 16.583890909090908
5.204344919786096, 8.982654545454546
9.574866310160427, 6.6528
19.18048128342246, 4.673454545454545
30.047459893048128, 3.731890909090909

0.0, 0.0
0.3870922459893048, 32.685997860962566
0.7233288770053476, 24.16941818181818
1.0, 20.55297754010695
1.5235294117647058, 16.653571122994652
5.204344919786096, 9.02039679144385
9.574866310160427, 6.680752941176471
19.18048128342246, 4.693090909090909
30.047459893048128, 3.7475711229946524

0.0, 0.0
0.3870922459893048, 32.82275935828877
0.7233288770053476, 24.270545454545456
1.0, 20.638973262032085
1.5235294117647058, 16.723251336898397
5.204344919786096, 9.058139037433156
9.574866310160427, 6.708705882352941
19.18048128342246, 4.712727272727273
30.047459893048128, 3.7632513368983957

0.0, 0.0
0.3870922459893048, 32.959520855614976
0.7233288770053476, 24.371672727272728
1.0, 20.72496898395722
1.5235294117647058, 16.792931550802138
5.204344919786096, 9.09588128342246
9.574866310160427, 6.736658823529412
19.18048128342246, 4.732363636363637
30.047459893048128, 3.778931550802139

0.0, 0.0
0.3870922459893048, 33.096282352941174
0.7233288770053476, 24.4728
1.0, 20.810964705882352
1.5235294117647058, 16.862611764705882
5.204344919786096, 9.133623529411764
9.574866310160427, 6.764611764705882
19.18048128342246, 4.752
30.047459893048128, 3.7946117647058824

0.0, 0.0
0.3870922459893048, 33.23304385026738
0.7233288770053476, 24.57392727272727
1.0, 20.896960427807485
1.5235294117647058, 16.932291978609626
5.204344919786096, 9.17136577540107
9.574866310160427, 6.792564705882353
19.18048128342246, 4.771636363636364
30.047459893048128, 3.8102919786096257

0.0, 0.0
0.3870922459893048, 33.369805347593584
0.7233288770053476, 24.675054545454547
1.0, 20.98295614973262
1.5235294117647058, 17.001972192513367
5.204344919786096, 9.209108021390374
9.574866310160427, 6.820517647058823
19.18048128342246, 4.791272727272728
30.047459893048128, 3.825972192513369

0.0, 0.0
0.3870922459893048, 33.50656684491979
0.7233288770053476, 24.77618181818182
1.0, 21.068951871657752
1.5235294117647058, 17.071652406417112
5.204344919786096, 9.24685026737968
9.574866310160427, 6.848470588235294
19.18048128342246, 4.810909090909091
30.047459893048128, 3.8416524064171123

0.0, 0.0
0.3870922459893048, 33.64332834224599
0.7233288770053476, 24.87730909090909
1.0, 21.15494759358289
1.5235294117647058, 17.141332620320856
5.204344919786096, 9.284592513368985
9.574866310160427, 6.876423529411765
19.18048128342246, 4.8305454545454545
30.047459893048128, 3.8573326203208556

0.0, 0.0
0.3870922459893048, 33.78008983957219
0.7233288770053476, 24.978436363636362
1.0, 21.240943315508023
1.5235294117647058, 17.211012834224597
5.204344919786096, 9.322334759358288
9.574866310160427, 6.904376470588235
19.18048128342246, 4.850181818181818
30.047459893048128, 3.873012834224599

0.0, 0.0
0.3870922459893048, 33.9168513368984
0.7233288770053476, 25.079563636363638
1.0, 21.326939037433156
1.5235294117647058, 17.28069304812834
5.204344919786096, 9.360077005347593
9.574866310160427, 6.932329411764706
19.18048128342246, 4.869818181818181
30.047459893048128, 3.888693048128342

0.0, 0.0
0.3870922459893048, 34.0536128342246
0.7233288770053476, 25.18069090909091
1.0, 21.41293475935829
1.5235294117647058, 17.350373262032086
5.204344919786096, 9.397819251336898
9.574866310160427, 6.960282352941176
19.18048128342246, 4.889454545454545
30.047459893048128, 3.9043732620320855

0.0, 0.0
0.3870922459893048, 34.1903743315508
0.7233288770053476, 25.28181818181818
1.0, 21.498930481283423
1.5235294117647058, 17.42005347593583
5.204344919786096, 9.435561497326203
9.574866310160427, 6.988235294117647
19.18048128342246, 4.909090909090909
30.047459893048128, 3.9200534759358288

0.0, 0.0
0.3870922459893048, 34.327135828877005
0.7233288770053476, 25.382945454545453
1.0, 21.584926203208557
1.5235294117647058, 17.48973368983957
5.204344919786096, 9.473303743315508
9.574866310160427, 7.016188235294118
19.18048128342246, 4.928727272727273
30.047459893048128, 3.935733689839572

0.0, 0.0
0.3870922459893048, 34.46389732620321
0.7233288770053476, 25.48407272727273
1.0, 21.67092192513369
1.5235294117647058, 17.559413903743316
5.204344919786096, 9.511045989304813
9.574866310160427, 7.044141176470588
19.18048128342246, 4.948363636363636
30.047459893048128, 3.9514139037433154

0.0, 0.0
0.3870922459893048, 34.600658823529415
0.7233288770053476, 25.5852
1.0, 21.756917647058824
1.5235294117647058, 17.62909411764706
5.204344919786096, 9.548788235294118
9.574866310160427, 7.072094117647059
19.18048128342246, 4.968
30.047459893048128, 3.9670941176470587

0.0, 0.0
0.3870922459893048, 34.73742032085561
0.7233288770053476, 25.686327272727272
1.0, 21.842913368983957
1.5235294117647058, 17.6987743315508
5.204344919786096, 9.586530481283422
9.574866310160427, 7.100047058823529
19.18048128342246, 4.987636363636364
30.047459893048128, 3.982774331550802

0.0, 0.0
0.3870922459893048, 34.87418181818182
0.7233288770053476, 25.787454545454544
1.0, 21.92890909090909
1.5235294117647058, 17.768454545454546
5.204344919786096, 9.624272727272727
9.574866310160427, 7.128
19.18048128342246, 5.007272727272727
30.047459893048128, 3.9984545454545453

0.0, 0.0
0.3870922459893048, 35.01094331550802
0.7233288770053476, 25.88858181818182
1.0, 22.014904812834224
1.5235294117647058, 17.83813475935829
5.204344919786096, 9.662014973262032
9.574866310160427, 7.15595294117647
19.18048128342246, 5.026909090909091
30.047459893048128, 4.014134759358289

0.0, 0.0
0.3870922459893048, 35.14770481283423
0.7233288770053476, 25.98970909090909
1.0, 22.100900534759358
1.5235294117647058, 17.90781497326203
5.204344919786096, 9.699757219251337
9.574866310160427, 7.183905882352941
19.18048128342246, 5.046545454545455
30.047459893048128, 4.029814973262032

0.0, 0.0
0.3870922459893048, 35.284466310160425
0.7233288770053476, 26.090836363636363
1.0, 22.18689625668449
1.5235294117647058, 17.977495187165776
5.204344919786096, 9.737499465240642
9.574866310160427, 7.211858823529412
19.18048128342246, 5.066181818181819
30.047459893048128, 4.045495187165775

0.0, 0.0
0.3870922459893048, 35.42122780748663
0.7233288770053476, 26.191963636363635
1.0, 22.272891978609625
1.5235294117647058, 18.04717540106952
5.204344919786096, 9.775241711229947
9.574866310160427, 7.239811764705882
19.18048128342246, 5.085818181818182
30.047459893048128, 4.0611754010695185

0.0, 0.0
0.3870922459893048, 35.557989304812835
0.7233288770053476, 26.29309090909091
1.0, 22.35888770053476
1.5235294117647058, 18.11685561497326
5.204344919786096, 9.81298395721925
9.574866310160427, 7.267764705882353
19.18048128342246, 5.1054545454545455
30.047459893048128, 4.076855614973262

0.0, 0.0
0.3870922459893048, 35.69475080213904
0.7233288770053476, 26.394218181818182
1.0, 22.444883422459892
1.5235294117647058, 18.186535828877005
5.204344919786096, 9.850726203208556
9.574866310160427, 7.295717647058823
19.18048128342246, 5.125090909090909
30.047459893048128, 4.092535828877005

0.0, 0.0
0.3870922459893048, 35.83151229946524
0.7233288770053476, 26.495345454545454
1.0, 22.530879144385025
1.5235294117647058, 18.25621604278075
5.204344919786096, 9.88846844919786
9.574866310160427, 7.323670588235294
19.18048128342246, 5.144727272727272
30.047459893048128, 4.108216042780748

0.0, 0.0
0.3870922459893048, 35.96827379679144
0.7233288770053476, 26.596472727272726
1.0, 22.61687486631016
1.5235294117647058, 18.32589625668449
5.204344919786096, 9.926210695187166
9.574866310160427, 7.351623529411765
19.18048128342246, 5.164363636363636
30.047459893048128, 4.123896256684492

0.0, 0.0
0.3870922459893048, 36.10503529411765
0.7233288770053476, 26.6976
1.0, 22.702870588235292
1.5235294117647058, 18.395576470588235
5.204344919786096, 9.963952941176471
9.574866310160427, 7.379576470588235
19.18048128342246, 5.184
30.047459893048128, 4.139576470588235

0.0, 0.0
0.3870922459893048, 36.24179679144385
0.7233288770053476, 26.798727272727273
1.0, 22.78886631016043
1.5235294117647058, 18.46525668449198
5.204344919786096, 10.001695187165776
9.574866310160427, 7.407529411764706
19.18048128342246, 5.203636363636364
30.047459893048128, 4.155256684491978

0.0, 0.0
0.3870922459893048, 36.37855828877005
0.7233288770053476, 26.899854545454545
1.0, 22.874862032085563
1.5235294117647058, 18.53493689839572
5.204344919786096, 10.039437433155081
9.574866310160427, 7.435482352941176
19.18048128342246, 5.223272727272727
30.047459893048128, 4.170936898395722

0.0, 0.0
0.3870922459893048, 36.515319786096256
0.7233288770053476, 27.000981818181817
1.0, 22.960857754010696
1.5235294117647058, 18.604617112299465
5.204344919786096, 10.077179679144384
9.574866310160427, 7.463435294117647
19.18048128342246, 5.242909090909091
30.047459893048128, 4.186617112299465

0.0, 0.0
0.3870922459893048, 36.65208128342246
0.7233288770053476, 27.102109090909092
1.0, 23.04685347593583
1.5235294117647058, 18.67429732620321
5.204344919786096, 10.11492192513369
9.574866310160427, 7.491388235294117
19.18048128342246, 5.262545454545455
30.047459893048128, 4.202297326203208

0.0, 0.0
0.3870922459893048, 36.788842780748666
0.7233288770053476, 27.203236363636364
1.0, 23.132849197860963
1.5235294117647058, 18.74397754010695
5.204344919786096, 10.152664171122995
9.574866310160427, 7.519341176470588
19.18048128342246, 5.282181818181818
30.047459893048128, 4.2179775401069515

0.0, 0.0
0.3870922459893048, 36.925604278074864
0.7233288770053476, 27.304363636363636
1.0, 23.218844919786097
1.5235294117647058, 18.813657754010695
5.204344919786096, 10.1904064171123
9.574866310160427, 7.547294117647059
19.18048128342246, 5.301818181818182
30.047459893048128, 4.233657754010695

0.0, 0.0
0.3870922459893048, 37.06236577540107
0.7233288770053476, 27.405490909090908
1.0, 23.30484064171123
1.5235294117647058, 18.88333796791444
5.204344919786096, 10.228148663101605
9.574866310160427, 7.575247058823529
19.18048128342246, 5.321454545454546
30.047459893048128, 4.249337967914438

0.0, 0.0
0.3870922459893048, 37.199127272727274
0.7233288770053476, 27.506618181818183
1.0, 23.390836363636364
1.5235294117647058, 18.95301818181818
5.204344919786096, 10.26589090909091
9.574866310160427, 7.6032
19.18048128342246, 5.341090909090909
30.047459893048128, 4.265018181818181

0.0, 0.0
0.3870922459893048, 37.33588877005348
0.7233288770053476, 27.607745454545455
1.0, 23.476832085561497
1.5235294117647058, 19.022698395721925
5.204344919786096, 10.303633155080213
9.574866310160427, 7.63115294117647
19.18048128342246, 5.360727272727273
30.047459893048128, 4.280698395721926

0.0, 0.0
0.3870922459893048, 37.47265026737968
0.7233288770053476, 27.708872727272727
1.0, 23.56282780748663
1.5235294117647058, 19.09237860962567
5.204344919786096, 10.341375401069518
9.574866310160427, 7.659105882352941
19.18048128342246, 5.3803636363636365
30.047459893048128, 4.296378609625669

0.0, 0.0
0.3870922459893048, 37.60941176470588
0.7233288770053476, 27.81
1.0, 23.648823529411764
1.5235294117647058, 19.16205882352941
5.204344919786096, 10.379117647058823
9.574866310160427, 7.687058823529412
19.18048128342246, 5.4
30.047459893048128, 4.312058823529412

0.0, 0.0
0.3870922459893048, 37.74617326203209
0.7233288770053476, 27.911127272727274
1.0, 23.734819251336898
1.5235294117647058, 19.231739037433154
5.204344919786096, 10.416859893048128
9.574866310160427, 7.715011764705882
19.18048128342246, 5.419636363636363
30.047459893048128, 4.3277390374331555

0.0, 0.0
0.3870922459893048, 37.882934759358285
0.7233288770053476, 28.012254545454546
1.0, 23.82081497326203
1.5235294117647058, 19.3014192513369
5.204344919786096, 10.454602139037434
9.574866310160427, 7.742964705882353
19.18048128342246, 5.439272727272727
30.047459893048128, 4.343419251336899

0.0, 0.0
0.3870922459893048, 38.01969625668449
0.7233288770053476, 28.113381818181818
1.0, 23.906810695187165
1.5235294117647058, 19.371099465240643
5.204344919786096, 10.492344385026739
9.574866310160427, 7.770917647058823
19.18048128342246, 5.458909090909091
30.047459893048128, 4.359099465240642

0.0, 0.0
0.3870922459893048, 38.156457754010695
0.7233288770053476, 28.21450909090909
1.0, 23.9928064171123
1.5235294117647058, 19.440779679144384
5.204344919786096, 10.530086631016042
9.574866310160427, 7.798870588235294
19.18048128342246, 5.478545454545454
30.047459893048128, 4.374779679144385

0.0, 0.0
0.3870922459893048, 38.2932192513369
0.7233288770053476, 28.315636363636365
1.0, 24.078802139037432
1.5235294117647058, 19.51045989304813
5.204344919786096, 10.567828877005347
9.574866310160427, 7.826823529411764
19.18048128342246, 5.498181818181818
30.047459893048128, 4.390459893048129

0.0, 0.0
0.3870922459893048, 38.4299807486631
0.7233288770053476, 28.416763636363637
1.0, 24.164797860962565
1.5235294117647058, 19.580140106951873
5.204344919786096, 10.605571122994652
9.574866310160427, 7.854776470588235
19.18048128342246, 5.517818181818182
30.047459893048128, 4.406140106951872

0.0, 0.0
0.3870922459893048, 38.5667422459893
0.7233288770053476, 28.51789090909091
1.0, 24.2507935828877
1.5235294117647058, 19.649820320855614
5.204344919786096, 10.643313368983957
9.574866310160427, 7.882729411764706
19.18048128342246, 5.537454545454546
30.047459893048128, 4.421820320855615

0.0, 0.0
0.3870922459893048, 38.70350374331551
0.7233288770053476, 28.61901818181818
1.0, 24.336789304812836
1.5235294117647058, 19.71950053475936
5.204344919786096, 10.681055614973262
9.574866310160427, 7.910682352941176
19.18048128342246, 5.557090909090909
30.047459893048128, 4.437500534759359

0.0, 0.0
0.3870922459893048, 38.84026524064171
0.7233288770053476, 28.720145454545456
1.0, 24.42278502673797
1.5235294117647058, 19.789180748663103
5.204344919786096, 10.718797860962567
9.574866310160427, 7.938635294117647
19.18048128342246, 5.576727272727273
30.047459893048128, 4.453180748663102

0.0, 0.0
0.3870922459893048, 38.97702673796791
0.7233288770053476, 28.821272727272728
1.0, 24.508780748663103
1.5235294117647058, 19.858860962566844
5.204344919786096, 10.756540106951872
9.574866310160427, 7.966588235294117
19.18048128342246, 5.596363636363637
30.047459893048128, 4.468860962566845

0.0, 0.0
0.3870922459893048, 39.113788235294116
0.7233288770053476, 28.9224
1.0, 24.594776470588236
1.5235294117647058, 19.92854117647059
5.204344919786096, 10.794282352941176
9.574866310160427, 7.994541176470588
19.18048128342246, 5.616
30.047459893048128, 4.4845411764705885

0.0, 0.0
0.3870922459893048, 39.25054973262032
0.7233288770053476, 29.02352727272727
1.0, 24.68077219251337
1.5235294117647058, 19.998221390374333
5.204344919786096, 10.83202459893048
9.574866310160427, 8.022494117647058
19.18048128342246, 5.6356363636363636
30.047459893048128, 4.500221390374332

0.0, 0.0
0.3870922459893048, 39.387311229946526
0.7233288770053476, 29.124654545454547
1.0, 24.766767914438503
1.5235294117647058, 20.067901604278074
5.204344919786096, 10.869766844919786
9.574866310160427, 8.05044705882353
19.18048128342246, 5.6552727272727275
30.047459893048128, 4.515901604278075

0.0, 0.0
0.3870922459893048, 39.524072727272724
0.7233288770053476, 29.22578181818182
1.0, 24.852763636363637
1.5235294117647058, 20.13758181818182
5.204344919786096, 10.907509090909091
9.574866310160427, 8.0784
19.18048128342246, 5.674909090909091
30.047459893048128, 4.531581818181818

0.0, 0.0
0.3870922459893048, 39.66083422459893
0.7233288770053476, 29.32690909090909
1.0, 24.93875935828877
1.5235294117647058, 20.207262032085563
5.204344919786096, 10.945251336898396
9.574866310160427, 8.106352941176471
19.18048128342246, 5.694545454545454
30.047459893048128, 4.547262032085562

0.0, 0.0
0.3870922459893048, 39.797595721925134
0.7233288770053476, 29.428036363636362
1.0, 25.024755080213904
1.5235294117647058, 20.276942245989304
5.204344919786096, 10.982993582887701
9.574866310160427, 8.13430588235294
19.18048128342246, 5.714181818181818
30.047459893048128, 4.562942245989305

0.0, 0.0
0.3870922459893048, 39.93435721925134
0.7233288770053476, 29.529163636363638
1.0, 25.110750802139037
1.5235294117647058, 20.346622459893048
5.204344919786096, 11.020735828877005
9.574866310160427, 8.162258823529411
19.18048128342246, 5.733818181818182
30.047459893048128, 4.578622459893048

0.0, 0.0
0.3870922459893048, 40.07111871657754
0.7233288770053476, 29.63029090909091
1.0, 25.19674652406417
1.5235294117647058, 20.416302673796793
5.204344919786096, 11.05847807486631
9.574866310160427, 8.190211764705882
19.18048128342246, 5.753454545454545
30.047459893048128, 4.594302673796792

0.0, 0.0
0.3870922459893048, 40.20788021390374
0.7233288770053476, 29.73141818181818
1.0, 25.282742245989304
1.5235294117647058, 20.485982887700533
5.204344919786096, 11.096220320855615
9.574866310160427, 8.218164705882353
19.18048128342246, 5.773090909090909
30.047459893048128, 4.609982887700535

0.0, 0.0
0.3870922459893048, 40.34464171122995
0.7233288770053476, 29.832545454545453
1.0, 25.368737967914438
1.5235294117647058, 20.555663101604278
5.204344919786096, 11.13396256684492
9.574866310160427, 8.246117647058824
19.18048128342246, 5.792727272727273
30.047459893048128, 4.625663101604278

0.0, 0.0
0.3870922459893048, 40.48140320855615
0.7233288770053476, 29.93367272727273
1.0, 25.45473368983957
1.5235294117647058, 20.625343315508022
5.204344919786096, 11.171704812834225
9.574866310160427, 8.274070588235293
19.18048128342246, 5.812363636363636
30.047459893048128, 4.6413433155080215

0.0, 0.0
0.3870922459893048, 40.61816470588235
0.7233288770053476, 30.0348
1.0, 25.540729411764705
1.5235294117647058, 20.695023529411763
5.204344919786096, 11.20944705882353
9.574866310160427, 8.302023529411764
19.18048128342246, 5.832
30.047459893048128, 4.657023529411765

0.0, 0.0
0.3870922459893048, 40.754926203208555
0.7233288770053476, 30.135927272727272
1.0, 25.62672513368984
1.5235294117647058, 20.764703743315508
5.204344919786096, 11.247189304812835
9.574866310160427, 8.329976470588235
19.18048128342246, 5.851636363636364
30.047459893048128, 4.672703743315508

0.0, 0.0
0.3870922459893048, 40.89168770053476
0.7233288770053476, 30.237054545454544
1.0, 25.712720855614972
1.5235294117647058, 20.834383957219252
5.204344919786096, 11.284931550802138
9.574866310160427, 8.357929411764706
19.18048128342246, 5.871272727272728
30.047459893048128, 4.688383957219251

0.0, 0.0
0.3870922459893048, 41.028449197860965
0.7233288770053476, 30.33818181818182
1.0, 25.798716577540105
1.5235294117647058, 20.904064171122993
5.204344919786096, 11.322673796791443
9.574866310160427, 8.385882352941177
19.18048128342246, 5.890909090909091
30.047459893048128, 4.704064171122995

0.0, 0.0
0.3870922459893048, 41.16521069518716
0.7233288770053476, 30.43930909090909
1.0, 25.884712299465242
1.5235294117647058, 20.973744385026738
5.204344919786096, 11.360416042780749
9.574866310160427, 8.413835294117646
19.18048128342246, 5.9105454545454545
30.047459893048128, 4.719744385026738

0.0, 0.0
0.3870922459893048, 41.30197219251337
0.7233288770053476, 30.540436363636363
1.0, 25.970708021390376
1.5235294117647058, 21.043424598930482
5.204344919786096, 11.398158288770054
9.574866310160427, 8.441788235294117
19.18048128342246, 5.930181818181818
30.047459893048128, 4.735424598930481

0.0, 0.0
0.3870922459893048, 41.43873368983957
0.7233288770053476, 30.641563636363635
1.0, 26.05670374331551
1.5235294117647058, 21.113104812834223
5.204344919786096, 11.435900534759359
9.574866310160427, 8.469741176470588
19.18048128342246, 5.9498181818181815
30.047459893048128, 4.751104812834225

0.0, 0.0
0.3870922459893048, 41.57549518716578
0.7233288770053476, 30.74269090909091
1.0, 26.142699465240643
1.5235294117647058, 21.182785026737967
5.204344919786096, 11.473642780748664
9.574866310160427, 8.49769411764706
19.18048128342246, 5.969454545454545
30.047459893048128, 4.766785026737968

0.0, 0.0
0.3870922459893048, 41.712256684491976
0.7233288770053476, 30.843818181818182
1.0, 26.228695187165776
1.5235294117647058, 21.252465240641712
5.204344919786096, 11.511385026737967
9.574866310160427, 8.52564705882353
19.18048128342246, 5.989090909090909
30.047459893048128, 4.782465240641711

0.0, 0.0
0.3870922459893048, 41.84901818181818
0.7233288770053476, 30.944945454545454
1.0, 26.31469090909091
1.5235294117647058, 21.322145454545456
5.204344919786096, 11.549127272727272
9.574866310160427, 8.5536
19.18048128342246, 6.008727272727273
30.047459893048128, 4.7981454545454545

0.0, 0.0
0.3870922459893048, 41.985779679144386
0.7233288770053476, 31.046072727272726
1.0, 26.400686631016043
1.5235294117647058, 21.391825668449197
5.204344919786096, 11.586869518716577
9.574866310160427, 8.58155294117647
19.18048128342246, 6.028363636363636
30.047459893048128, 4.813825668449198

0.0, 0.0
0.3870922459893048, 42.12254117647059
0.7233288770053476, 31.1472
1.0, 26.486682352941177
1.5235294117647058, 21.46150588235294
5.204344919786096, 11.624611764705882
9.574866310160427, 8.609505882352941
19.18048128342246, 6.048
30.047459893048128, 4.829505882352941

0.0, 0.0
0.3870922459893048, 42.25930267379679
0.7233288770053476, 31.248327272727273
1.0, 26.57267807486631
1.5235294117647058, 21.531186096256686
5.204344919786096, 11.662354010695188
9.574866310160427, 8.637458823529412
19.18048128342246, 6.067636363636364
30.047459893048128, 4.845186096256684

0.0, 0.0
0.3870922459893048, 42.396064171122994
0.7233288770053476, 31.349454545454545
1.0, 26.658673796791444
1.5235294117647058, 21.600866310160427
5.204344919786096, 11.700096256684493
9.574866310160427, 8.665411764705881
19.18048128342246, 6.087272727272727
30.047459893048128, 4.860866310160428

0.0, 0.0
0.3870922459893048, 42.5328256684492
0.7233288770053476, 31.450581818181817
1.0, 26.744669518716577
1.5235294117647058, 21.67054652406417
5.204344919786096, 11.737838502673796
9.574866310160427, 8.693364705882352
19.18048128342246, 6.106909090909091
30.047459893048128, 4.876546524064171

0.0, 0.0
0.3870922459893048, 42.669587165775404
0.7233288770053476, 31.551709090909092
1.0, 26.83066524064171
1.5235294117647058, 21.740226737967916
5.204344919786096, 11.775580748663101
9.574866310160427, 8.721317647058823
19.18048128342246, 6.126545454545455
30.047459893048128, 4.892226737967914

0.0, 0.0
0.3870922459893048, 42.8063486631016
0.7233288770053476, 31.652836363636364
1.0, 26.916660962566844
1.5235294117647058, 21.809906951871657
5.204344919786096, 11.813322994652406
9.574866310160427, 8.749270588235294
19.18048128342246, 6.146181818181818
30.047459893048128, 4.907906951871658

0.0, 0.0
0.3870922459893048, 42.94311016042781
0.7233288770053476, 31.753963636363636
1.0, 27.002656684491978
1.5235294117647058, 21.8795871657754
5.204344919786096, 11.851065240641711
9.574866310160427, 8.777223529411765
19.18048128342246, 6.165818181818182
30.047459893048128, 4.923587165775401

0.0, 0.0
0.3870922459893048, 43.07987165775401
0.7233288770053476, 31.855090909090908
1.0, 27.08865240641711
1.5235294117647058, 21.949267379679146
5.204344919786096, 11.888807486631016
9.574866310160427, 8.805176470588234
19.18048128342246, 6.1854545454545455
30.047459893048128, 4.939267379679144

0.0, 0.0
0.3870922459893048, 43.21663315508022
0.7233288770053476, 31.956218181818183
1.0, 27.174648128342245
1.5235294117647058, 22.018947593582887
5.204344919786096, 11.926549732620321
9.574866310160427, 8.833129411764705
19.18048128342246, 6.205090909090909
30.047459893048128, 4.9549475935828875

0.0, 0.0
0.3870922459893048, 43.353394652406415
0.7233288770053476, 32.057345454545455
1.0, 27.26064385026738
1.5235294117647058, 22.08862780748663
5.204344919786096, 11.964291978609626
9.574866310160427, 8.861082352941176
19.18048128342246, 6.224727272727272
30.047459893048128, 4.970627807486631

0.0, 0.0
0.3870922459893048, 43.49015614973262
0.7233288770053476, 32.15847272727273
1.0, 27.34663957219251
1.5235294117647058, 22.158308021390376
5.204344919786096, 12.00203422459893
9.574866310160427, 8.889035294117647
19.18048128342246, 6.244363636363636
30.047459893048128, 4.986308021390374

0.0, 0.0
0.3870922459893048, 43.626917647058825
0.7233288770053476, 32.2596
1.0, 27.43263529411765
1.5235294117647058, 22.227988235294116
5.204344919786096, 12.039776470588235
9.574866310160427, 8.916988235294118
19.18048128342246, 6.264
30.047459893048128, 5.001988235294117

0.0, 0.0
0.3870922459893048, 43.76367914438503
0.7233288770053476, 32.360727272727274
1.0, 27.518631016042782
1.5235294117647058, 22.29766844919786
5.204344919786096, 12.07751871657754
9.574866310160427, 8.944941176470588
19.18048128342246, 6.283636363636363
30.047459893048128, 5.017668449197861

0.0, 0.0
0.3870922459893048, 43.90044064171123
0.7233288770053476, 32.46185454545454
1.0, 27.604626737967916
1.5235294117647058, 22.367348663101605
5.204344919786096, 12.115260962566845
9.574866310160427, 8.972894117647058
19.18048128342246, 6.303272727272727
30.047459893048128, 5.033348663101604

0.0, 0.0
0.3870922459893048, 44.03720213903743
0.7233288770053476, 32.56298181818182
1.0, 27.69062245989305
1.5235294117647058, 22.437028877005346
5.204344919786096, 12.15300320855615
9.574866310160427, 9.00084705882353
19.18048128342246, 6.322909090909091
30.047459893048128, 5.049028877005347

0.0, 0.0
0.3870922459893048, 44.17396363636364
0.7233288770053476, 32.66410909090909
1.0, 27.776618181818183
1.5235294117647058, 22.50670909090909
5.204344919786096, 12.190745454545455
9.574866310160427, 9.0288
19.18048128342246, 6.342545454545455
30.047459893048128, 5.064709090909091

0.0, 0.0
0.3870922459893048, 44.31072513368984
0.7233288770053476, 32.76523636363636
1.0, 27.862613903743316
1.5235294117647058, 22.576389304812835
5.204344919786096, 12.228487700534759
9.574866310160427, 9.056752941176471
19.18048128342246, 6.362181818181818
30.047459893048128, 5.080389304812834

0.0, 0.0
0.3870922459893048, 44.44748663101604
0.7233288770053476, 32.86636363636364
1.0, 27.94860962566845
1.5235294117647058, 22.646069518716576
5.204344919786096, 12.266229946524064
9.574866310160427, 9.08470588235294
19.18048128342246, 6.381818181818182
30.047459893048128, 5.096069518716577

0.0, 0.0
0.3870922459893048, 44.584248128342246
0.7233288770053476, 32.96749090909091
1.0, 28.034605347593583
1.5235294117647058, 22.71574973262032
5.204344919786096, 12.303972192513369
9.574866310160427, 9.112658823529411
19.18048128342246, 6.401454545454546
30.047459893048128, 5.1117497326203205

0.0, 0.0
0.3870922459893048, 44.72100962566845
0.7233288770053476, 33.06861818181818
1.0, 28.120601069518717
1.5235294117647058, 22.785429946524065
5.204344919786096, 12.341714438502674
9.574866310160427, 9.140611764705882
19.18048128342246, 6.421090909090909
30.047459893048128, 5.127429946524064

0.0, 0.0
0.3870922459893048, 44.857771122994656
0.7233288770053476, 33.169745454545456
1.0, 28.20659679144385
1.5235294117647058, 22.855110160427806
5.204344919786096, 12.379456684491979
9.574866310160427, 9.168564705882353
19.18048128342246, 6.440727272727273
30.047459893048128, 5.143110160427807

0.0, 0.0
0.3870922459893048, 44.994532620320854
0.7233288770053476, 33.270872727272724
1.0, 28.292592513368984
1.5235294117647058, 22.92479037433155
5.204344919786096, 12.417198930481284
9.574866310160427, 9.196517647058824
19.18048128342246, 6.4603636363636365
30.047459893048128, 5.15879037433155

0.0, 0.0
0.3870922459893048, 45.13129411764706
0.7233288770053476, 33.372
1.0, 28.378588235294117
1.5235294117647058, 22.994470588235295
5.204344919786096, 12.454941176470589
9.574866310160427, 9.224470588235294
19.18048128342246, 6.48
30.047459893048128, 5.174470588235294

0.0, 0.0
0.3870922459893048, 45.268055614973264
0.7233288770053476, 33.473127272727275
1.0, 28.46458395721925
1.5235294117647058, 23.064150802139036
5.204344919786096, 12.492683422459892
9.574866310160427, 9.252423529411764
19.18048128342246, 6.499636363636363
30.047459893048128, 5.190150802139037

0.0, 0.0
0.3870922459893048, 45.40481711229946
0.7233288770053476, 33.574254545454544
1.0, 28.550579679144384
1.5235294117647058, 23.13383101604278
5.204344919786096, 12.530425668449197
9.574866310160427, 9.280376470588235
19.18048128342246, 6.519272727272727
30.047459893048128, 5.20583101604278

0.0, 0.0
0.3870922459893048, 45.54157860962567
0.7233288770053476, 33.67538181818182
1.0, 28.636575401069518
1.5235294117647058, 23.203511229946525
5.204344919786096, 12.568167914438503
9.574866310160427, 9.308329411764706
19.18048128342246, 6.538909090909091
30.047459893048128, 5.2215112299465245

0.0, 0.0
0.3870922459893048, 45.67834010695187
0.7233288770053476, 33.776509090909094
1.0, 28.72257112299465
1.5235294117647058, 23.273191443850266
5.204344919786096, 12.605910160427808
9.574866310160427, 9.336282352941176
19.18048128342246, 6.558545454545454
30.047459893048128, 5.237191443850268

0.0, 0.0
0.3870922459893048, 45.81510160427808
0.7233288770053476, 33.87763636363636
1.0, 28.808566844919785
1.5235294117647058, 23.34287165775401
5.204344919786096, 12.643652406417113
9.574866310160427, 9.364235294117647
19.18048128342246, 6.578181818181818
30.047459893048128, 5.252871657754011

0.0, 0.0
0.3870922459893048, 45.951863101604275
0.7233288770053476, 33.97876363636364
1.0, 28.894562566844918
1.5235294117647058, 23.412551871657755
5.204344919786096, 12.681394652406418
9.574866310160427, 9.392188235294118
19.18048128342246, 6.597818181818182
30.047459893048128, 5.268551871657754

0.0, 0.0
0.3870922459893048, 46.08862459893048
0.7233288770053476, 34.079890909090906
1.0, 28.980558288770055
1.5235294117647058, 23.4822320855615
5.204344919786096, 12.719136898395721
9.574866310160427, 9.420141176470588
19.18048128342246, 6.617454545454545
30.047459893048128, 5.284232085561498

0.0, 0.0
0.3870922459893048, 46.225386096256685
0.7233288770053476, 34.18101818181818
1.0, 29.06655401069519
1.5235294117647058, 23.55191229946524
5.204344919786096, 12.756879144385026
9.574866310160427, 9.44809411764706
19.18048128342246, 6.637090909090909
30.047459893048128, 5.299912299465241

0.0, 0.0
0.3870922459893048, 46.36214759358289
0.7233288770053476, 34.28214545454546
1.0, 29.152549732620322
1.5235294117647058, 23.621592513368984
5.204344919786096, 12.794621390374331
9.574866310160427, 9.476047058823529
19.18048128342246, 6.656727272727273
30.047459893048128, 5.315592513368984

0.0, 0.0
0.3870922459893048, 46.49890909090909
0.7233288770053476, 34.383272727272725
1.0, 29.238545454545456
1.5235294117647058, 23.69127272727273
5.204344919786096, 12.832363636363636
9.574866310160427, 9.504
19.18048128342246, 6.676363636363637
30.047459893048128, 5.331272727272728

0.0, 0.0
0.3870922459893048, 46.63567058823529
0.7233288770053476, 34.4844
1.0, 29.32454117647059
1.5235294117647058, 23.76095294117647
5.204344919786096, 12.870105882352942
9.574866310160427, 9.53195294117647
19.18048128342246, 6.696
30.047459893048128, 5.346952941176471

0.0, 0.0
0.3870922459893048, 46.7724320855615
0.7233288770053476, 34.585527272727276
1.0, 29.410536898395723
1.5235294117647058, 23.830633155080214
5.204344919786096, 12.907848128342247
9.574866310160427, 9.559905882352941
19.18048128342246, 6.715636363636364
30.047459893048128, 5.362633155080214

0.0, 0.0
0.3870922459893048, 46.9091935828877
0.7233288770053476, 34.686654545454545
1.0, 29.496532620320856
1.5235294117647058, 23.90031336898396
5.204344919786096, 12.945590374331552
9.574866310160427, 9.587858823529412
19.18048128342246, 6.7352727272727275
30.047459893048128, 5.3783133689839575

0.0, 0.0
0.3870922459893048, 47.0459550802139
0.7233288770053476, 34.78778181818182
1.0, 29.58252834224599
1.5235294117647058, 23.9699935828877
5.204344919786096, 12.983332620320855
9.574866310160427, 9.615811764705882
19.18048128342246, 6.7549090909090905
30.047459893048128, 5.393993582887701

0.0, 0.0
0.3870922459893048, 47.182716577540106
0.7233288770053476, 34.88890909090909
1.0, 29.668524064171123
1.5235294117647058, 24.039673796791444
5.204344919786096, 13.02107486631016
9.574866310160427, 9.643764705882353
19.18048128342246, 6.774545454545454
30.047459893048128, 5.409673796791444

0.0, 0.0
0.3870922459893048, 47.31947807486631
0.7233288770053476, 34.990036363636364
1.0, 29.754519786096257
1.5235294117647058, 24.10935401069519
5.204344919786096, 13.058817112299465
9.574866310160427, 9.671717647058824
19.18048128342246, 6.794181818181818
30.047459893048128, 5.425354010695187

0.0, 0.0
0.3870922459893048, 47.456239572192516
0.7233288770053476, 35.09116363636364
1.0, 29.84051550802139
1.5235294117647058, 24.17903422459893
5.204344919786096, 13.09655935828877
9.574866310160427, 9.699670588235294
19.18048128342246, 6.813818181818182
30.047459893048128, 5.441034224598931

0.0, 0.0
0.3870922459893048, 47.593001069518714
0.7233288770053476, 35.19229090909091
1.0, 29.926511229946524
1.5235294117647058, 24.248714438502674
5.204344919786096, 13.134301604278075
9.574866310160427, 9.727623529411765
19.18048128342246, 6.833454545454545
30.047459893048128, 5.456714438502674

0.0, 0.0
0.3870922459893048, 47.72976256684492
0.7233288770053476, 35.29341818181818
1.0, 30.012506951871657
1.5235294117647058, 24.31839465240642
5.204344919786096, 13.17204385026738
9.574866310160427, 9.755576470588235
19.18048128342246, 6.853090909090909
30.047459893048128, 5.472394652406417

0.0, 0.0
0.3870922459893048, 47.866524064171124
0.7233288770053476, 35.39454545454546
1.0, 30.09850267379679
1.5235294117647058, 24.38807486631016
5.204344919786096, 13.209786096256684
9.574866310160427, 9.783529411764706
19.18048128342246, 6.872727272727273
30.047459893048128, 5.488074866310161

0.0, 0.0
0.3870922459893048, 48.00328556149733
0.7233288770053476, 35.495672727272726
1.0, 30.184498395721924
1.5235294117647058, 24.457755080213904
5.204344919786096, 13.247528342245989
9.574866310160427, 9.811482352941177
19.18048128342246, 6.892363636363636
30.047459893048128, 5.503755080213904

0.0, 0.0
0.3870922459893048, 48.14004705882353
0.7233288770053476, 35.5968
1.0, 30.270494117647058
1.5235294117647058, 24.527435294117648
5.204344919786096, 13.285270588235294
9.574866310160427, 9.839435294117648
19.18048128342246, 6.912
30.047459893048128, 5.519435294117647

0.0, 0.0
0.3870922459893048, 48.27680855614973
0.7233288770053476, 35.69792727272727
1.0, 30.35648983957219
1.5235294117647058, 24.59711550802139
5.204344919786096, 13.323012834224599
9.574866310160427, 9.867388235294118
19.18048128342246, 6.931636363636364
30.047459893048128, 5.5351155080213905

0.0, 0.0
0.3870922459893048, 48.41357005347594
0.7233288770053476, 35.799054545454545
1.0, 30.442485561497325
1.5235294117647058, 24.666795721925133
5.204344919786096, 13.360755080213904
9.574866310160427, 9.895341176470588
19.18048128342246, 6.951272727272728
30.047459893048128, 5.550795721925134

0.0, 0.0
0.3870922459893048, 48.55033155080214
0.7233288770053476, 35.90018181818182
1.0, 30.528481283422458
1.5235294117647058, 24.736475935828878
5.204344919786096, 13.39849732620321
9.574866310160427, 9.923294117647059
19.18048128342246, 6.970909090909091
30.047459893048128, 5.566475935828877

0.0, 0.0
0.3870922459893048, 48.68709304812834
0.7233288770053476, 36.00130909090909
1.0, 30.614477005347595
1.5235294117647058, 24.80615614973262
5.204344919786096, 13.436239572192513
9.574866310160427, 9.95124705882353
19.18048128342246, 6.990545454545455
30.047459893048128, 5.58215614973262

0.0, 0.0
0.3870922459893048, 48.823854545454545
0.7233288770053476, 36.102436363636365
1.0, 30.70047272727273
1.5235294117647058, 24.875836363636363
5.204344919786096, 13.473981818181818
9.574866310160427, 9.9792
19.18048128342246, 7.0101818181818185
30.047459893048128, 5.597836363636364

0.0, 0.0
0.3870922459893048, 48.96061604278075
0.7233288770053476, 36.20356363636363
1.0, 30.786468449197862
1.5235294117647058, 24.945516577540108
5.204344919786096, 13.511724064171123
9.574866310160427, 10.007152941176471
19.18048128342246, 7.0298181818181815
30.047459893048128, 5.613516577540107

0.0, 0.0
0.3870922459893048, 49.097377540106955
0.7233288770053476, 36.30469090909091
1.0, 30.872464171122996
1.5235294117647058, 25.01519679144385
5.204344919786096, 13.549466310160428
9.574866310160427, 10.03510588235294
19.18048128342246, 7.049454545454545
30.047459893048128, 5.62919679144385

0.0, 0.0
0.3870922459893048, 49.23413903743315
0.7233288770053476, 36.405818181818184
1.0, 30.95845989304813
1.5235294117647058, 25.084877005347593
5.204344919786096, 13.587208556149733
9.574866310160427, 10.063058823529412
19.18048128342246, 7.069090909090909
30.047459893048128, 5.644877005347594

0.0, 0.0
0.3870922459893048, 49.37090053475936
0.7233288770053476, 36.50694545454545
1.0, 31.044455614973263
1.5235294117647058, 25.154557219251338
5.204344919786096, 13.624950802139038
9.574866310160427, 10.091011764705883
19.18048128342246, 7.088727272727272
30.047459893048128, 5.660557219251337

0.0, 0.0
0.3870922459893048, 49.50766203208556
0.7233288770053476, 36.60807272727273
1.0, 31.130451336898396
1.5235294117647058, 25.22423743315508
5.204344919786096, 13.662693048128343
9.574866310160427, 10.118964705882354
19.18048128342246, 7.108363636363636
30.047459893048128, 5.67623743315508

0.0, 0.0
0.3870922459893048, 49.64442352941177
0.7233288770053476, 36.7092
1.0, 31.21644705882353
1.5235294117647058, 25.293917647058823
5.204344919786096, 13.700435294117646
9.574866310160427, 10.146917647058823
19.18048128342246, 7.128
30.047459893048128, 5.6919176470588235

0.0, 0.0
0.3870922459893048, 49.781185026737965
0.7233288770053476, 36.81032727272727
1.0, 31.302442780748663
1.5235294117647058, 25.363597860962567
5.204344919786096, 13.738177540106951
9.574866310160427, 10.174870588235294
19.18048128342246, 7.147636363636364
30.047459893048128, 5.707597860962567

0.0, 0.0
0.3870922459893048, 49.91794652406417
0.7233288770053476, 36.911454545454546
1.0, 31.388438502673797
1.5235294117647058, 25.433278074866312
5.204344919786096, 13.775919786096257
9.574866310160427, 10.202823529411765
19.18048128342246, 7.167272727272727
30.047459893048128, 5.72327807486631

0.0, 0.0
0.3870922459893048, 50.054708021390375
0.7233288770053476, 37.012581818181815
1.0, 31.47443422459893
1.5235294117647058, 25.502958288770053
5.204344919786096, 13.813662032085562
9.574866310160427, 10.230776470588236
19.18048128342246, 7.186909090909091
30.047459893048128, 5.738958288770053

0.0, 0.0
0.3870922459893048, 50.19146951871658
0.7233288770053476, 37.11370909090909
1.0, 31.560429946524064
1.5235294117647058, 25.572638502673797
5.204344919786096, 13.851404278074867
9.574866310160427, 10.258729411764707
19.18048128342246, 7.206545454545455
30.047459893048128, 5.754638502673797

0.0, 0.0
0.3870922459893048, 50.32823101604278
0.7233288770053476, 37.214836363636365
1.0, 31.646425668449197
1.5235294117647058, 25.64231871657754
5.204344919786096, 13.889146524064172
9.574866310160427, 10.286682352941176
19.18048128342246, 7.226181818181818
30.047459893048128, 5.77031871657754

0.0, 0.0
0.3870922459893048, 50.46499251336898
0.7233288770053476, 37.315963636363634
1.0, 31.73242139037433
1.5235294117647058, 25.711998930481283
5.204344919786096, 13.926888770053475
9.574866310160427, 10.314635294117647
19.18048128342246, 7.245818181818182
30.047459893048128, 5.785998930481283

0.0, 0.0
0.3870922459893048, 50.60175401069519
0.7233288770053476, 37.41709090909091
1.0, 31.818417112299464
1.5235294117647058, 25.781679144385027
5.204344919786096, 13.96463101604278
9.574866310160427, 10.342588235294118
19.18048128342246, 7.265454545454546
30.047459893048128, 5.801679144385027

0.0, 0.0
0.3870922459893048, 50.73851550802139
0.7233288770053476, 37.518218181818185
1.0, 31.904412834224598
1.5235294117647058, 25.85135935828877
5.204344919786096, 14.002373262032085
9.574866310160427, 10.370541176470589
19.18048128342246, 7.2850909090909095
30.047459893048128, 5.81735935828877

0.0, 0.0
0.3870922459893048, 50.87527700534759
0.7233288770053476, 37.61934545454545
1.0, 31.99040855614973
1.5235294117647058, 25.921039572192512
5.204344919786096, 14.04011550802139
9.574866310160427, 10.39849411764706
19.18048128342246, 7.3047272727272725
30.047459893048128, 5.833039572192513

0.0, 0.0
0.3870922459893048, 51.012038502673796
0.7233288770053476, 37.72047272727273
1.0, 32.07640427807487
1.5235294117647058, 25.990719786096257
5.204344919786096, 14.077857754010696
9.574866310160427, 10.426447058823529
19.18048128342246, 7.324363636363636
30.047459893048128, 5.8487197860962565

0.0, 0.0
0.3870922459893048, 51.1488
0.7233288770053476, 37.8216
1.0, 32.1624
1.5235294117647058, 26.0604
5.204344919786096, 14.1156
9.574866310160427, 10.4544
19.18048128342246, 7.344
30.047459893048128, 5.8644

0.0, 0.0
0.3870922459893048, 51.285561497326206
0.7233288770053476, 37.92272727272727
1.0, 32.248395721925135
1.5235294117647058, 26.130080213903742
5.204344919786096, 14.153342245989306
9.574866310160427, 10.48235294117647
19.18048128342246, 7.363636363636363
30.047459893048128, 5.880080213903743

0.0, 0.0
0.3870922459893048, 51.422322994652404
0.7233288770053476, 38.02385454545455
1.0, 32.334391443850265
1.5235294117647058, 26.199760427807487
5.204344919786096, 14.191084491978609
9.574866310160427, 10.510305882352942
19.18048128342246, 7.383272727272727
30.047459893048128, 5.895760427807486

0.0, 0.0
0.3870922459893048, 51.55908449197861
0.7233288770053476, 38.124981818181816
1.0, 32.4203871657754
1.5235294117647058, 26.26944064171123
5.204344919786096, 14.228826737967914
9.574866310160427, 10.538258823529413
19.18048128342246, 7.402909090909091
30.047459893048128, 5.91144064171123

0.0, 0.0
0.3870922459893048, 51.695845989304814
0.7233288770053476, 38.22610909090909
1.0, 32.50638288770053
1.5235294117647058, 26.339120855614972
5.204344919786096, 14.26656898395722
9.574866310160427, 10.566211764705882
19.18048128342246, 7.422545454545454
30.047459893048128, 5.927120855614973

0.0, 0.0
0.3870922459893048, 51.83260748663102
0.7233288770053476, 38.327236363636366
1.0, 32.59237860962567
1.5235294117647058, 26.408801069518717
5.204344919786096, 14.304311229946524
9.574866310160427, 10.594164705882353
19.18048128342246, 7.442181818181818
30.047459893048128, 5.942801069518716

0.0, 0.0
0.3870922459893048, 51.96936898395722
0.7233288770053476, 38.428363636363635
1.0, 32.6783743315508
1.5235294117647058, 26.47848128342246
5.204344919786096, 14.34205347593583
9.574866310160427, 10.622117647058824
19.18048128342246, 7.461818181818182
30.047459893048128, 5.95848128342246

0.0, 0.0
0.3870922459893048, 52.10613048128342
0.7233288770053476, 38.52949090909091
1.0, 32.764370053475936
1.5235294117647058, 26.548161497326202
5.204344919786096, 14.379795721925134
9.574866310160427, 10.650070588235295
19.18048128342246, 7.481454545454546
30.047459893048128, 5.974161497326203

0.0, 0.0
0.3870922459893048, 52.24289197860963
0.7233288770053476, 38.63061818181818
1.0, 32.850365775401066
1.5235294117647058, 26.617841711229946
5.204344919786096, 14.417537967914438
9.574866310160427, 10.678023529411766
19.18048128342246, 7.501090909090909
30.047459893048128, 5.989841711229946

0.0, 0.0
0.3870922459893048, 52.37965347593583
0.7233288770053476, 38.731745454545454
1.0, 32.9363614973262
1.5235294117647058, 26.68752192513369
5.204344919786096, 14.455280213903743
9.574866310160427, 10.705976470588235
19.18048128342246, 7.520727272727273
30.047459893048128, 6.0055219251336895

0.0, 0.0
0.3870922459893048, 52.51641497326203
0.7233288770053476, 38.83287272727273
1.0, 33.02235721925134
1.5235294117647058, 26.75720213903743
5.204344919786096, 14.493022459893048
9.574866310160427, 10.733929411764706
19.18048128342246, 7.540363636363637
30.047459893048128, 6.021202139037433

0.0, 0.0
0.3870922459893048, 52.653176470588235
0.7233288770053476, 38.934
1.0, 33.10835294117647
1.5235294117647058, 26.826882352941176
5.204344919786096, 14.530764705882353
9.574866310160427, 10.761882352941177
19.18048128342246, 7.56
30.047459893048128, 6.036882352941176

0.0, 0.0
0.3870922459893048, 52.78993796791444
0.7233288770053476, 39.03512727272727
1.0, 33.19434866310161
1.5235294117647058, 26.89656256684492
5.204344919786096, 14.568506951871658
9.574866310160427, 10.789835294117648
19.18048128342246, 7.5796363636363635
30.047459893048128, 6.0525625668449194

0.0, 0.0
0.3870922459893048, 52.92669946524064
0.7233288770053476, 39.13625454545455
1.0, 33.28034438502674
1.5235294117647058, 26.96624278074866
5.204344919786096, 14.606249197860963
9.574866310160427, 10.817788235294117
19.18048128342246, 7.599272727272727
30.047459893048128, 6.068242780748663

0.0, 0.0
0.3870922459893048, 53.06346096256684
0.7233288770053476, 39.23738181818182
1.0, 33.366340106951874
1.5235294117647058, 27.035922994652406
5.204344919786096, 14.643991443850267
9.574866310160427, 10.845741176470588
19.18048128342246, 7.618909090909091
30.047459893048128, 6.083922994652406

0.0, 0.0
0.3870922459893048, 53.20022245989305
0.7233288770053476, 39.33850909090909
1.0, 33.452335828877004
1.5235294117647058, 27.10560320855615
5.204344919786096, 14.681733689839572
9.574866310160427, 10.873694117647059
19.18048128342246, 7.638545454545454
30.047459893048128, 6.099603208556149

0.0, 0.0
0.3870922459893048, 53.33698395721925
0.7233288770053476, 39.43963636363636
1.0, 33.53833155080214
1.5235294117647058, 27.17528342245989
5.204344919786096, 14.719475935828877
9.574866310160427, 10.90164705882353
19.18048128342246, 7.658181818181818
30.047459893048128, 6.115283422459893

0.0, 0.0
0.3870922459893048, 53.47374545454545
0.7233288770053476, 39.540763636363636
1.0, 33.62432727272727
1.5235294117647058, 27.244963636363636
5.204344919786096, 14.757218181818182
9.574866310160427, 10.9296
19.18048128342246, 7.677818181818182
30.047459893048128, 6.130963636363636

0.0, 0.0
0.3870922459893048, 53.610506951871656
0.7233288770053476, 39.64189090909091
1.0, 33.71032299465241
1.5235294117647058, 27.31464385026738
5.204344919786096, 14.794960427807487
9.574866310160427, 10.95755294117647
19.18048128342246, 7.697454545454545
30.047459893048128, 6.146643850267379

0.0, 0.0
0.3870922459893048, 53.74726844919786
0.7233288770053476, 39.74301818181818
1.0, 33.79631871657754
1.5235294117647058, 27.384324064171125
5.204344919786096, 14.832702673796792
9.574866310160427, 10.98550588235294
19.18048128342246, 7.717090909090909
30.047459893048128, 6.1623240641711226

0.0, 0.0
0.3870922459893048, 53.884029946524066
0.7233288770053476, 39.844145454545455
1.0, 33.882314438502675
1.5235294117647058, 27.454004278074866
5.204344919786096, 14.870444919786097
9.574866310160427, 11.013458823529412
19.18048128342246, 7.736727272727273
30.047459893048128, 6.178004278074867

0.0, 0.0
0.3870922459893048, 54.020791443850264
0.7233288770053476, 39.94527272727273
1.0, 33.968310160427805
1.5235294117647058, 27.52368449197861
5.204344919786096, 14.9081871657754
9.574866310160427, 11.041411764705883
19.18048128342246, 7.756363636363637
30.047459893048128, 6.19368449197861

0.0, 0.0
0.3870922459893048, 54.15755294117647
0.7233288770053476, 40.0464
1.0, 34.05430588235294
1.5235294117647058, 27.593364705882355
5.204344919786096, 14.945929411764705
9.574866310160427, 11.069364705882354
19.18048128342246, 7.776
30.047459893048128, 6.209364705882353

0.0, 0.0
0.3870922459893048, 54.294314438502674
0.7233288770053476, 40.147527272727274
1.0, 34.14030160427807
1.5235294117647058, 27.663044919786095
5.204344919786096, 14.98367165775401
9.574866310160427, 11.097317647058823
19.18048128342246, 7.795636363636364
30.047459893048128, 6.225044919786097

0.0, 0.0
0.3870922459893048, 54.43107593582888
0.7233288770053476, 40.24865454545454
1.0, 34.22629732620321
1.5235294117647058, 27.73272513368984
5.204344919786096, 15.021413903743316
9.574866310160427, 11.125270588235294
19.18048128342246, 7.815272727272728
30.047459893048128, 6.24072513368984

0.0, 0.0
0.3870922459893048, 54.56783743315508
0.7233288770053476, 40.34978181818182
1.0, 34.31229304812834
1.5235294117647058, 27.802405347593584
5.204344919786096, 15.05915614973262
9.574866310160427, 11.153223529411765
19.18048128342246, 7.834909090909091
30.047459893048128, 6.256405347593583

0.0, 0.0
0.3870922459893048, 54.70459893048128
0.7233288770053476, 40.45090909090909
1.0, 34.398288770053476
1.5235294117647058, 27.872085561497325
5.204344919786096, 15.096898395721926
9.574866310160427, 11.181176470588236
19.18048128342246, 7.8545454545454545
30.047459893048128, 6.2720855614973265

0.0, 0.0
0.3870922459893048, 54.84136042780749
0.7233288770053476, 40.55203636363636
1.0, 34.48428449197861
1.5235294117647058, 27.94176577540107
5.204344919786096, 15.13464064171123
9.574866310160427, 11.209129411764707
19.18048128342246, 7.874181818181818
30.047459893048128, 6.28776577540107

0.0, 0.0
0.3870922459893048, 54.97812192513369
0.7233288770053476, 40.65316363636364
1.0, 34.57028021390374
1.5235294117647058, 28.011445989304814
5.204344919786096, 15.172382887700534
9.574866310160427, 11.237082352941176
19.18048128342246, 7.893818181818181
30.047459893048128, 6.303445989304813

0.0, 0.0
0.3870922459893048, 55.11488342245989
0.7233288770053476, 40.75429090909091
1.0, 34.65627593582888
1.5235294117647058, 28.081126203208555
5.204344919786096, 15.21012513368984
9.574866310160427, 11.265035294117647
19.18048128342246, 7.913454545454545
30.047459893048128, 6.3191262032085564

0.0, 0.0
0.3870922459893048, 55.251644919786095
0.7233288770053476, 40.85541818181818
1.0, 34.74227165775401
1.5235294117647058, 28.1508064171123
5.204344919786096, 15.247867379679144
9.574866310160427, 11.292988235294118
19.18048128342246, 7.933090909090909
30.047459893048128, 6.3348064171123

0.0, 0.0
0.3870922459893048, 55.3884064171123
0.7233288770053476, 40.956545454545456
1.0, 34.82826737967915
1.5235294117647058, 28.220486631016044
5.204344919786096, 15.28560962566845
9.574866310160427, 11.320941176470589
19.18048128342246, 7.952727272727273
30.047459893048128, 6.350486631016043

0.0, 0.0
0.3870922459893048, 55.525167914438505
0.7233288770053476, 41.057672727272724
1.0, 34.91426310160428
1.5235294117647058, 28.290166844919785
5.204344919786096, 15.323351871657755
9.574866310160427, 11.34889411764706
19.18048128342246, 7.972363636363636
30.047459893048128, 6.366166844919786

0.0, 0.0
0.3870922459893048, 55.6619294117647
0.7233288770053476, 41.1588
1.0, 35.000258823529414
1.5235294117647058, 28.35984705882353
5.204344919786096, 15.36109411764706
9.574866310160427, 11.376847058823529
19.18048128342246, 7.992
30.047459893048128, 6.38184705882353

0.0, 0.0
0.3870922459893048, 55.79869090909091
0.7233288770053476, 41.259927272727275
1.0, 35.086254545454544
1.5235294117647058, 28.429527272727274
5.204344919786096, 15.398836363636363
9.574866310160427, 11.4048
19.18048128342246, 8.011636363636363
30.047459893048128, 6.397527272727273

0.0, 0.0
0.3870922459893048, 55.93545240641711
0.7233288770053476, 41.36105454545454
1.0, 35.17225026737968
1.5235294117647058, 28.499207486631015
5.204344919786096, 15.436578609625668
9.574866310160427, 11.43275294117647
19.18048128342246, 8.031272727272727
30.047459893048128, 6.413207486631016

0.0, 0.0
0.3870922459893048, 56.07221390374332
0.7233288770053476, 41.46218181818182
1.0, 35.25824598930481
1.5235294117647058, 28.56888770053476
5.204344919786096, 15.474320855614973
9.574866310160427, 11.460705882352942
19.18048128342246, 8.05090909090909
30.047459893048128, 6.4288877005347596

0.0, 0.0
0.3870922459893048, 56.208975401069516
0.7233288770053476, 41.563309090909094
1.0, 35.34424171122995
1.5235294117647058, 28.638567914438504
5.204344919786096, 15.512063101604278
9.574866310160427, 11.488658823529411
19.18048128342246, 8.070545454545455
30.047459893048128, 6.444567914438503

0.0, 0.0
0.3870922459893048, 56.34573689839572
0.7233288770053476, 41.66443636363636
1.0, 35.43023743315508
1.5235294117647058, 28.708248128342245
5.204344919786096, 15.549805347593583
9.574866310160427, 11.516611764705882
19.18048128342246, 8.090181818181819
30.047459893048128, 6.460248128342246

0.0, 0.0
0.3870922459893048, 56.482498395721926
0.7233288770053476, 41.76556363636364
1.0, 35.516233155080215
1.5235294117647058, 28.77792834224599
5.204344919786096, 15.587547593582888
9.574866310160427, 11.544564705882353
19.18048128342246, 8.109818181818182
30.047459893048128, 6.4759283422459895

0.0, 0.0
0.3870922459893048, 56.61925989304813
0.7233288770053476, 41.866690909090906
1.0, 35.602228877005345
1.5235294117647058, 28.847608556149734
5.204344919786096, 15.625289839572192
9.574866310160427, 11.572517647058824
19.18048128342246, 8.129454545454545
30.047459893048128, 6.491608556149733

0.0, 0.0
0.3870922459893048, 56.75602139037433
0.7233288770053476, 41.96781818181818
1.0, 35.68822459893048
1.5235294117647058, 28.917288770053474
5.204344919786096, 15.663032085561497
9.574866310160427, 11.600470588235295
19.18048128342246, 8.149090909090908
30.047459893048128, 6.507288770053476

0.0, 0.0
0.3870922459893048, 56.892782887700534
0.7233288770053476, 42.06894545454546
1.0, 35.77422032085561
1.5235294117647058, 28.98696898395722
5.204344919786096, 15.700774331550802
9.574866310160427, 11.628423529411764
19.18048128342246, 8.168727272727272
30.047459893048128, 6.522968983957219

0.0, 0.0
0.3870922459893048, 57.02954438502674
0.7233288770053476, 42.170072727272725
1.0, 35.86021604278075
1.5235294117647058, 29.056649197860963
5.204344919786096, 15.738516577540107
9.574866310160427, 11.656376470588235
19.18048128342246, 8.188363636363636
30.047459893048128, 6.538649197860963

0.0, 0.0
0.3870922459893048, 57.166305882352944
0.7233288770053476, 42.2712
1.0, 35.94621176470588
1.5235294117647058, 29.126329411764704
5.204344919786096, 15.776258823529412
9.574866310160427, 11.684329411764706
19.18048128342246, 8.208
30.047459893048128, 6.554329411764706

0.0, 0.0
0.3870922459893048, 57.30306737967914
0.7233288770053476, 42.372327272727276
1.0, 36.032207486631016
1.5235294117647058, 29.19600962566845
5.204344919786096, 15.814001069518717
9.574866310160427, 11.712282352941177
19.18048128342246, 8.227636363636364
30.047459893048128, 6.570009625668449

0.0, 0.0
0.3870922459893048, 57.43982887700535
0.7233288770053476, 42.473454545454544
1.0, 36.11820320855615
1.5235294117647058, 29.265689839572193
5.204344919786096, 15.85174331550802
9.574866310160427, 11.740235294117648
19.18048128342246, 8.247272727272728
30.047459893048128, 6.585689839572193

0.0, 0.0
0.3870922459893048, 57.57659037433155
0.7233288770053476, 42.57458181818182
1.0, 36.20419893048128
1.5235294117647058, 29.335370053475934
5.204344919786096, 15.889485561497326
9.574866310160427, 11.768188235294117
19.18048128342246, 8.26690909090909
30.047459893048128, 6.601370053475936

0.0, 0.0
0.3870922459893048, 57.71335187165776
0.7233288770053476, 42.67570909090909
1.0, 36.29019465240642
1.5235294117647058, 29.40505026737968
5.204344919786096, 15.92722780748663
9.574866310160427, 11.796141176470588
19.18048128342246, 8.286545454545454
30.047459893048128, 6.617050267379679

0.0, 0.0
0.3870922459893048, 57.850113368983955
0.7233288770053476, 42.77683636363636
1.0, 36.37619037433155
1.5235294117647058, 29.474730481283423
5.204344919786096, 15.964970053475936
9.574866310160427, 11.824094117647059
19.18048128342246, 8.306181818181818
30.047459893048128, 6.6327304812834225

0.0, 0.0
0.3870922459893048, 57.98687486631016
0.7233288770053476, 42.87796363636364
1.0, 36.46218609625669
1.5235294117647058, 29.544410695187167
5.204344919786096, 16.00271229946524
9.574866310160427, 11.85204705882353
19.18048128342246, 8.325818181818182
30.047459893048128, 6.648410695187166

0.0, 0.0
0.3870922459893048, 58.123636363636365
0.7233288770053476, 42.97909090909091
1.0, 36.54818181818182
1.5235294117647058, 29.61409090909091
5.204344919786096, 16.040454545454544
9.574866310160427, 11.88
19.18048128342246, 8.345454545454546
30.047459893048128, 6.664090909090909

0.0, 0.0
0.3870922459893048, 58.26039786096257
0.7233288770053476, 43.08021818181818
1.0, 36.634177540106954
1.5235294117647058, 29.683771122994653
5.204344919786096, 16.07819679144385
9.574866310160427, 11.90795294117647
19.18048128342246, 8.36509090909091
30.047459893048128, 6.679771122994652

0.0, 0.0
0.3870922459893048, 58.39715935828877
0.7233288770053476, 43.18134545454546
1.0, 36.720173262032084
1.5235294117647058, 29.753451336898397
5.204344919786096, 16.115939037433154
9.574866310160427, 11.935905882352941
19.18048128342246, 8.384727272727273
30.047459893048128, 6.695451336898396

0.0, 0.0
0.3870922459893048, 58.53392085561497
0.7233288770053476, 43.282472727272726
1.0, 36.80616898395722
1.5235294117647058, 29.823131550802138
5.204344919786096, 16.15368128342246
9.574866310160427, 11.963858823529412
19.18048128342246, 8.404363636363636
30.047459893048128, 6.711131550802139

0.0, 0.0
0.3870922459893048, 58.67068235294118
0.7233288770053476, 43.3836
1.0, 36.89216470588235
1.5235294117647058, 29.892811764705883
5.204344919786096, 16.191423529411765
9.574866310160427, 11.991811764705883
19.18048128342246, 8.424
30.047459893048128, 6.726811764705882

0.0, 0.0
0.3870922459893048, 58.80744385026738
0.7233288770053476, 43.48472727272727
1.0, 36.97816042780749
1.5235294117647058, 29.962491978609627
5.204344919786096, 16.229165775401068
9.574866310160427, 12.019764705882354
19.18048128342246, 8.443636363636363
30.047459893048128, 6.742491978609626

0.0, 0.0
0.3870922459893048, 58.94420534759358
0.7233288770053476, 43.585854545454545
1.0, 37.06415614973262
1.5235294117647058, 30.032172192513368
5.204344919786096, 16.266908021390375
9.574866310160427, 12.047717647058823
19.18048128342246, 8.463272727272727
30.047459893048128, 6.758172192513369

0.0, 0.0
0.3870922459893048, 59.080966844919786
0.7233288770053476, 43.68698181818182
1.0, 37.150151871657755
1.5235294117647058, 30.101852406417112
5.204344919786096, 16.304650267379678
9.574866310160427, 12.075670588235294
19.18048128342246, 8.482909090909091
30.047459893048128, 6.773852406417112

0.0, 0.0
0.3870922459893048, 59.21772834224599
0.7233288770053476, 43.78810909090909
1.0, 37.236147593582885
1.5235294117647058, 30.171532620320857
5.204344919786096, 16.342392513368985
9.574866310160427, 12.103623529411765
19.18048128342246, 8.502545454545455
30.047459893048128, 6.7895326203208555

0.0, 0.0
0.3870922459893048, 59.354489839572196
0.7233288770053476, 43.889236363636364
1.0, 37.32214331550802
1.5235294117647058, 30.241212834224598
5.204344919786096, 16.380134759358288
9.574866310160427, 12.131576470588236
19.18048128342246, 8.522181818181819
30.047459893048128, 6.805212834224599

0.0, 0.0
0.3870922459893048, 59.491251336898394
0.7233288770053476, 43.99036363636364
1.0, 37.40813903743315
1.5235294117647058, 30.310893048128342
5.204344919786096, 16.417877005347595
9.574866310160427, 12.159529411764705
19.18048128342246, 8.541818181818181
30.047459893048128, 6.820893048128342

0.0, 0.0
0.3870922459893048, 59.6280128342246
0.7233288770053476, 44.09149090909091
1.0, 37.49413475935829
1.5235294117647058, 30.380573262032087
5.204344919786096, 16.4556192513369
9.574866310160427, 12.187482352941176
19.18048128342246, 8.561454545454545
30.047459893048128, 6.836573262032085

0.0, 0.0
0.3870922459893048, 59.764774331550804
0.7233288770053476, 44.19261818181818
1.0, 37.58013048128342
1.5235294117647058, 30.450253475935828
5.204344919786096, 16.4933614973262
9.574866310160427, 12.215435294117647
19.18048128342246, 8.581090909090909
30.047459893048128, 6.852253475935829

0.0, 0.0
0.3870922459893048, 59.90153582887701
0.7233288770053476, 44.29374545454545
1.0, 37.666126203208556
1.5235294117647058, 30.519933689839572
5.204344919786096, 16.53110374331551
9.574866310160427, 12.243388235294118
19.18048128342246, 8.600727272727273
30.047459893048128, 6.867933689839572

0.0, 0.0
0.3870922459893048, 60.03829732620321
0.7233288770053476, 44.39487272727273
1.0, 37.75212192513369
1.5235294117647058, 30.589613903743317
5.204344919786096, 16.568845989304812
9.574866310160427, 12.271341176470589
19.18048128342246, 8.620363636363637
30.047459893048128, 6.883613903743315

0.0, 0.0
0.3870922459893048, 60.17505882352941
0.7233288770053476, 44.496
1.0, 37.83811764705882
1.5235294117647058, 30.659294117647057
5.204344919786096, 16.60658823529412
9.574866310160427, 12.299294117647058
19.18048128342246, 8.64
30.047459893048128, 6.899294117647059

0.0, 0.0
0.3870922459893048, 60.31182032085562
0.7233288770053476, 44.59712727272727
1.0, 37.92411336898396
1.5235294117647058, 30.728974331550802
5.204344919786096, 16.644330481283422
9.574866310160427, 12.327247058823529
19.18048128342246, 8.659636363636364
30.047459893048128, 6.914974331550802

0.0, 0.0
0.3870922459893048, 60.448581818181815
0.7233288770053476, 44.698254545454546
1.0, 38.01010909090909
1.5235294117647058, 30.798654545454546
5.204344919786096, 16.68207272727273
9.574866310160427, 12.3552
19.18048128342246, 8.679272727272727
30.047459893048128, 6.930654545454545

0.0, 0.0
0.3870922459893048, 60.58534331550802
0.7233288770053476, 44.79938181818182
1.0, 38.09610481283423
1.5235294117647058, 30.868334759358287
5.204344919786096, 16.719814973262032
9.574866310160427, 12.383152941176471
19.18048128342246, 8.69890909090909
30.047459893048128, 6.9463347593582885

0.0, 0.0
0.3870922459893048, 60.722104812834225
0.7233288770053476, 44.90050909090909
1.0, 38.18210053475936
1.5235294117647058, 30.93801497326203
5.204344919786096, 16.757557219251336
9.574866310160427, 12.411105882352942
19.18048128342246, 8.718545454545454
30.047459893048128, 6.962014973262032

0.0, 0.0
0.3870922459893048, 60.85886631016043
0.7233288770053476, 45.001636363636365
1.0, 38.268096256684494
1.5235294117647058, 31.007695187165776
5.204344919786096, 16.795299465240642
9.574866310160427, 12.439058823529411
19.18048128342246, 8.738181818181818
30.047459893048128, 6.977695187165775

0.0, 0.0
0.3870922459893048, 60.99562780748663
0.7233288770053476, 45.10276363636363
1.0, 38.354091978609624
1.5235294117647058, 31.077375401069517
5.204344919786096, 16.833041711229946
9.574866310160427, 12.467011764705882
19.18048128342246, 8.757818181818182
30.047459893048128, 6.993375401069518

0.0, 0.0
0.3870922459893048, 61.13238930481283
0.7233288770053476, 45.20389090909091
1.0, 38.44008770053476
1.5235294117647058, 31.14705561497326
5.204344919786096, 16.870783957219253
9.574866310160427, 12.494964705882353
19.18048128342246, 8.777454545454546
30.047459893048128, 7.009055614973262

0.0, 0.0
0.3870922459893048, 61.26915080213904
0.7233288770053476, 45.305018181818184
1.0, 38.52608342245989
1.5235294117647058, 31.216735828877006
5.204344919786096, 16.908526203208556
9.574866310160427, 12.522917647058824
19.18048128342246, 8.79709090909091
30.047459893048128, 7.024735828877005

0.0, 0.0
0.3870922459893048, 61.40591229946524
0.7233288770053476, 45.40614545454545
1.0, 38.61207914438503
1.5235294117647058, 31.286416042780747
5.204344919786096, 16.94626844919786
9.574866310160427, 12.550870588235295
19.18048128342246, 8.816727272727272
30.047459893048128, 7.040416042780748

0.0, 0.0
0.3870922459893048, 61.54267379679144
0.7233288770053476, 45.50727272727273
1.0, 38.69807486631016
1.5235294117647058, 31.35609625668449
5.204344919786096, 16.984010695187166
9.574866310160427, 12.578823529411764
19.18048128342246, 8.836363636363636
30.047459893048128, 7.056096256684492

0.0, 0.0
0.3870922459893048, 61.679435294117646
0.7233288770053476, 45.6084
1.0, 38.784070588235295
1.5235294117647058, 31.425776470588236
5.204344919786096, 17.02175294117647
9.574866310160427, 12.606776470588235
19.18048128342246, 8.856
30.047459893048128, 7.071776470588235

0.0, 0.0
0.3870922459893048, 61.81619679144385
0.7233288770053476, 45.70952727272727
1.0, 38.870066310160425
1.5235294117647058, 31.49545668449198
5.204344919786096, 17.059495187165776
9.574866310160427, 12.634729411764706
19.18048128342246, 8.875636363636364
30.047459893048128, 7.087456684491978

0.0, 0.0
0.3870922459893048, 61.952958288770056
0.7233288770053476, 45.81065454545455
1.0, 38.95606203208556
1.5235294117647058, 31.56513689839572
5.204344919786096, 17.09723743315508
9.574866310160427, 12.662682352941177
19.18048128342246, 8.895272727272728
30.047459893048128, 7.1031368983957215

0.0, 0.0
0.3870922459893048, 62.08971978609625
0.7233288770053476, 45.911781818181815
1.0, 39.04205775401069
1.5235294117647058, 31.634817112299466
5.204344919786096, 17.134979679144386
9.574866310160427, 12.690635294117648
19.18048128342246, 8.914909090909092
30.047459893048128, 7.118817112299466

0.0, 0.0
0.3870922459893048, 62.22648128342246
0.7233288770053476, 46.01290909090909
1.0, 39.12805347593583
1.5235294117647058, 31.70449732620321
5.204344919786096, 17.17272192513369
9.574866310160427, 12.718588235294117
19.18048128342246, 8.934545454545454
30.047459893048128, 7.134497326203209

0.0, 0.0
0.3870922459893048, 62.363242780748664
0.7233288770053476, 46.114036363636366
1.0, 39.214049197860966
1.5235294117647058, 31.77417754010695
5.204344919786096, 17.210464171122993
9.574866310160427, 12.746541176470588
19.18048128342246, 8.954181818181818
30.047459893048128, 7.150177540106952

0.0, 0.0
0.3870922459893048, 62.50000427807487
0.7233288770053476, 46.215163636363634
1.0, 39.300044919786096
1.5235294117647058, 31.843857754010696
5.204344919786096, 17.2482064171123
9.574866310160427, 12.774494117647059
19.18048128342246, 8.973818181818181
30.047459893048128, 7.165857754010696

0.0, 0.0
0.3870922459893048, 62.63676577540107
0.7233288770053476, 46.31629090909091
1.0, 39.38604064171123
1.5235294117647058, 31.91353796791444
5.204344919786096, 17.285948663101603
9.574866310160427, 12.80244705882353
19.18048128342246, 8.993454545454545
30.047459893048128, 7.181537967914439

0.0, 0.0
0.3870922459893048, 62.77352727272727
0.7233288770053476, 46.417418181818185
1.0, 39.47203636363636
1.5235294117647058, 31.98321818181818
5.204344919786096, 17.32369090909091
9.574866310160427, 12.8304
19.18048128342246, 9.01309090909091
30.047459893048128, 7.197218181818182

0.0, 0.0
0.3870922459893048, 62.91028877005348
0.7233288770053476, 46.51854545454545
1.0, 39.5580320855615
1.5235294117647058, 32.052898395721925
5.204344919786096, 17.361433155080213
9.574866310160427, 12.85835294117647
19.18048128342246, 9.032727272727273
30.047459893048128, 7.2128983957219255

0.0, 0.0
0.3870922459893048, 63.04705026737968
0.7233288770053476, 46.61967272727273
1.0, 39.64402780748663
1.5235294117647058, 32.12257860962567
5.204344919786096, 17.39917540106952
9.574866310160427, 12.886305882352941
19.18048128342246, 9.052363636363637
30.047459893048128, 7.228578609625669

0.0, 0.0
0.3870922459893048, 63.18381176470588
0.7233288770053476, 46.7208
1.0, 39.73002352941177
1.5235294117647058, 32.192258823529414
5.204344919786096, 17.436917647058824
9.574866310160427, 12.914258823529412
19.18048128342246, 9.072
30.047459893048128, 7.244258823529412

0.0, 0.0
0.3870922459893048, 63.320573262032084
0.7233288770053476, 46.82192727272727
1.0, 39.8160192513369
1.5235294117647058, 32.26193903743315
5.204344919786096, 17.474659893048127
9.574866310160427, 12.942211764705883
19.18048128342246, 9.091636363636363
30.047459893048128, 7.259939037433155

0.0, 0.0
0.3870922459893048, 63.45733475935829
0.7233288770053476, 46.92305454545455
1.0, 39.902014973262034
1.5235294117647058, 32.331619251336896
5.204344919786096, 17.512402139037434
9.574866310160427, 12.970164705882352
19.18048128342246, 9.111272727272727
30.047459893048128, 7.275619251336899

0.0, 0.0
0.3870922459893048, 63.594096256684495
0.7233288770053476, 47.024181818181816
1.0, 39.988010695187164
1.5235294117647058, 32.40129946524064
5.204344919786096, 17.550144385026737
9.574866310160427, 12.998117647058823
19.18048128342246, 9.13090909090909
30.047459893048128, 7.291299465240642

0.0, 0.0
0.3870922459893048, 63.73085775401069
0.7233288770053476, 47.12530909090909
1.0, 40.0740064171123
1.5235294117647058, 32.470979679144385
5.204344919786096, 17.587886631016044
9.574866310160427, 13.026070588235294
19.18048128342246, 9.150545454545455
30.047459893048128, 7.306979679144385

0.0, 0.0
0.3870922459893048, 63.8676192513369
0.7233288770053476, 47.22643636363637
1.0, 40.16000213903743
1.5235294117647058, 32.54065989304813
5.204344919786096, 17.625628877005347
9.574866310160427, 13.054023529411765
19.18048128342246, 9.170181818181819
30.047459893048128, 7.322659893048129

0.0, 0.0
0.3870922459893048, 64.0043807486631
0.7233288770053476, 47.327563636363635
1.0, 40.24599786096257
1.5235294117647058, 32.610340106951874
5.204344919786096, 17.663371122994654
9.574866310160427, 13.081976470588236
19.18048128342246, 9.189818181818183
30.047459893048128, 7.338340106951872

0.0, 0.0
0.3870922459893048, 64.1411422459893
0.7233288770053476, 47.42869090909091
1.0, 40.3319935828877
1.5235294117647058, 32.68002032085562
5.204344919786096, 17.701113368983957
9.574866310160427, 13.109929411764705
19.18048128342246, 9.209454545454545
30.047459893048128, 7.354020320855615

0.0, 0.0
0.3870922459893048, 64.2779037433155
0.7233288770053476, 47.52981818181818
1.0, 40.417989304812835
1.5235294117647058, 32.749700534759356
5.204344919786096, 17.73885561497326
9.574866310160427, 13.137882352941176
19.18048128342246, 9.229090909090909
30.047459893048128, 7.3697005347593585

0.0, 0.0
0.3870922459893048, 64.41466524064171
0.7233288770053476, 47.630945454545454
1.0, 40.503985026737965
1.5235294117647058, 32.8193807486631
5.204344919786096, 17.776597860962568
9.574866310160427, 13.165835294117647
19.18048128342246, 9.248727272727272
30.047459893048128, 7.385380748663102

0.0, 0.0
0.3870922459893048, 64.55142673796792
0.7233288770053476, 47.73207272727273
1.0, 40.5899807486631
1.5235294117647058, 32.889060962566845
5.204344919786096, 17.81434010695187
9.574866310160427, 13.193788235294118
19.18048128342246, 9.268363636363636
30.047459893048128, 7.401060962566845

0.0, 0.0
0.3870922459893048, 64.68818823529412
0.7233288770053476, 47.8332
1.0, 40.67597647058823
1.5235294117647058, 32.95874117647059
5.204344919786096, 17.852082352941178
9.574866310160427, 13.221741176470589
19.18048128342246, 9.288
30.047459893048128, 7.416741176470588

0.0, 0.0
0.3870922459893048, 64.82494973262033
0.7233288770053476, 47.93432727272727
1.0, 40.76197219251337
1.5235294117647058, 33.028421390374334
5.204344919786096, 17.88982459893048
9.574866310160427, 13.249694117647058
19.18048128342246, 9.307636363636364
30.047459893048128, 7.432421390374332

0.0, 0.0
0.3870922459893048, 64.96171122994653
0.7233288770053476, 48.03545454545455
1.0, 40.847967914438506
1.5235294117647058, 33.09810160427808
5.204344919786096, 17.927566844919784
9.574866310160427, 13.27764705882353
19.18048128342246, 9.327272727272728
30.047459893048128, 7.448101604278075

0.0, 0.0
0.3870922459893048, 65.09847272727272
0.7233288770053476, 48.13658181818182
1.0, 40.933963636363636
1.5235294117647058, 33.167781818181815
5.204344919786096, 17.96530909090909
9.574866310160427, 13.3056
19.18048128342246, 9.34690909090909
30.047459893048128, 7.463781818181818

0.0, 0.0
0.3870922459893048, 65.23523422459893
0.7233288770053476, 48.23770909090909
1.0, 41.01995935828877
1.5235294117647058, 33.23746203208556
5.204344919786096, 18.003051336898395
9.574866310160427, 13.333552941176471
19.18048128342246, 9.366545454545454
30.047459893048128, 7.479462032085562

0.0, 0.0
0.3870922459893048, 65.37199572192513
0.7233288770053476, 48.33883636363636
1.0, 41.1059550802139
1.5235294117647058, 33.307142245989304
5.204344919786096, 18.0407935828877
9.574866310160427, 13.361505882352942
19.18048128342246, 9.386181818181818
30.047459893048128, 7.495142245989305

0.0, 0.0
0.3870922459893048, 65.50875721925134
0.7233288770053476, 48.439963636363636
1.0, 41.19195080213904
1.5235294117647058, 33.37682245989305
5.204344919786096, 18.078535828877005
9.574866310160427, 13.389458823529411
19.18048128342246, 9.405818181818182
30.047459893048128, 7.510822459893048

0.0, 0.0
0.3870922459893048, 65.64551871657754
0.7233288770053476, 48.54109090909091
1.0, 41.27794652406417
1.5235294117647058, 33.44650267379679
5.204344919786096, 18.11627807486631
9.574866310160427, 13.417411764705882
19.18048128342246, 9.425454545454546
30.047459893048128, 7.5265026737967915

0.0, 0.0
0.3870922459893048, 65.78228021390375
0.7233288770053476, 48.64221818181818
1.0, 41.36394224598931
1.5235294117647058, 33.51618288770054
5.204344919786096, 18.154020320855615
9.574866310160427, 13.445364705882353
19.18048128342246, 9.44509090909091
30.047459893048128, 7.542182887700535

0.0, 0.0
0.3870922459893048, 65.91904171122995
0.7233288770053476, 48.743345454545455
1.0, 41.44993796791444
1.5235294117647058, 33.585863101604275
5.204344919786096, 18.19176256684492
9.574866310160427, 13.473317647058824
19.18048128342246, 9.464727272727274
30.047459893048128, 7.557863101604278

0.0, 0.0
0.3870922459893048, 66.05580320855616
0.7233288770053476, 48.84447272727273
1.0, 41.535933689839574
1.5235294117647058, 33.65554331550802
5.204344919786096, 18.229504812834225
9.574866310160427, 13.501270588235293
19.18048128342246, 9.484363636363636
30.047459893048128, 7.573543315508021

0.0, 0.0
0.3870922459893048, 66.19256470588235
0.7233288770053476, 48.9456
1.0, 41.621929411764704
1.5235294117647058, 33.725223529411764
5.204344919786096, 18.26724705882353
9.574866310160427, 13.529223529411764
19.18048128342246, 9.504
30.047459893048128, 7.589223529411765

0.0, 0.0
0.3870922459893048, 66.32932620320855
0.7233288770053476, 49.046727272727274
1.0, 41.70792513368984
1.5235294117647058, 33.79490374331551
5.204344919786096, 18.304989304812835
9.574866310160427, 13.557176470588235
19.18048128342246, 9.523636363636363
30.047459893048128, 7.604903743315508

0.0, 0.0
0.3870922459893048, 66.46608770053476
0.7233288770053476, 49.14785454545454
1.0, 41.79392085561497
1.5235294117647058, 33.86458395721925
5.204344919786096, 18.34273155080214
9.574866310160427, 13.585129411764706
19.18048128342246, 9.543272727272727
30.047459893048128, 7.620583957219251

0.0, 0.0
0.3870922459893048, 66.60284919786096
0.7233288770053476, 49.24898181818182
1.0, 41.87991657754011
1.5235294117647058, 33.934264171123
5.204344919786096, 18.380473796791446
9.574866310160427, 13.613082352941177
19.18048128342246, 9.562909090909091
30.047459893048128, 7.636264171122995

0.0, 0.0
0.3870922459893048, 66.73961069518717
0.7233288770053476, 49.35010909090909
1.0, 41.96591229946524
1.5235294117647058, 34.003944385026735
5.204344919786096, 18.41821604278075
9.574866310160427, 13.641035294117646
19.18048128342246, 9.582545454545455
30.047459893048128, 7.651944385026738

0.0, 0.0
0.3870922459893048, 66.87637219251337
0.7233288770053476, 49.45123636363636
1.0, 42.051908021390375
1.5235294117647058, 34.07362459893048
5.204344919786096, 18.455958288770052
9.574866310160427, 13.668988235294117
19.18048128342246, 9.602181818181819
30.047459893048128, 7.667624598930481

0.0, 0.0
0.3870922459893048, 67.01313368983958
0.7233288770053476, 49.55236363636364
1.0, 42.137903743315505
1.5235294117647058, 34.143304812834224
5.204344919786096, 18.49370053475936
9.574866310160427, 13.696941176470588
19.18048128342246, 9.621818181818181
30.047459893048128, 7.6833048128342245

0.0, 0.0
0.3870922459893048, 67.14989518716578
0.7233288770053476, 49.65349090909091
1.0, 42.22389946524064
1.5235294117647058, 34.21298502673797
5.204344919786096, 18.531442780748662
9.574866310160427, 13.72489411764706
19.18048128342246, 9.641454545454545
30.047459893048128, 7.698985026737968

0.0, 0.0
0.3870922459893048, 67.28665668449197
0.7233288770053476, 49.75461818181818
1.0, 42.30989518716578
1.5235294117647058, 34.28266524064171
5.204344919786096, 18.56918502673797
9.574866310160427, 13.75284705882353
19.18048128342246, 9.661090909090909
30.047459893048128, 7.714665240641711

0.0, 0.0
0.3870922459893048, 67.42341818181818
0.7233288770053476, 49.855745454545456
1.0, 42.39589090909091
1.5235294117647058, 34.35234545454546
5.204344919786096, 18.606927272727273
9.574866310160427, 13.7808
19.18048128342246, 9.680727272727273
30.047459893048128, 7.730345454545454

0.0, 0.0
0.3870922459893048, 67.56017967914438
0.7233288770053476, 49.956872727272724
1.0, 42.481886631016046
1.5235294117647058, 34.422025668449194
5.204344919786096, 18.644669518716576
9.574866310160427, 13.80875294117647
19.18048128342246, 9.700363636363637
30.047459893048128, 7.746025668449198

0.0, 0.0
0.3870922459893048, 67.69694117647059
0.7233288770053476, 50.058
1.0, 42.567882352941176
1.5235294117647058, 34.49170588235294
5.204344919786096, 18.682411764705883
9.574866310160427, 13.836705882352941
19.18048128342246, 9.72
30.047459893048128, 7.761705882352941

0.0, 0.0
0.3870922459893048, 67.8337026737968
0.7233288770053476, 50.159127272727275
1.0, 42.65387807486631
1.5235294117647058, 34.56138609625668
5.204344919786096, 18.720154010695186
9.574866310160427, 13.864658823529412
19.18048128342246, 9.739636363636363
30.047459893048128, 7.777386096256684

0.0, 0.0
0.3870922459893048, 67.970464171123
0.7233288770053476, 50.26025454545454
1.0, 42.73987379679144
1.5235294117647058, 34.63106631016043
5.204344919786096, 18.757896256684493
9.574866310160427, 13.892611764705883
19.18048128342246, 9.759272727272727
30.047459893048128, 7.793066310160428

0.0, 0.0
0.3870922459893048, 68.1072256684492
0.7233288770053476, 50.36138181818182
1.0, 42.82586951871658
1.5235294117647058, 34.70074652406417
5.204344919786096, 18.795638502673796
9.574866310160427, 13.920564705882352
19.18048128342246, 9.77890909090909
30.047459893048128, 7.808746524064171

0.0, 0.0
0.3870922459893048, 68.2439871657754
0.7233288770053476, 50.462509090909094
1.0, 42.91186524064171
1.5235294117647058, 34.77042673796792
5.204344919786096, 18.833380748663103
9.574866310160427, 13.948517647058823
19.18048128342246, 9.798545454545454
30.047459893048128, 7.824426737967914

0.0, 0.0
0.3870922459893048, 68.3807486631016
0.7233288770053476, 50.56363636363636
1.0, 42.99786096256685
1.5235294117647058, 34.84010695187166
5.204344919786096, 18.871122994652406
9.574866310160427, 13.976470588235294
19.18048128342246, 9.818181818181818
30.047459893048128, 7.8401069518716575

0.0, 0.0
0.3870922459893048, 68.5175101604278
0.7233288770053476, 50.66476363636364
1.0, 43.08385668449198
1.5235294117647058, 34.9097871657754
5.204344919786096, 18.90886524064171
9.574866310160427, 14.004423529411765
19.18048128342246, 9.837818181818182
30.047459893048128, 7.855787165775401

0.0, 0.0
0.3870922459893048, 68.65427165775401
0.7233288770053476, 50.765890909090906
1.0, 43.169852406417114
1.5235294117647058, 34.97946737967914
5.204344919786096, 18.946607486631017
9.574866310160427, 14.032376470588236
19.18048128342246, 9.857454545454546
30.047459893048128, 7.871467379679144

0.0, 0.0
0.3870922459893048, 68.79103315508021
0.7233288770053476, 50.86701818181818
1.0, 43.255848128342244
1.5235294117647058, 35.04914759358289
5.204344919786096, 18.98434973262032
9.574866310160427, 14.060329411764705
19.18048128342246, 9.877090909090908
30.047459893048128, 7.887147593582887

0.0, 0.0
0.3870922459893048, 68.92779465240642
0.7233288770053476, 50.96814545454546
1.0, 43.34184385026738
1.5235294117647058, 35.11882780748663
5.204344919786096, 19.022091978609627
9.574866310160427, 14.088282352941176
19.18048128342246, 9.896727272727272
30.047459893048128, 7.902827807486631

0.0, 0.0
0.3870922459893048, 69.06455614973262
0.7233288770053476, 51.069272727272725
1.0, 43.42783957219251
1.5235294117647058, 35.188508021390376
5.204344919786096, 19.05983422459893
9.574866310160427, 14.116235294117647
19.18048128342246, 9.916363636363636
30.047459893048128, 7.918508021390374

0.0, 0.0
0.3870922459893048, 69.20131764705883
0.7233288770053476, 51.1704
1.0, 43.51383529411765
1.5235294117647058, 35.25818823529412
5.204344919786096, 19.097576470588237
9.574866310160427, 14.144188235294118
19.18048128342246, 9.936
30.047459893048128, 7.934188235294117

0.0, 0.0
0.3870922459893048, 69.33807914438502
0.7233288770053476, 51.271527272727276
1.0, 43.59983101604278
1.5235294117647058, 35.32786844919786
5.204344919786096, 19.13531871657754
9.574866310160427, 14.172141176470587
19.18048128342246, 9.955636363636364
30.047459893048128, 7.949868449197861

0.0, 0.0
0.3870922459893048, 69.47484064171122
0.7233288770053476, 51.372654545454544
1.0, 43.685826737967915
1.5235294117647058, 35.3975486631016
5.204344919786096, 19.173060962566844
9.574866310160427, 14.200094117647058
19.18048128342246, 9.975272727272728
30.047459893048128, 7.965548663101604

0.0, 0.0
0.3870922459893048, 69.61160213903743
0.7233288770053476, 51.47378181818182
1.0, 43.771822459893045
1.5235294117647058, 35.46722887700535
5.204344919786096, 19.21080320855615
9.574866310160427, 14.22804705882353
19.18048128342246, 9.994909090909092
30.047459893048128, 7.981228877005347

0.0, 0.0
0.3870922459893048, 69.74836363636364
0.7233288770053476, 51.57490909090909
1.0, 43.85781818181818
1.5235294117647058, 35.53690909090909
5.204344919786096, 19.248545454545454
9.574866310160427, 14.256
19.18048128342246, 10.014545454545454
30.047459893048128, 7.9969090909090905

0.0, 0.0
0.3870922459893048, 69.88512513368984
0.7233288770053476, 51.67603636363636
1.0, 43.94381390374332
1.5235294117647058, 35.606589304812836
5.204344919786096, 19.28628770053476
9.574866310160427, 14.283952941176471
19.18048128342246, 10.034181818181818
30.047459893048128, 8.012589304812835

0.0, 0.0
0.3870922459893048, 70.02188663101605
0.7233288770053476, 51.77716363636364
1.0, 44.02980962566845
1.5235294117647058, 35.67626951871658
5.204344919786096, 19.324029946524064
9.574866310160427, 14.31190588235294
19.18048128342246, 10.053818181818182
30.047459893048128, 8.028269518716577

0.0, 0.0
0.3870922459893048, 70.15864812834225
0.7233288770053476, 51.87829090909091
1.0, 44.115805347593586
1.5235294117647058, 35.74594973262032
5.204344919786096, 19.361772192513367
9.574866310160427, 14.339858823529411
19.18048128342246, 10.073454545454545
30.047459893048128, 8.043949732620321

0.0, 0.0
0.3870922459893048, 70.29540962566846
0.7233288770053476, 51.97941818181818
1.0, 44.201801069518716
1.5235294117647058, 35.81562994652406
5.204344919786096, 19.399514438502674
9.574866310160427, 14.367811764705882
19.18048128342246, 10.09309090909091
30.047459893048128, 8.059629946524064

0.0, 0.0
0.3870922459893048, 70.43217112299465
0.7233288770053476, 52.08054545454546
1.0, 44.28779679144385
1.5235294117647058, 35.88531016042781
5.204344919786096, 19.437256684491977
9.574866310160427, 14.395764705882353
19.18048128342246, 10.112727272727273
30.047459893048128, 8.075310160427808

0.0, 0.0
0.3870922459893048, 70.56893262032085
0.7233288770053476, 52.181672727272726
1.0, 44.37379251336898
1.5235294117647058, 35.95499037433155
5.204344919786096, 19.474998930481284
9.574866310160427, 14.423717647058824
19.18048128342246, 10.132363636363637
30.047459893048128, 8.09099037433155

0.0, 0.0
0.3870922459893048, 70.70569411764706
0.7233288770053476, 52.2828
1.0, 44.45978823529412
1.5235294117647058, 36.024670588235296
5.204344919786096, 19.512741176470588
9.574866310160427, 14.451670588235293
19.18048128342246, 10.152
30.047459893048128, 8.106670588235295

0.0, 0.0
0.3870922459893048, 70.84245561497326
0.7233288770053476, 52.38392727272727
1.0, 44.54578395721925
1.5235294117647058, 36.09435080213904
5.204344919786096, 19.550483422459894
9.574866310160427, 14.479623529411764
19.18048128342246, 10.171636363636363
30.047459893048128, 8.122350802139037

0.0, 0.0
0.3870922459893048, 70.97921711229947
0.7233288770053476, 52.485054545454545
1.0, 44.63177967914439
1.5235294117647058, 36.16403101604278
5.204344919786096, 19.588225668449198
9.574866310160427, 14.507576470588235
19.18048128342246, 10.191272727272727
30.047459893048128, 8.138031016042781

0.0, 0.0
0.3870922459893048, 71.11597860962567
0.7233288770053476, 52.58618181818182
1.0, 44.71777540106952
1.5235294117647058, 36.23371122994652
5.204344919786096, 19.6259679144385
9.574866310160427, 14.535529411764706
19.18048128342246, 10.210909090909091
30.047459893048128, 8.153711229946524

0.0, 0.0
0.3870922459893048, 71.25274010695188
0.7233288770053476, 52.68730909090909
1.0, 44.803771122994654
1.5235294117647058, 36.303391443850266
5.204344919786096, 19.663710160427808
9.574866310160427, 14.563482352941177
19.18048128342246, 10.230545454545455
30.047459893048128, 8.169391443850268

0.0, 0.0
0.3870922459893048, 71.38950160427808
0.7233288770053476, 52.788436363636364
1.0, 44.889766844919784
1.5235294117647058, 36.37307165775401
5.204344919786096, 19.70145240641711
9.574866310160427, 14.591435294117646
19.18048128342246, 10.250181818181819
30.047459893048128, 8.18507165775401

0.0, 0.0
0.3870922459893048, 71.52626310160427
0.7233288770053476, 52.88956363636364
1.0, 44.97576256684492
1.5235294117647058, 36.442751871657755
5.204344919786096, 19.739194652406418
9.574866310160427, 14.619388235294117
19.18048128342246, 10.269818181818183
30.047459893048128, 8.200751871657754

0.0, 0.0
0.3870922459893048, 71.66302459893048
0.7233288770053476, 52.99069090909091
1.0, 45.06175828877005
1.5235294117647058, 36.5124320855615
5.204344919786096, 19.77693689839572
9.574866310160427, 14.647341176470588
19.18048128342246, 10.289454545454545
30.047459893048128, 8.216432085561497

0.0, 0.0
0.3870922459893048, 71.79978609625668
0.7233288770053476, 53.091818181818184
1.0, 45.14775401069519
1.5235294117647058, 36.582112299465244
5.204344919786096, 19.81467914438503
9.574866310160427, 14.67529411764706
19.18048128342246, 10.309090909090909
30.047459893048128, 8.232112299465241

0.0, 0.0
0.3870922459893048, 71.93654759358289
0.7233288770053476, 53.19294545454545
1.0, 45.23374973262032
1.5235294117647058, 36.65179251336898
5.204344919786096, 19.85242139037433
9.574866310160427, 14.70324705882353
19.18048128342246, 10.328727272727273
30.047459893048128, 8.247792513368983

0.0, 0.0
0.3870922459893048, 72.07330909090909
0.7233288770053476, 53.29407272727273
1.0, 45.319745454545455
1.5235294117647058, 36.721472727272726
5.204344919786096, 19.890163636363635
9.574866310160427, 14.7312
19.18048128342246, 10.348363636363636
30.047459893048128, 8.263472727272728

0.0, 0.0
0.3870922459893048, 72.2100705882353
0.7233288770053476, 53.3952
1.0, 45.405741176470585
1.5235294117647058, 36.79115294117647
5.204344919786096, 19.927905882352942
9.574866310160427, 14.75915294117647
19.18048128342246, 10.368
30.047459893048128, 8.27915294117647

0.0, 0.0
0.3870922459893048, 72.3468320855615
0.7233288770053476, 53.49632727272727
1.0, 45.49173689839572
1.5235294117647058, 36.860833155080215
5.204344919786096, 19.965648128342245
9.574866310160427, 14.787105882352941
19.18048128342246, 10.387636363636364
30.047459893048128, 8.294833155080214

0.0, 0.0
0.3870922459893048, 72.4835935828877
0.7233288770053476, 53.597454545454546
1.0, 45.57773262032086
1.5235294117647058, 36.93051336898396
5.204344919786096, 20.003390374331552
9.574866310160427, 14.815058823529412
19.18048128342246, 10.407272727272728
30.047459893048128, 8.310513368983957

0.0, 0.0
0.3870922459893048, 72.6203550802139
0.7233288770053476, 53.698581818181815
1.0, 45.66372834224599
1.5235294117647058, 37.000193582887704
5.204344919786096, 20.041132620320855
9.574866310160427, 14.843011764705883
19.18048128342246, 10.42690909090909
30.047459893048128, 8.3261935828877

0.0, 0.0
0.3870922459893048, 72.7571165775401
0.7233288770053476, 53.79970909090909
1.0, 45.749724064171126
1.5235294117647058, 37.06987379679144
5.204344919786096, 20.078874866310162
9.574866310160427, 14.870964705882352
19.18048128342246, 10.446545454545454
30.047459893048128, 8.341873796791443

0.0, 0.0
0.3870922459893048, 72.89387807486631
0.7233288770053476, 53.900836363636365
1.0, 45.835719786096256
1.5235294117647058, 37.139554010695186
5.204344919786096, 20.116617112299465
9.574866310160427, 14.898917647058823
19.18048128342246, 10.466181818181818
30.047459893048128, 8.357554010695187

0.0, 0.0
0.3870922459893048, 73.03063957219251
0.7233288770053476, 54.001963636363634
1.0, 45.92171550802139
1.5235294117647058, 37.20923422459893
5.204344919786096, 20.15435935828877
9.574866310160427, 14.926870588235294
19.18048128342246, 10.485818181818182
30.047459893048128, 8.37323422459893

0.0, 0.0
0.3870922459893048, 73.16740106951872
0.7233288770053476, 54.10309090909091
1.0, 46.00771122994652
1.5235294117647058, 37.278914438502674
5.204344919786096, 20.192101604278076
9.574866310160427, 14.954823529411765
19.18048128342246, 10.505454545454546
30.047459893048128, 8.388914438502674

0.0, 0.0
0.3870922459893048, 73.30416256684492
0.7233288770053476, 54.204218181818185
1.0, 46.09370695187166
1.5235294117647058, 37.34859465240642
5.204344919786096, 20.22984385026738
9.574866310160427, 14.982776470588234
19.18048128342246, 10.52509090909091
30.047459893048128, 8.404594652406416

0.0, 0.0
0.3870922459893048, 73.44092406417113
0.7233288770053476, 54.30534545454545
1.0, 46.17970267379679
1.5235294117647058, 37.41827486631016
5.204344919786096, 20.267586096256686
9.574866310160427, 15.010729411764705
19.18048128342246, 10.544727272727274
30.047459893048128, 8.42027486631016

0.0, 0.0
0.3870922459893048, 73.57768556149733
0.7233288770053476, 54.40647272727273
1.0, 46.26569839572193
1.5235294117647058, 37.4879550802139
5.204344919786096, 20.30532834224599
9.574866310160427, 15.038682352941176
19.18048128342246, 10.564363636363636
30.047459893048128, 8.435955080213903

0.0, 0.0
0.3870922459893048, 73.71444705882352
0.7233288770053476, 54.5076
1.0, 46.35169411764706
1.5235294117647058, 37.557635294117645
5.204344919786096, 20.343070588235292
9.574866310160427, 15.066635294117647
19.18048128342246, 10.584
30.047459893048128, 8.451635294117647

0.0, 0.0
0.3870922459893048, 73.85120855614973
0.7233288770053476, 54.60872727272727
1.0, 46.437689839572194
1.5235294117647058, 37.62731550802139
5.204344919786096, 20.3808128342246
9.574866310160427, 15.094588235294118
19.18048128342246, 10.603636363636364
30.047459893048128, 8.46731550802139

0.0, 0.0
0.3870922459893048, 73.98797005347593
0.7233288770053476, 54.70985454545455
1.0, 46.523685561497324
1.5235294117647058, 37.696995721925134
5.204344919786096, 20.418555080213903
9.574866310160427, 15.122541176470587
19.18048128342246, 10.623272727272727
30.047459893048128, 8.482995721925134

0.0, 0.0
0.3870922459893048, 74.12473155080214
0.7233288770053476, 54.810981818181816
1.0, 46.60968128342246
1.5235294117647058, 37.76667593582888
5.204344919786096, 20.45629732620321
9.574866310160427, 15.150494117647058
19.18048128342246, 10.642909090909091
30.047459893048128, 8.498675935828876

0.0, 0.0
0.3870922459893048, 74.26149304812834
0.7233288770053476, 54.91210909090909
1.0, 46.69567700534759
1.5235294117647058, 37.83635614973262
5.204344919786096, 20.494039572192513
9.574866310160427, 15.17844705882353
19.18048128342246, 10.662545454545455
30.047459893048128, 8.51435614973262

0.0, 0.0
0.3870922459893048, 74.39825454545455
0.7233288770053476, 55.013236363636366
1.0, 46.78167272727273
1.5235294117647058, 37.90603636363636
5.204344919786096, 20.53178181818182
9.574866310160427, 15.2064
19.18048128342246, 10.682181818181817
30.047459893048128, 8.530036363636363

0.0, 0.0
0.3870922459893048, 74.53501604278075
0.7233288770053476, 55.114363636363635
1.0, 46.86766844919786
1.5235294117647058, 37.975716577540105
5.204344919786096, 20.569524064171123
9.574866310160427, 15.234352941176471
19.18048128342246, 10.701818181818181
30.047459893048128, 8.545716577540107

0.0, 0.0
0.3870922459893048, 74.67177754010696
0.7233288770053476, 55.21549090909091
1.0, 46.953664171122995
1.5235294117647058, 38.04539679144385
5.204344919786096, 20.607266310160426
9.574866310160427, 15.26230588235294
19.18048128342246, 10.721454545454545
30.047459893048128, 8.561396791443851

0.0, 0.0
0.3870922459893048, 74.80853903743315
0.7233288770053476, 55.31661818181818
1.0, 47.03965989304813
1.5235294117647058, 38.115077005347594
5.204344919786096, 20.645008556149733
9.574866310160427, 15.290258823529411
19.18048128342246, 10.741090909090909
30.047459893048128, 8.577077005347594

0.0, 0.0
0.3870922459893048, 74.94530053475935
0.7233288770053476, 55.417745454545454
1.0, 47.12565561497326
1.5235294117647058, 38.18475721925134
5.204344919786096, 20.682750802139036
9.574866310160427, 15.318211764705882
19.18048128342246, 10.760727272727273
30.047459893048128, 8.592757219251338

0.0, 0.0
0.3870922459893048, 75.08206203208556
0.7233288770053476, 55.51887272727273
1.0, 47.2116513368984
1.5235294117647058, 38.25443743315508
5.204344919786096, 20.720493048128343
9.574866310160427, 15.346164705882353
19.18048128342246, 10.780363636363637
30.047459893048128, 8.60843743315508

0.0, 0.0
0.3870922459893048, 75.21882352941176
0.7233288770053476, 55.62
1.0, 47.29764705882353
1.5235294117647058, 38.32411764705882
5.204344919786096, 20.758235294117647
9.574866310160427, 15.374117647058824
19.18048128342246, 10.8
30.047459893048128, 8.624117647058824

0.0, 0.0
0.3870922459893048, 75.35558502673797
0.7233288770053476, 55.72112727272727
1.0, 47.383642780748666
1.5235294117647058, 38.393797860962565
5.204344919786096, 20.795977540106954
9.574866310160427, 15.402070588235294
19.18048128342246, 10.819636363636363
30.047459893048128, 8.639797860962567

0.0, 0.0
0.3870922459893048, 75.49234652406417
0.7233288770053476, 55.82225454545455
1.0, 47.469638502673796
1.5235294117647058, 38.46347807486631
5.204344919786096, 20.833719786096257
9.574866310160427, 15.430023529411764
19.18048128342246, 10.839272727272727
30.047459893048128, 8.655478074866311

0.0, 0.0
0.3870922459893048, 75.62910802139038
0.7233288770053476, 55.92338181818182
1.0, 47.55563422459893
1.5235294117647058, 38.53315828877005
5.204344919786096, 20.87146203208556
9.574866310160427, 15.457976470588235
19.18048128342246, 10.85890909090909
30.047459893048128, 8.671158288770053

0.0, 0.0
0.3870922459893048, 75.76586951871657
0.7233288770053476, 56.02450909090909
1.0, 47.64162994652406
1.5235294117647058, 38.6028385026738
5.204344919786096, 20.909204278074867
9.574866310160427, 15.485929411764706
19.18048128342246, 10.878545454545455
30.047459893048128, 8.686838502673798

0.0, 0.0
0.3870922459893048, 75.90263101604278
0.7233288770053476, 56.12563636363636
1.0, 47.7276256684492
1.5235294117647058, 38.67251871657754
5.204344919786096, 20.94694652406417
9.574866310160427, 15.513882352941177
19.18048128342246, 10.898181818181818
30.047459893048128, 8.70251871657754

0.0, 0.0
0.3870922459893048, 76.03939251336898
0.7233288770053476, 56.226763636363636
1.0, 47.81362139037433
1.5235294117647058, 38.74219893048129
5.204344919786096, 20.984688770053477
9.574866310160427, 15.541835294117647
19.18048128342246, 10.917818181818182
30.047459893048128, 8.718198930481284

0.0, 0.0
0.3870922459893048, 76.17615401069519
0.7233288770053476, 56.32789090909091
1.0, 47.89961711229947
1.5235294117647058, 38.811879144385024
5.204344919786096, 21.02243101604278
9.574866310160427, 15.569788235294117
19.18048128342246, 10.937454545454546
30.047459893048128, 8.733879144385027

0.0, 0.0
0.3870922459893048, 76.31291550802139
0.7233288770053476, 56.42901818181818
1.0, 47.9856128342246
1.5235294117647058, 38.88155935828877
5.204344919786096, 21.060173262032084
9.574866310160427, 15.597741176470588
19.18048128342246, 10.957090909090908
30.047459893048128, 8.74955935828877

0.0, 0.0
0.3870922459893048, 76.4496770053476
0.7233288770053476, 56.530145454545455
1.0, 48.071608556149734
1.5235294117647058, 38.95123957219251
5.204344919786096, 21.09791550802139
9.574866310160427, 15.62569411764706
19.18048128342246, 10.976727272727272
30.047459893048128, 8.765239572192513

0.0, 0.0
0.3870922459893048, 76.5864385026738
0.7233288770053476, 56.63127272727273
1.0, 48.157604278074864
1.5235294117647058, 39.02091978609626
5.204344919786096, 21.135657754010694
9.574866310160427, 15.653647058823529
19.18048128342246, 10.996363636363636
30.047459893048128, 8.780919786096257

0.0, 0.0
0.3870922459893048, 76.7232
0.7233288770053476, 56.7324
1.0, 48.2436
1.5235294117647058, 39.0906
5.204344919786096, 21.1734
9.574866310160427, 15.6816
19.18048128342246, 11.016
30.047459893048128, 8.7966

0.0, 0.0
0.3870922459893048, 76.8599614973262
0.7233288770053476, 56.833527272727274
1.0, 48.32959572192513
1.5235294117647058, 39.16028021390375
5.204344919786096, 21.211142245989304
9.574866310160427, 15.70955294117647
19.18048128342246, 11.035636363636364
30.047459893048128, 8.812280213903744

0.0, 0.0
0.3870922459893048, 76.9967229946524
0.7233288770053476, 56.93465454545454
1.0, 48.41559144385027
1.5235294117647058, 39.229960427807484
5.204344919786096, 21.24888449197861
9.574866310160427, 15.737505882352941
19.18048128342246, 11.055272727272728
30.047459893048128, 8.827960427807486

0.0, 0.0
0.3870922459893048, 77.1334844919786
0.7233288770053476, 57.03578181818182
1.0, 48.5015871657754
1.5235294117647058, 39.29964064171123
5.204344919786096, 21.286626737967914
9.574866310160427, 15.765458823529412
19.18048128342246, 11.074909090909092
30.047459893048128, 8.84364064171123

0.0, 0.0
0.3870922459893048, 77.27024598930481
0.7233288770053476, 57.13690909090909
1.0, 48.587582887700535
1.5235294117647058, 39.36932085561497
5.204344919786096, 21.324368983957218
9.574866310160427, 15.793411764705882
19.18048128342246, 11.094545454545454
30.047459893048128, 8.859320855614973

0.0, 0.0
0.3870922459893048, 77.40700748663102
0.7233288770053476, 57.23803636363636
1.0, 48.67357860962567
1.5235294117647058, 39.43900106951872
5.204344919786096, 21.362111229946525
9.574866310160427, 15.821364705882353
19.18048128342246, 11.114181818181818
30.047459893048128, 8.875001069518717

0.0, 0.0
0.3870922459893048, 77.54376898395722
0.7233288770053476, 57.33916363636364
1.0, 48.7595743315508
1.5235294117647058, 39.50868128342246
5.204344919786096, 21.399853475935828
9.574866310160427, 15.849317647058824
19.18048128342246, 11.133818181818182
30.047459893048128, 8.89068128342246

0.0, 0.0
0.3870922459893048, 77.68053048128343
0.7233288770053476, 57.44029090909091
1.0, 48.84557005347594
1.5235294117647058, 39.578361497326206
5.204344919786096, 21.437595721925135
9.574866310160427, 15.877270588235294
19.18048128342246, 11.153454545454546
30.047459893048128, 8.906361497326204

0.0, 0.0
0.3870922459893048, 77.81729197860963
0.7233288770053476, 57.54141818181818
1.0, 48.93156577540107
1.5235294117647058, 39.64804171122994
5.204344919786096, 21.475337967914438
9.574866310160427, 15.905223529411765
19.18048128342246, 11.17309090909091
30.047459893048128, 8.922041711229946

0.0, 0.0
0.3870922459893048, 77.95405347593582
0.7233288770053476, 57.642545454545456
1.0, 49.017561497326206
1.5235294117647058, 39.71772192513369
5.204344919786096, 21.513080213903745
9.574866310160427, 15.933176470588235
19.18048128342246, 11.192727272727273
30.047459893048128, 8.93772192513369

0.0, 0.0
0.3870922459893048, 78.09081497326203
0.7233288770053476, 57.743672727272724
1.0, 49.103557219251336
1.5235294117647058, 39.78740213903743
5.204344919786096, 21.55082245989305
9.574866310160427, 15.961129411764706
19.18048128342246, 11.212363636363637
30.047459893048128, 8.953402139037433

0.0, 0.0
0.3870922459893048, 78.22757647058823
0.7233288770053476, 57.8448
1.0, 49.18955294117647
1.5235294117647058, 39.85708235294118
5.204344919786096, 21.58856470588235
9.574866310160427, 15.989082352941177
19.18048128342246, 11.232
30.047459893048128, 8.969082352941177

0.0, 0.0
0.3870922459893048, 78.36433796791444
0.7233288770053476, 57.945927272727275
1.0, 49.2755486631016
1.5235294117647058, 39.92676256684492
5.204344919786096, 21.62630695187166
9.574866310160427, 16.017035294117647
19.18048128342246, 11.251636363636363
30.047459893048128, 8.98476256684492

0.0, 0.0
0.3870922459893048, 78.50109946524064
0.7233288770053476, 58.04705454545454
1.0, 49.36154438502674
1.5235294117647058, 39.996442780748666
5.204344919786096, 21.66404919786096
9.574866310160427, 16.044988235294117
19.18048128342246, 11.271272727272727
30.047459893048128, 9.000442780748664

0.0, 0.0
0.3870922459893048, 78.63786096256685
0.7233288770053476, 58.14818181818182
1.0, 49.44754010695187
1.5235294117647058, 40.0661229946524
5.204344919786096, 21.70179144385027
9.574866310160427, 16.07294117647059
19.18048128342246, 11.290909090909091
30.047459893048128, 9.016122994652406

0.0, 0.0
0.3870922459893048, 78.77462245989305
0.7233288770053476, 58.249309090909094
1.0, 49.53353582887701
1.5235294117647058, 40.13580320855615
5.204344919786096, 21.739533689839572
9.574866310160427, 16.10089411764706
19.18048128342246, 11.310545454545455
30.047459893048128, 9.03180320855615

0.0, 0.0
0.3870922459893048, 78.91138395721926
0.7233288770053476, 58.35043636363636
1.0, 49.61953155080214
1.5235294117647058, 40.20548342245989
5.204344919786096, 21.77727593582888
9.574866310160427, 16.128847058823528
19.18048128342246, 11.330181818181819
30.047459893048128, 9.047483422459893

0.0, 0.0
0.3870922459893048, 79.04814545454545
0.7233288770053476, 58.45156363636364
1.0, 49.705527272727274
1.5235294117647058, 40.27516363636364
5.204344919786096, 21.815018181818182
9.574866310160427, 16.1568
19.18048128342246, 11.349818181818183
30.047459893048128, 9.063163636363637

0.0, 0.0
0.3870922459893048, 79.18490695187165
0.7233288770053476, 58.552690909090906
1.0, 49.791522994652404
1.5235294117647058, 40.34484385026738
5.204344919786096, 21.852760427807485
9.574866310160427, 16.18475294117647
19.18048128342246, 11.369454545454545
30.047459893048128, 9.07884385026738

0.0, 0.0
0.3870922459893048, 79.32166844919786
0.7233288770053476, 58.65381818181818
1.0, 49.87751871657754
1.5235294117647058, 40.414524064171125
5.204344919786096, 21.890502673796792
9.574866310160427, 16.212705882352942
19.18048128342246, 11.389090909090909
30.047459893048128, 9.094524064171123

0.0, 0.0
0.3870922459893048, 79.45842994652406
0.7233288770053476, 58.75494545454546
1.0, 49.96351443850267
1.5235294117647058, 40.48420427807486
5.204344919786096, 21.928244919786096
9.574866310160427, 16.24065882352941
19.18048128342246, 11.408727272727273
30.047459893048128, 9.110204278074866

0.0, 0.0
0.3870922459893048, 79.59519144385027
0.7233288770053476, 58.856072727272725
1.0, 50.04951016042781
1.5235294117647058, 40.55388449197861
5.204344919786096, 21.965987165775402
9.574866310160427, 16.26861176470588
19.18048128342246, 11.428363636363637
30.047459893048128, 9.12588449197861

0.0, 0.0
0.3870922459893048, 79.73195294117647
0.7233288770053476, 58.9572
1.0, 50.135505882352945
1.5235294117647058, 40.62356470588235
5.204344919786096, 22.003729411764706
9.574866310160427, 16.296564705882354
19.18048128342246, 11.448
30.047459893048128, 9.141564705882352

0.0, 0.0
0.3870922459893048, 79.86871443850268
0.7233288770053476, 59.058327272727276
1.0, 50.221501604278075
1.5235294117647058, 40.693244919786096
5.204344919786096, 22.04147165775401
9.574866310160427, 16.324517647058823
19.18048128342246, 11.467636363636364
30.047459893048128, 9.157244919786097

0.0, 0.0
0.3870922459893048, 80.00547593582888
0.7233288770053476, 59.159454545454544
1.0, 50.30749732620321
1.5235294117647058, 40.76292513368984
5.204344919786096, 22.079213903743316
9.574866310160427, 16.352470588235295
19.18048128342246, 11.487272727272726
30.047459893048128, 9.172925133689839

0.0, 0.0
0.3870922459893048, 80.14223743315507
0.7233288770053476, 59.26058181818182
1.0, 50.39349304812834
1.5235294117647058, 40.832605347593585
5.204344919786096, 22.11695614973262
9.574866310160427, 16.380423529411765
19.18048128342246, 11.50690909090909
30.047459893048128, 9.188605347593583

0.0, 0.0
0.3870922459893048, 80.27899893048128
0.7233288770053476, 59.36170909090909
1.0, 50.47948877005348
1.5235294117647058, 40.90228556149733
5.204344919786096, 22.154698395721926
9.574866310160427, 16.408376470588234
19.18048128342246, 11.526545454545454
30.047459893048128, 9.204285561497326

0.0, 0.0
0.3870922459893048, 80.41576042780748
0.7233288770053476, 59.46283636363636
1.0, 50.56548449197861
1.5235294117647058, 40.97196577540107
5.204344919786096, 22.19244064171123
9.574866310160427, 16.436329411764707
19.18048128342246, 11.546181818181818
30.047459893048128, 9.21996577540107

0.0, 0.0
0.3870922459893048, 80.55252192513369
0.7233288770053476, 59.56396363636364
1.0, 50.651480213903746
1.5235294117647058, 41.04164598930481
5.204344919786096, 22.230182887700536
9.574866310160427, 16.464282352941176
19.18048128342246, 11.565818181818182
30.047459893048128, 9.235645989304812

0.0, 0.0
0.3870922459893048, 80.6892834224599
0.7233288770053476, 59.66509090909091
1.0, 50.737475935828876
1.5235294117647058, 41.111326203208556
5.204344919786096, 22.26792513368984
9.574866310160427, 16.49223529411765
19.18048128342246, 11.585454545454546
30.047459893048128, 9.251326203208556

0.0, 0.0
0.3870922459893048, 80.8260449197861
0.7233288770053476, 59.76621818181818
1.0, 50.82347165775401
1.5235294117647058, 41.1810064171123
5.204344919786096, 22.305667379679143
9.574866310160427, 16.520188235294118
19.18048128342246, 11.60509090909091
30.047459893048128, 9.267006417112299

0.0, 0.0
0.3870922459893048, 80.9628064171123
0.7233288770053476, 59.86734545454546
1.0, 50.90946737967914
1.5235294117647058, 41.250686631016045
5.204344919786096, 22.34340962566845
9.574866310160427, 16.548141176470587
19.18048128342246, 11.624727272727272
30.047459893048128, 9.282686631016043

0.0, 0.0
0.3870922459893048, 81.09956791443851
0.7233288770053476, 59.968472727272726
1.0, 50.99546310160428
1.5235294117647058, 41.32036684491979
5.204344919786096, 22.381151871657753
9.574866310160427, 16.57609411764706
19.18048128342246, 11.644363636363636
30.047459893048128, 9.298366844919785

0.0, 0.0
0.3870922459893048, 81.2363294117647
0.7233288770053476, 60.0696
1.0, 51.08145882352941
1.5235294117647058, 41.39004705882353
5.204344919786096, 22.41889411764706
9.574866310160427, 16.60404705882353
19.18048128342246, 11.664
30.047459893048128, 9.31404705882353

0.0, 0.0
0.3870922459893048, 81.3730909090909
0.7233288770053476, 60.17072727272727
1.0, 51.16745454545455
1.5235294117647058, 41.45972727272727
5.204344919786096, 22.456636363636363
9.574866310160427, 16.632
19.18048128342246, 11.683636363636364
30.047459893048128, 9.329727272727272

0.0, 0.0
0.3870922459893048, 81.50985240641711
0.7233288770053476, 60.271854545454545
1.0, 51.25345026737968
1.5235294117647058, 41.529407486631015
5.204344919786096, 22.49437860962567
9.574866310160427, 16.65995294117647
19.18048128342246, 11.703272727272727
30.047459893048128, 9.345407486631016

0.0, 0.0
0.3870922459893048, 81.64661390374332
0.7233288770053476, 60.37298181818182
1.0, 51.339445989304814
1.5235294117647058, 41.59908770053476
5.204344919786096, 22.532120855614973
9.574866310160427, 16.68790588235294
19.18048128342246, 11.722909090909091
30.047459893048128, 9.361087700534759

0.0, 0.0
0.3870922459893048, 81.78337540106952
0.7233288770053476, 60.47410909090909
1.0, 51.425441711229944
1.5235294117647058, 41.668767914438504
5.204344919786096, 22.569863101604277
9.574866310160427, 16.715858823529413
19.18048128342246, 11.742545454545455
30.047459893048128, 9.376767914438503

0.0, 0.0
0.3870922459893048, 81.92013689839573
0.7233288770053476, 60.575236363636364
1.0, 51.51143743315508
1.5235294117647058, 41.73844812834225
5.204344919786096, 22.607605347593584
9.574866310160427, 16.74381176470588
19.18048128342246, 11.762181818181817
30.047459893048128, 9.392448128342245

0.0, 0.0
0.3870922459893048, 82.05689839572193
0.7233288770053476, 60.67636363636364
1.0, 51.59743315508021
1.5235294117647058, 41.808128342245986
5.204344919786096, 22.645347593582887
9.574866310160427, 16.771764705882354
19.18048128342246, 11.781818181818181
30.047459893048128, 9.40812834224599

0.0, 0.0
0.3870922459893048, 82.19365989304814
0.7233288770053476, 60.77749090909091
1.0, 51.68342887700535
1.5235294117647058, 41.87780855614973
5.204344919786096, 22.683089839572194
9.574866310160427, 16.799717647058824
19.18048128342246, 11.801454545454545
30.047459893048128, 9.423808556149732

0.0, 0.0
0.3870922459893048, 82.33042139037433
0.7233288770053476, 60.87861818181818
1.0, 51.769424598930485
1.5235294117647058, 41.947488770053475
5.204344919786096, 22.720832085561497
9.574866310160427, 16.827670588235293
19.18048128342246, 11.821090909090909
30.047459893048128, 9.439488770053476

0.0, 0.0
0.3870922459893048, 82.46718288770053
0.7233288770053476, 60.97974545454545
1.0, 51.855420320855615
1.5235294117647058, 42.01716898395722
5.204344919786096, 22.7585743315508
9.574866310160427, 16.855623529411766
19.18048128342246, 11.840727272727273
30.047459893048128, 9.455168983957218

0.0, 0.0
0.3870922459893048, 82.60394438502674
0.7233288770053476, 61.08087272727273
1.0, 51.94141604278075
1.5235294117647058, 42.086849197860964
5.204344919786096, 22.796316577540107
9.574866310160427, 16.883576470588235
19.18048128342246, 11.860363636363637
30.047459893048128, 9.470849197860963

0.0, 0.0
0.3870922459893048, 82.74070588235294
0.7233288770053476, 61.182
1.0, 52.02741176470588
1.5235294117647058, 42.15652941176471
5.204344919786096, 22.83405882352941
9.574866310160427, 16.911529411764707
19.18048128342246, 11.88
30.047459893048128, 9.486529411764707

0.0, 0.0
0.3870922459893048, 82.87746737967915
0.7233288770053476, 61.28312727272727
1.0, 52.11340748663102
1.5235294117647058, 42.226209625668446
5.204344919786096, 22.871801069518717
9.574866310160427, 16.939482352941177
19.18048128342246, 11.899636363636363
30.047459893048128, 9.50220962566845

0.0, 0.0
0.3870922459893048, 83.01422887700535
0.7233288770053476, 61.384254545454546
1.0, 52.19940320855615
1.5235294117647058, 42.29588983957219
5.204344919786096, 22.90954331550802
9.574866310160427, 16.967435294117646
19.18048128342246, 11.919272727272727
30.047459893048128, 9.517889839572193

0.0, 0.0
0.3870922459893048, 83.15099037433156
0.7233288770053476, 61.48538181818182
1.0, 52.285398930481286
1.5235294117647058, 42.365570053475935
5.204344919786096, 22.947285561497328
9.574866310160427, 16.99538823529412
19.18048128342246, 11.93890909090909
30.047459893048128, 9.533570053475936

0.0, 0.0
0.3870922459893048, 83.28775187165775
0.7233288770053476, 61.58650909090909
1.0, 52.371394652406416
1.5235294117647058, 42.43525026737968
5.204344919786096, 22.98502780748663
9.574866310160427, 17.023341176470588
19.18048128342246, 11.958545454545455
30.047459893048128, 9.54925026737968

0.0, 0.0
0.3870922459893048, 83.42451336898395
0.7233288770053476, 61.687636363636365
1.0, 52.45739037433155
1.5235294117647058, 42.504930481283424
5.204344919786096, 23.022770053475934
9.574866310160427, 17.05129411764706
19.18048128342246, 11.978181818181818
30.047459893048128, 9.564930481283422

0.0, 0.0
0.3870922459893048, 83.56127486631016
0.7233288770053476, 61.78876363636363
1.0, 52.54338609625668
1.5235294117647058, 42.57461069518717
5.204344919786096, 23.06051229946524
9.574866310160427, 17.07924705882353
19.18048128342246, 11.997818181818182
30.047459893048128, 9.580610695187167

0.0, 0.0
0.3870922459893048, 83.69803636363636
0.7233288770053476, 61.88989090909091
1.0, 52.62938181818182
1.5235294117647058, 42.64429090909091
5.204344919786096, 23.098254545454544
9.574866310160427, 17.1072
19.18048128342246, 12.017454545454546
30.047459893048128, 9.596290909090909

0.0, 0.0
0.3870922459893048, 83.83479786096257
0.7233288770053476, 61.991018181818184
1.0, 52.71537754010695
1.5235294117647058, 42.71397112299465
5.204344919786096, 23.13599679144385
9.574866310160427, 17.13515294117647
19.18048128342246, 12.037090909090908
30.047459893048128, 9.611971122994653

0.0, 0.0
0.3870922459893048, 83.97155935828877
0.7233288770053476, 62.09214545454545
1.0, 52.80137326203209
1.5235294117647058, 42.783651336898394
5.204344919786096, 23.173739037433155
9.574866310160427, 17.16310588235294
19.18048128342246, 12.056727272727272
30.047459893048128, 9.627651336898396

0.0, 0.0
0.3870922459893048, 84.10832085561498
0.7233288770053476, 62.19327272727273
1.0, 52.88736898395722
1.5235294117647058, 42.85333155080214
5.204344919786096, 23.21148128342246
9.574866310160427, 17.191058823529414
19.18048128342246, 12.076363636363636
30.047459893048128, 9.64333155080214

0.0, 0.0
0.3870922459893048, 84.24508235294118
0.7233288770053476, 62.2944
1.0, 52.973364705882354
1.5235294117647058, 42.92301176470588
5.204344919786096, 23.249223529411765
9.574866310160427, 17.219011764705883
19.18048128342246, 12.096
30.047459893048128, 9.659011764705882

0.0, 0.0
0.3870922459893048, 84.38184385026737
0.7233288770053476, 62.39552727272727
1.0, 53.05936042780748
1.5235294117647058, 42.99269197860963
5.204344919786096, 23.286965775401068
9.574866310160427, 17.246964705882352
19.18048128342246, 12.115636363636364
30.047459893048128, 9.674691978609626

0.0, 0.0
0.3870922459893048, 84.51860534759358
0.7233288770053476, 62.49665454545455
1.0, 53.14535614973262
1.5235294117647058, 43.06237219251337
5.204344919786096, 23.324708021390375
9.574866310160427, 17.274917647058825
19.18048128342246, 12.135272727272728
30.047459893048128, 9.690372192513369

0.0, 0.0
0.3870922459893048, 84.65536684491978
0.7233288770053476, 62.597781818181815
1.0, 53.23135187165775
1.5235294117647058, 43.13205240641711
5.204344919786096, 23.36245026737968
9.574866310160427, 17.302870588235294
19.18048128342246, 12.154909090909092
30.047459893048128, 9.706052406417113

0.0, 0.0
0.3870922459893048, 84.79212834224599
0.7233288770053476, 62.69890909090909
1.0, 53.31734759358289
1.5235294117647058, 43.201732620320854
5.204344919786096, 23.400192513368985
9.574866310160427, 17.330823529411763
19.18048128342246, 12.174545454545454
30.047459893048128, 9.721732620320855

0.0, 0.0
0.3870922459893048, 84.9288898395722
0.7233288770053476, 62.800036363636366
1.0, 53.403343315508025
1.5235294117647058, 43.2714128342246
5.204344919786096, 23.43793475935829
9.574866310160427, 17.358776470588236
19.18048128342246, 12.194181818181818
30.047459893048128, 9.7374128342246

0.0, 0.0
0.3870922459893048, 85.0656513368984
0.7233288770053476, 62.901163636363634
1.0, 53.489339037433155
1.5235294117647058, 43.34109304812834
5.204344919786096, 23.475677005347592
9.574866310160427, 17.386729411764705
19.18048128342246, 12.213818181818182
30.047459893048128, 9.753093048128342

0.0, 0.0
0.3870922459893048, 85.2024128342246
0.7233288770053476, 63.00229090909091
1.0, 53.57533475935829
1.5235294117647058, 43.41077326203209
5.204344919786096, 23.5134192513369
9.574866310160427, 17.414682352941178
19.18048128342246, 12.233454545454546
30.047459893048128, 9.768773262032086

0.0, 0.0
0.3870922459893048, 85.33917433155081
0.7233288770053476, 63.103418181818185
1.0, 53.66133048128342
1.5235294117647058, 43.48045347593583
5.204344919786096, 23.551161497326202
9.574866310160427, 17.442635294117647
19.18048128342246, 12.25309090909091
30.047459893048128, 9.784453475935829

0.0, 0.0
0.3870922459893048, 85.475935828877
0.7233288770053476, 63.20454545454545
1.0, 53.74732620320856
1.5235294117647058, 43.55013368983957
5.204344919786096, 23.58890374331551
9.574866310160427, 17.470588235294116
19.18048128342246, 12.272727272727273
30.047459893048128, 9.800133689839573

0.0, 0.0
0.3870922459893048, 85.6126973262032
0.7233288770053476, 63.30567272727273
1.0, 53.83332192513369
1.5235294117647058, 43.619813903743314
5.204344919786096, 23.626645989304812
9.574866310160427, 17.49854117647059
19.18048128342246, 12.292363636363635
30.047459893048128, 9.815813903743315

0.0, 0.0
0.3870922459893048, 85.74945882352941
0.7233288770053476, 63.4068
1.0, 53.919317647058826
1.5235294117647058, 43.68949411764706
5.204344919786096, 23.66438823529412
9.574866310160427, 17.526494117647058
19.18048128342246, 12.312
30.047459893048128, 9.83149411764706

0.0, 0.0
0.3870922459893048, 85.88622032085561
0.7233288770053476, 63.50792727272727
1.0, 54.005313368983956
1.5235294117647058, 43.7591743315508
5.204344919786096, 23.702130481283422
9.574866310160427, 17.55444705882353
19.18048128342246, 12.331636363636363
30.047459893048128, 9.847174331550802

0.0, 0.0
0.3870922459893048, 86.02298181818182
0.7233288770053476, 63.60905454545455
1.0, 54.09130909090909
1.5235294117647058, 43.82885454545455
5.204344919786096, 23.739872727272726
9.574866310160427, 17.5824
19.18048128342246, 12.351272727272727
30.047459893048128, 9.862854545454546

0.0, 0.0
0.3870922459893048, 86.15974331550802
0.7233288770053476, 63.710181818181816
1.0, 54.17730481283422
1.5235294117647058, 43.89853475935829
5.204344919786096, 23.777614973262033
9.574866310160427, 17.61035294117647
19.18048128342246, 12.370909090909091
30.047459893048128, 9.878534759358288

0.0, 0.0
0.3870922459893048, 86.29650481283423
0.7233288770053476, 63.81130909090909
1.0, 54.26330053475936
1.5235294117647058, 43.96821497326203
5.204344919786096, 23.815357219251336
9.574866310160427, 17.63830588235294
19.18048128342246, 12.390545454545455
30.047459893048128, 9.894214973262033

0.0, 0.0
0.3870922459893048, 86.43326631016043
0.7233288770053476, 63.91243636363637
1.0, 54.34929625668449
1.5235294117647058, 44.03789518716577
5.204344919786096, 23.853099465240643
9.574866310160427, 17.66625882352941
19.18048128342246, 12.410181818181819
30.047459893048128, 9.909895187165775

0.0, 0.0
0.3870922459893048, 86.57002780748662
0.7233288770053476, 64.01356363636364
1.0, 54.43529197860963
1.5235294117647058, 44.10757540106952
5.204344919786096, 23.890841711229946
9.574866310160427, 17.694211764705884
19.18048128342246, 12.429818181818181
30.047459893048128, 9.92557540106952

0.0, 0.0
0.3870922459893048, 86.70678930481283
0.7233288770053476, 64.11469090909091
1.0, 54.52128770053476
1.5235294117647058, 44.17725561497326
5.204344919786096, 23.928583957219253
9.574866310160427, 17.722164705882353
19.18048128342246, 12.449454545454545
30.047459893048128, 9.941255614973262

0.0, 0.0
0.3870922459893048, 86.84355080213903
0.7233288770053476, 64.21581818181818
1.0, 54.60728342245989
1.5235294117647058, 44.24693582887701
5.204344919786096, 23.966326203208556
9.574866310160427, 17.750117647058822
19.18048128342246, 12.469090909090909
30.047459893048128, 9.956935828877006

0.0, 0.0
0.3870922459893048, 86.98031229946524
0.7233288770053476, 64.31694545454546
1.0, 54.69327914438502
1.5235294117647058, 44.31661604278075
5.204344919786096, 24.00406844919786
9.574866310160427, 17.778070588235295
19.18048128342246, 12.488727272727273
30.047459893048128, 9.972616042780748

0.0, 0.0
0.3870922459893048, 87.11707379679144
0.7233288770053476, 64.41807272727273
1.0, 54.77927486631016
1.5235294117647058, 44.38629625668449
5.204344919786096, 24.041810695187166
9.574866310160427, 17.806023529411764
19.18048128342246, 12.508363636363637
30.047459893048128, 9.988296256684492

0.0, 0.0
0.3870922459893048, 87.25383529411765
0.7233288770053476, 64.5192
1.0, 54.8652705882353
1.5235294117647058, 44.45597647058823
5.204344919786096, 24.07955294117647
9.574866310160427, 17.833976470588237
19.18048128342246, 12.528
30.047459893048128, 10.003976470588235

0.0, 0.0
0.3870922459893048, 87.39059679144385
0.7233288770053476, 64.62032727272727
1.0, 54.95126631016043
1.5235294117647058, 44.52565668449198
5.204344919786096, 24.117295187165777
9.574866310160427, 17.861929411764706
19.18048128342246, 12.547636363636364
30.047459893048128, 10.019656684491979

0.0, 0.0
0.3870922459893048, 87.52735828877006
0.7233288770053476, 64.72145454545455
1.0, 55.037262032085565
1.5235294117647058, 44.59533689839572
5.204344919786096, 24.15503743315508
9.574866310160427, 17.889882352941175
19.18048128342246, 12.567272727272726
30.047459893048128, 10.035336898395721

0.0, 0.0
0.3870922459893048, 87.66411978609625
0.7233288770053476, 64.82258181818182
1.0, 55.123257754010694
1.5235294117647058, 44.665017112299466
5.204344919786096, 24.192779679144387
9.574866310160427, 17.917835294117648
19.18048128342246, 12.58690909090909
30.047459893048128, 10.051017112299466

0.0, 0.0
0.3870922459893048, 87.80088128342246
0.7233288770053476, 64.92370909090909
1.0, 55.20925347593583
1.5235294117647058, 44.73469732620321
5.204344919786096, 24.23052192513369
9.574866310160427, 17.945788235294117
19.18048128342246, 12.606545454545454
30.047459893048128, 10.066697326203208

0.0, 0.0
0.3870922459893048, 87.93764278074866
0.7233288770053476, 65.02483636363637
1.0, 55.29524919786096
1.5235294117647058, 44.804377540106955
5.204344919786096, 24.268264171122993
9.574866310160427, 17.97374117647059
19.18048128342246, 12.626181818181818
30.047459893048128, 10.082377540106952

0.0, 0.0
0.3870922459893048, 88.07440427807487
0.7233288770053476, 65.12596363636364
1.0, 55.3812449197861
1.5235294117647058, 44.87405775401069
5.204344919786096, 24.3060064171123
9.574866310160427, 18.00169411764706
19.18048128342246, 12.645818181818182
30.047459893048128, 10.098057754010695

0.0, 0.0
0.3870922459893048, 88.21116577540107
0.7233288770053476, 65.2270909090909
1.0, 55.46724064171123
1.5235294117647058, 44.94373796791444
5.204344919786096, 24.343748663101604
9.574866310160427, 18.029647058823528
19.18048128342246, 12.665454545454546
30.047459893048128, 10.113737967914439

0.0, 0.0
0.3870922459893048, 88.34792727272728
0.7233288770053476, 65.32821818181819
1.0, 55.553236363636366
1.5235294117647058, 45.01341818181818
5.204344919786096, 24.38149090909091
9.574866310160427, 18.0576
19.18048128342246, 12.68509090909091
30.047459893048128, 10.129418181818181

0.0, 0.0
0.3870922459893048, 88.48468877005348
0.7233288770053476, 65.42934545454546
1.0, 55.639232085561495
1.5235294117647058, 45.083098395721926
5.204344919786096, 24.419233155080214
9.574866310160427, 18.08555294117647
19.18048128342246, 12.704727272727272
30.047459893048128, 10.145098395721925

0.0, 0.0
0.3870922459893048, 88.62145026737969
0.7233288770053476, 65.53047272727272
1.0, 55.72522780748663
1.5235294117647058, 45.15277860962567
5.204344919786096, 24.456975401069517
9.574866310160427, 18.113505882352943
19.18048128342246, 12.724363636363636
30.047459893048128, 10.160778609625668

0.0, 0.0
0.3870922459893048, 88.75821176470588
0.7233288770053476, 65.6316
1.0, 55.81122352941176
1.5235294117647058, 45.222458823529415
5.204344919786096, 24.494717647058824
9.574866310160427, 18.141458823529412
19.18048128342246, 12.744
30.047459893048128, 10.176458823529412

0.0, 0.0
0.3870922459893048, 88.89497326203208
0.7233288770053476, 65.73272727272727
1.0, 55.8972192513369
1.5235294117647058, 45.29213903743315
5.204344919786096, 24.532459893048127
9.574866310160427, 18.16941176470588
19.18048128342246, 12.763636363636364
30.047459893048128, 10.192139037433154

0.0, 0.0
0.3870922459893048, 89.03173475935829
0.7233288770053476, 65.83385454545454
1.0, 55.98321497326203
1.5235294117647058, 45.3618192513369
5.204344919786096, 24.570202139037434
9.574866310160427, 18.197364705882354
19.18048128342246, 12.783272727272728
30.047459893048128, 10.207819251336899

0.0, 0.0
0.3870922459893048, 89.16849625668449
0.7233288770053476, 65.93498181818183
1.0, 56.06921069518717
1.5235294117647058, 45.43149946524064
5.204344919786096, 24.607944385026737
9.574866310160427, 18.225317647058823
19.18048128342246, 12.802909090909091
30.047459893048128, 10.223499465240641

0.0, 0.0
0.3870922459893048, 89.3052577540107
0.7233288770053476, 66.0361090909091
1.0, 56.155206417112296
1.5235294117647058, 45.501179679144386
5.204344919786096, 24.645686631016044
9.574866310160427, 18.253270588235296
19.18048128342246, 12.822545454545455
30.047459893048128, 10.239179679144385

0.0, 0.0
0.3870922459893048, 89.4420192513369
0.7233288770053476, 66.13723636363636
1.0, 56.24120213903743
1.5235294117647058, 45.57085989304813
5.204344919786096, 24.683428877005348
9.574866310160427, 18.281223529411765
19.18048128342246, 12.842181818181817
30.047459893048128, 10.254859893048128

0.0, 0.0
0.3870922459893048, 89.5787807486631
0.7233288770053476, 66.23836363636363
1.0, 56.32719786096256
1.5235294117647058, 45.640540106951875
5.204344919786096, 24.72117112299465
9.574866310160427, 18.309176470588234
19.18048128342246, 12.861818181818181
30.047459893048128, 10.270540106951872

0.0, 0.0
0.3870922459893048, 89.71554224598931
0.7233288770053476, 66.33949090909091
1.0, 56.4131935828877
1.5235294117647058, 45.71022032085561
5.204344919786096, 24.758913368983958
9.574866310160427, 18.337129411764707
19.18048128342246, 12.881454545454545
30.047459893048128, 10.286220320855614

0.0, 0.0
0.3870922459893048, 89.8523037433155
0.7233288770053476, 66.44061818181818
1.0, 56.49918930481284
1.5235294117647058, 45.779900534759356
5.204344919786096, 24.79665561497326
9.574866310160427, 18.365082352941176
19.18048128342246, 12.90109090909091
30.047459893048128, 10.301900534759358

0.0, 0.0
0.3870922459893048, 89.98906524064171
0.7233288770053476, 66.54174545454545
1.0, 56.58518502673797
1.5235294117647058, 45.8495807486631
5.204344919786096, 24.834397860962568
9.574866310160427, 18.39303529411765
19.18048128342246, 12.920727272727273
30.047459893048128, 10.3175807486631

0.0, 0.0
0.3870922459893048, 90.12582673796791
0.7233288770053476, 66.64287272727273
1.0, 56.671180748663105
1.5235294117647058, 45.919260962566845
5.204344919786096, 24.87214010695187
9.574866310160427, 18.420988235294118
19.18048128342246, 12.940363636363637
30.047459893048128, 10.333260962566845

0.0, 0.0
0.3870922459893048, 90.26258823529412
0.7233288770053476, 66.744
1.0, 56.757176470588234
1.5235294117647058, 45.98894117647059
5.204344919786096, 24.909882352941178
9.574866310160427, 18.448941176470587
19.18048128342246, 12.96
30.047459893048128, 10.348941176470587

0.0, 0.0
0.3870922459893048, 90.39934973262032
0.7233288770053476, 66.84512727272727
1.0, 56.84317219251337
1.5235294117647058, 46.058621390374334
5.204344919786096, 24.94762459893048
9.574866310160427, 18.47689411764706
19.18048128342246, 12.979636363636363
30.047459893048128, 10.364621390374332

0.0, 0.0
0.3870922459893048, 90.53611122994653
0.7233288770053476, 66.94625454545455
1.0, 56.9291679144385
1.5235294117647058, 46.12830160427807
5.204344919786096, 24.985366844919785
9.574866310160427, 18.50484705882353
19.18048128342246, 12.999272727272727
30.047459893048128, 10.380301604278074

0.0, 0.0
0.3870922459893048, 90.67287272727273
0.7233288770053476, 67.04738181818182
1.0, 57.01516363636364
1.5235294117647058, 46.197981818181816
5.204344919786096, 25.02310909090909
9.574866310160427, 18.5328
19.18048128342246, 13.01890909090909
30.047459893048128, 10.395981818181818

0.0, 0.0
0.3870922459893048, 90.80963422459892
0.7233288770053476, 67.14850909090909
1.0, 57.10115935828877
1.5235294117647058, 46.26766203208556
5.204344919786096, 25.060851336898395
9.574866310160427, 18.56075294117647
19.18048128342246, 13.038545454545455
30.047459893048128, 10.41166203208556

0.0, 0.0
0.3870922459893048, 90.94639572192513
0.7233288770053476, 67.24963636363637
1.0, 57.187155080213905
1.5235294117647058, 46.337342245989305
5.204344919786096, 25.098593582887702
9.574866310160427, 18.58870588235294
19.18048128342246, 13.058181818181819
30.047459893048128, 10.427342245989305

0.0, 0.0
0.3870922459893048, 91.08315721925133
0.7233288770053476, 67.35076363636364
1.0, 57.273150802139035
1.5235294117647058, 46.40702245989305
5.204344919786096, 25.136335828877005
9.574866310160427, 18.616658823529413
19.18048128342246, 13.077818181818182
30.047459893048128, 10.443022459893049

0.0, 0.0
0.3870922459893048, 91.21991871657754
0.7233288770053476, 67.4518909090909
1.0, 57.35914652406417
1.5235294117647058, 46.476702673796794
5.204344919786096, 25.17407807486631
9.574866310160427, 18.644611764705882
19.18048128342246, 13.097454545454545
30.047459893048128, 10.458702673796791

0.0, 0.0
0.3870922459893048, 91.35668021390374
0.7233288770053476, 67.55301818181819
1.0, 57.4451422459893
1.5235294117647058, 46.54638288770053
5.204344919786096, 25.211820320855615
9.574866310160427, 18.67256470588235
19.18048128342246, 13.117090909090908
30.047459893048128, 10.474382887700536

0.0, 0.0
0.3870922459893048, 91.49344171122995
0.7233288770053476, 67.65414545454546
1.0, 57.53113796791444
1.5235294117647058, 46.616063101604276
5.204344919786096, 25.24956256684492
9.574866310160427, 18.700517647058824
19.18048128342246, 13.136727272727272
30.047459893048128, 10.490063101604278

0.0, 0.0
0.3870922459893048, 91.63020320855615
0.7233288770053476, 67.75527272727273
1.0, 57.61713368983957
1.5235294117647058, 46.68574331550802
5.204344919786096, 25.287304812834225
9.574866310160427, 18.728470588235293
19.18048128342246, 13.156363636363636
30.047459893048128, 10.505743315508022

0.0, 0.0
0.3870922459893048, 91.76696470588236
0.7233288770053476, 67.8564
1.0, 57.703129411764706
1.5235294117647058, 46.755423529411765
5.204344919786096, 25.32504705882353
9.574866310160427, 18.756423529411766
19.18048128342246, 13.176
30.047459893048128, 10.521423529411765

0.0, 0.0
0.3870922459893048, 91.90372620320855
0.7233288770053476, 67.95752727272728
1.0, 57.789125133689836
1.5235294117647058, 46.82510374331551
5.204344919786096, 25.362789304812836
9.574866310160427, 18.784376470588235
19.18048128342246, 13.195636363636364
30.047459893048128, 10.537103743315509

0.0, 0.0
0.3870922459893048, 92.04048770053475
0.7233288770053476, 68.05865454545454
1.0, 57.87512085561497
1.5235294117647058, 46.89478395721925
5.204344919786096, 25.40053155080214
9.574866310160427, 18.812329411764704
19.18048128342246, 13.215272727272728
30.047459893048128, 10.552783957219251

0.0, 0.0
0.3870922459893048, 92.17724919786096
0.7233288770053476, 68.15978181818181
1.0, 57.96111657754011
1.5235294117647058, 46.964464171123
5.204344919786096, 25.438273796791442
9.574866310160427, 18.840282352941177
19.18048128342246, 13.23490909090909
30.047459893048128, 10.568464171122995

0.0, 0.0
0.3870922459893048, 92.31401069518716
0.7233288770053476, 68.2609090909091
1.0, 58.04711229946524
1.5235294117647058, 47.034144385026735
5.204344919786096, 25.47601604278075
9.574866310160427, 18.868235294117646
19.18048128342246, 13.254545454545454
30.047459893048128, 10.584144385026738

0.0, 0.0
0.3870922459893048, 92.45077219251337
0.7233288770053476, 68.36203636363636
1.0, 58.13310802139038
1.5235294117647058, 47.10382459893048
5.204344919786096, 25.513758288770052
9.574866310160427, 18.89618823529412
19.18048128342246, 13.274181818181818
30.047459893048128, 10.599824598930482

0.0, 0.0
0.3870922459893048, 92.58753368983957
0.7233288770053476, 68.46316363636363
1.0, 58.21910374331551
1.5235294117647058, 47.173504812834224
5.204344919786096, 25.55150053475936
9.574866310160427, 18.924141176470588
19.18048128342246, 13.293818181818182
30.047459893048128, 10.615504812834224

0.0, 0.0
0.3870922459893048, 92.72429518716578
0.7233288770053476, 68.56429090909091
1.0, 58.305099465240644
1.5235294117647058, 47.24318502673797
5.204344919786096, 25.589242780748663
9.574866310160427, 18.952094117647057
19.18048128342246, 13.313454545454546
30.047459893048128, 10.631185026737969

0.0, 0.0
0.3870922459893048, 92.86105668449198
0.7233288770053476, 68.66541818181818
1.0, 58.391095187165774
1.5235294117647058, 47.31286524064171
5.204344919786096, 25.62698502673797
9.574866310160427, 18.98004705882353
19.18048128342246, 13.33309090909091
30.047459893048128, 10.646865240641711

0.0, 0.0
0.3870922459893048, 92.99781818181818
0.7233288770053476, 68.76654545454545
1.0, 58.47709090909091
1.5235294117647058, 47.38254545454546
5.204344919786096, 25.664727272727273
9.574866310160427, 19.008
19.18048128342246, 13.352727272727273
30.047459893048128, 10.662545454545455

0.0, 0.0
0.3870922459893048, 93.13457967914438
0.7233288770053476, 68.86767272727273
1.0, 58.56308663101604
1.5235294117647058, 47.452225668449195
5.204344919786096, 25.702469518716576
9.574866310160427, 19.035952941176472
19.18048128342246, 13.372363636363636
30.047459893048128, 10.678225668449198

0.0, 0.0
0.3870922459893048, 93.27134117647059
0.7233288770053476, 68.9688
1.0, 58.64908235294118
1.5235294117647058, 47.52190588235294
5.204344919786096, 25.740211764705883
9.574866310160427, 19.06390588235294
19.18048128342246, 13.392
30.047459893048128, 10.693905882352942

0.0, 0.0
0.3870922459893048, 93.40810267379679
0.7233288770053476, 69.06992727272727
1.0, 58.73507807486631
1.5235294117647058, 47.591586096256684
5.204344919786096, 25.777954010695186
9.574866310160427, 19.09185882352941
19.18048128342246, 13.411636363636363
30.047459893048128, 10.709586096256684

0.0, 0.0
0.3870922459893048, 93.544864171123
0.7233288770053476, 69.17105454545455
1.0, 58.821073796791445
1.5235294117647058, 47.66126631016043
5.204344919786096, 25.815696256684493
9.574866310160427, 19.119811764705883
19.18048128342246, 13.431272727272727
30.047459893048128, 10.725266310160428

0.0, 0.0
0.3870922459893048, 93.6816256684492
0.7233288770053476, 69.27218181818182
1.0, 58.907069518716575
1.5235294117647058, 47.73094652406417
5.204344919786096, 25.853438502673797
9.574866310160427, 19.147764705882352
19.18048128342246, 13.450909090909091
30.047459893048128, 10.74094652406417

0.0, 0.0
0.3870922459893048, 93.8183871657754
0.7233288770053476, 69.37330909090909
1.0, 58.99306524064171
1.5235294117647058, 47.80062673796792
5.204344919786096, 25.891180748663103
9.574866310160427, 19.175717647058825
19.18048128342246, 13.470545454545455
30.047459893048128, 10.756626737967915

0.0, 0.0
0.3870922459893048, 93.95514866310161
0.7233288770053476, 69.47443636363636
1.0, 59.07906096256684
1.5235294117647058, 47.870306951871655
5.204344919786096, 25.928922994652407
9.574866310160427, 19.203670588235294
19.18048128342246, 13.490181818181819
30.047459893048128, 10.772306951871657

0.0, 0.0
0.3870922459893048, 94.0919101604278
0.7233288770053476, 69.57556363636364
1.0, 59.16505668449198
1.5235294117647058, 47.9399871657754
5.204344919786096, 25.96666524064171
9.574866310160427, 19.231623529411763
19.18048128342246, 13.509818181818181
30.047459893048128, 10.787987165775402

0.0, 0.0
0.3870922459893048, 94.228671657754
0.7233288770053476, 69.67669090909091
1.0, 59.25105240641711
1.5235294117647058, 48.00966737967914
5.204344919786096, 26.004407486631017
9.574866310160427, 19.259576470588236
19.18048128342246, 13.529454545454545
30.047459893048128, 10.803667379679144

0.0, 0.0
0.3870922459893048, 94.36543315508021
0.7233288770053476, 69.77781818181818
1.0, 59.337048128342246
1.5235294117647058, 48.07934759358289
5.204344919786096, 26.04214973262032
9.574866310160427, 19.287529411764705
19.18048128342246, 13.549090909090909
30.047459893048128, 10.819347593582888

0.0, 0.0
0.3870922459893048, 94.50219465240642
0.7233288770053476, 69.87894545454546
1.0, 59.423043850267376
1.5235294117647058, 48.14902780748663
5.204344919786096, 26.079891978609627
9.574866310160427, 19.315482352941178
19.18048128342246, 13.568727272727273
30.047459893048128, 10.83502780748663

0.0, 0.0
0.3870922459893048, 94.63895614973262
0.7233288770053476, 69.98007272727273
1.0, 59.50903957219251
1.5235294117647058, 48.21870802139038
5.204344919786096, 26.11763422459893
9.574866310160427, 19.343435294117647
19.18048128342246, 13.588363636363637
30.047459893048128, 10.850708021390375

0.0, 0.0
0.3870922459893048, 94.77571764705883
0.7233288770053476, 70.0812
1.0, 59.59503529411765
1.5235294117647058, 48.288388235294114
5.204344919786096, 26.155376470588234
9.574866310160427, 19.371388235294116
19.18048128342246, 13.608
30.047459893048128, 10.866388235294117

0.0, 0.0
0.3870922459893048, 94.91247914438503
0.7233288770053476, 70.18232727272728
1.0, 59.68103101604278
1.5235294117647058, 48.35806844919786
5.204344919786096, 26.19311871657754
9.574866310160427, 19.39934117647059
19.18048128342246, 13.627636363636364
30.047459893048128, 10.882068449197861

0.0, 0.0
0.3870922459893048, 95.04924064171124
0.7233288770053476, 70.28345454545455
1.0, 59.76702673796792
1.5235294117647058, 48.4277486631016
5.204344919786096, 26.230860962566844
9.574866310160427, 19.427294117647058
19.18048128342246, 13.647272727272727
30.047459893048128, 10.897748663101604

0.0, 0.0
0.3870922459893048, 95.18600213903743
0.7233288770053476, 70.38458181818181
1.0, 59.85302245989305
1.5235294117647058, 48.49742887700535
5.204344919786096, 26.26860320855615
9.574866310160427, 19.45524705882353
19.18048128342246, 13.66690909090909
30.047459893048128, 10.913428877005348

0.0, 0.0
0.3870922459893048, 95.32276363636363
0.7233288770053476, 70.4857090909091
1.0, 59.939018181818184
1.5235294117647058, 48.56710909090909
5.204344919786096, 26.306345454545454
9.574866310160427, 19.4832
19.18048128342246, 13.686545454545454
30.047459893048128, 10.92910909090909

0.0, 0.0
0.3870922459893048, 95.45952513368984
0.7233288770053476, 70.58683636363637
1.0, 60.025013903743314
1.5235294117647058, 48.63678930481284
5.204344919786096, 26.34408770053476
9.574866310160427, 19.51115294117647
19.18048128342246, 13.706181818181818
30.047459893048128, 10.944789304812835

0.0, 0.0
0.3870922459893048, 95.59628663101604
0.7233288770053476, 70.68796363636363
1.0, 60.11100962566845
1.5235294117647058, 48.70646951871658
5.204344919786096, 26.381829946524064
9.574866310160427, 19.539105882352942
19.18048128342246, 13.725818181818182
30.047459893048128, 10.960469518716577

0.0, 0.0
0.3870922459893048, 95.73304812834225
0.7233288770053476, 70.78909090909092
1.0, 60.19700534759358
1.5235294117647058, 48.77614973262032
5.204344919786096, 26.419572192513368
9.574866310160427, 19.56705882352941
19.18048128342246, 13.745454545454546
30.047459893048128, 10.976149732620321

0.0, 0.0
0.3870922459893048, 95.86980962566845
0.7233288770053476, 70.89021818181818
1.0, 60.28300106951872
1.5235294117647058, 48.84582994652406
5.204344919786096, 26.457314438502674
9.574866310160427, 19.595011764705884
19.18048128342246, 13.76509090909091
30.047459893048128, 10.991829946524064

0.0, 0.0
0.3870922459893048, 96.00657112299466
0.7233288770053476, 70.99134545454545
1.0, 60.36899679144385
1.5235294117647058, 48.91551016042781
5.204344919786096, 26.495056684491978
9.574866310160427, 19.622964705882353
19.18048128342246, 13.784727272727272
30.047459893048128, 11.007510160427808

0.0, 0.0
0.3870922459893048, 96.14333262032086
0.7233288770053476, 71.09247272727272
1.0, 60.454992513368985
1.5235294117647058, 48.98519037433155
5.204344919786096, 26.532798930481285
9.574866310160427, 19.650917647058822
19.18048128342246, 13.804363636363636
30.047459893048128, 11.02319037433155

0.0, 0.0
0.3870922459893048, 96.28009411764705
0.7233288770053476, 71.1936
1.0, 60.540988235294115
1.5235294117647058, 49.054870588235296
5.204344919786096, 26.570541176470588
9.574866310160427, 19.678870588235295
19.18048128342246, 13.824
30.047459893048128, 11.038870588235294

0.0, 0.0
0.3870922459893048, 96.41685561497326
0.7233288770053476, 71.29472727272727
1.0, 60.62698395721925
1.5235294117647058, 49.12455080213904
5.204344919786096, 26.608283422459895
9.574866310160427, 19.706823529411764
19.18048128342246, 13.843636363636364
30.047459893048128, 11.054550802139037

0.0, 0.0
0.3870922459893048, 96.55361711229946
0.7233288770053476, 71.39585454545454
1.0, 60.71297967914438
1.5235294117647058, 49.19423101604278
5.204344919786096, 26.646025668449198
9.574866310160427, 19.734776470588237
19.18048128342246, 13.863272727272728
30.047459893048128, 11.070231016042781

0.0, 0.0
0.3870922459893048, 96.69037860962567
0.7233288770053476, 71.49698181818182
1.0, 60.79897540106952
1.5235294117647058, 49.26391122994652
5.204344919786096, 26.6837679144385
9.574866310160427, 19.762729411764706
19.18048128342246, 13.882909090909092
30.047459893048128, 11.085911229946523

0.0, 0.0
0.3870922459893048, 96.82714010695187
0.7233288770053476, 71.59810909090909
1.0, 60.88497112299465
1.5235294117647058, 49.33359144385027
5.204344919786096, 26.72151016042781
9.574866310160427, 19.790682352941175
19.18048128342246, 13.902545454545455
30.047459893048128, 11.101591443850268

0.0, 0.0
0.3870922459893048, 96.96390160427808
0.7233288770053476, 71.69923636363636
1.0, 60.970966844919786
1.5235294117647058, 49.40327165775401
5.204344919786096, 26.75925240641711
9.574866310160427, 19.818635294117648
19.18048128342246, 13.922181818181818
30.047459893048128, 11.11727165775401

0.0, 0.0
0.3870922459893048, 97.10066310160428
0.7233288770053476, 71.80036363636364
1.0, 61.056962566844916
1.5235294117647058, 49.472951871657756
5.204344919786096, 26.79699465240642
9.574866310160427, 19.846588235294117
19.18048128342246, 13.941818181818181
30.047459893048128, 11.132951871657754

0.0, 0.0
0.3870922459893048, 97.23742459893049
0.7233288770053476, 71.90149090909091
1.0, 61.14295828877005
1.5235294117647058, 49.5426320855615
5.204344919786096, 26.83473689839572
9.574866310160427, 19.87454117647059
19.18048128342246, 13.961454545454545
30.047459893048128, 11.148632085561497

0.0, 0.0
0.3870922459893048, 97.37418609625668
0.7233288770053476, 72.00261818181818
1.0, 61.22895401069519
1.5235294117647058, 49.61231229946524
5.204344919786096, 26.872479144385025
9.574866310160427, 19.90249411764706
19.18048128342246, 13.98109090909091
30.047459893048128, 11.16431229946524

0.0, 0.0
0.3870922459893048, 97.51094759358288
0.7233288770053476, 72.10374545454546
1.0, 61.31494973262032
1.5235294117647058, 49.68199251336898
5.204344919786096, 26.910221390374332
9.574866310160427, 19.93044705882353
19.18048128342246, 14.000727272727273
30.047459893048128, 11.179992513368983

0.0, 0.0
0.3870922459893048, 97.64770909090909
0.7233288770053476, 72.20487272727273
1.0, 61.40094545454546
1.5235294117647058, 49.75167272727273
5.204344919786096, 26.947963636363635
9.574866310160427, 19.9584
19.18048128342246, 14.020363636363637
30.047459893048128, 11.195672727272727

0.0, 0.0
0.3870922459893048, 97.7844705882353
0.7233288770053476, 72.306
1.0, 61.48694117647059
1.5235294117647058, 49.82135294117647
5.204344919786096, 26.985705882352942
9.574866310160427, 19.98635294117647
19.18048128342246, 14.04
30.047459893048128, 11.21135294117647

0.0, 0.0
0.3870922459893048, 97.9212320855615
0.7233288770053476, 72.40712727272727
1.0, 61.572936898395724
1.5235294117647058, 49.891033155080216
5.204344919786096, 27.023448128342245
9.574866310160427, 20.014305882352943
19.18048128342246, 14.059636363636363
30.047459893048128, 11.227033155080214

0.0, 0.0
0.3870922459893048, 98.0579935828877
0.7233288770053476, 72.50825454545455
1.0, 61.658932620320854
1.5235294117647058, 49.96071336898396
5.204344919786096, 27.061190374331552
9.574866310160427, 20.042258823529412
19.18048128342246, 14.079272727272727
30.047459893048128, 11.242713368983956

0.0, 0.0
0.3870922459893048, 98.19475508021391
0.7233288770053476, 72.60938181818182
1.0, 61.74492834224599
1.5235294117647058, 50.0303935828877
5.204344919786096, 27.098932620320856
9.574866310160427, 20.07021176470588
19.18048128342246, 14.09890909090909
30.047459893048128, 11.2583935828877

0.0, 0.0
0.3870922459893048, 98.3315165775401
0.7233288770053476, 72.71050909090908
1.0, 61.83092406417112
1.5235294117647058, 50.10007379679144
5.204344919786096, 27.13667486631016
9.574866310160427, 20.098164705882354
19.18048128342246, 14.118545454545455
30.047459893048128, 11.274073796791443

0.0, 0.0
0.3870922459893048, 98.4682780748663
0.7233288770053476, 72.81163636363637
1.0, 61.91691978609626
1.5235294117647058, 50.169754010695186
5.204344919786096, 27.174417112299466
9.574866310160427, 20.126117647058823
19.18048128342246, 14.138181818181819
30.047459893048128, 11.289754010695187

0.0, 0.0
0.3870922459893048, 98.60503957219251
0.7233288770053476, 72.91276363636364
1.0, 62.00291550802139
1.5235294117647058, 50.23943422459893
5.204344919786096, 27.21215935828877
9.574866310160427, 20.154070588235292
19.18048128342246, 14.157818181818183
30.047459893048128, 11.30543422459893

0.0, 0.0
0.3870922459893048, 98.74180106951871
0.7233288770053476, 73.0138909090909
1.0, 62.088911229946525
1.5235294117647058, 50.309114438502675
5.204344919786096, 27.249901604278076
9.574866310160427, 20.182023529411765
19.18048128342246, 14.177454545454545
30.047459893048128, 11.321114438502674

0.0, 0.0
0.3870922459893048, 98.87856256684492
0.7233288770053476, 73.11501818181819
1.0, 62.174906951871655
1.5235294117647058, 50.37879465240642
5.204344919786096, 27.28764385026738
9.574866310160427, 20.209976470588234
19.18048128342246, 14.197090909090909
30.047459893048128, 11.336794652406416

0.0, 0.0
0.3870922459893048, 99.01532406417112
0.7233288770053476, 73.21614545454545
1.0, 62.26090267379679
1.5235294117647058, 50.44847486631016
5.204344919786096, 27.325386096256686
9.574866310160427, 20.237929411764707
19.18048128342246, 14.216727272727272
30.047459893048128, 11.35247486631016

0.0, 0.0
0.3870922459893048, 99.15208556149733
0.7233288770053476, 73.31727272727272
1.0, 62.34689839572192
1.5235294117647058, 50.5181550802139
5.204344919786096, 27.36312834224599
9.574866310160427, 20.265882352941176
19.18048128342246, 14.236363636363636
30.047459893048128, 11.368155080213903

0.0, 0.0
0.3870922459893048, 99.28884705882354
0.7233288770053476, 73.4184
1.0, 62.43289411764706
1.5235294117647058, 50.587835294117646
5.204344919786096, 27.400870588235293
9.574866310160427, 20.293835294117645
19.18048128342246, 14.256
30.047459893048128, 11.383835294117647

0.0, 0.0
0.3870922459893048, 99.42560855614973
0.7233288770053476, 73.51952727272727
1.0, 62.51888983957219
1.5235294117647058, 50.65751550802139
5.204344919786096, 27.4386128342246
9.574866310160427, 20.321788235294118
19.18048128342246, 14.275636363636364
30.047459893048128, 11.399515508021391

0.0, 0.0
0.3870922459893048, 99.56237005347593
0.7233288770053476, 73.62065454545454
1.0, 62.604885561497326
1.5235294117647058, 50.727195721925135
5.204344919786096, 27.476355080213903
9.574866310160427, 20.349741176470587
19.18048128342246, 14.295272727272728
30.047459893048128, 11.415195721925134

0.0, 0.0
0.3870922459893048, 99.69913155080214
0.7233288770053476, 73.72178181818182
1.0, 62.69088128342246
1.5235294117647058, 50.79687593582888
5.204344919786096, 27.51409732620321
9.574866310160427, 20.37769411764706
19.18048128342246, 14.31490909090909
30.047459893048128, 11.430875935828878

0.0, 0.0
0.3870922459893048, 99.83589304812834
0.7233288770053476, 73.82290909090909
1.0, 62.77687700534759
1.5235294117647058, 50.866556149732624
5.204344919786096, 27.551839572192513
9.574866310160427, 20.40564705882353
19.18048128342246, 14.334545454545454
30.047459893048128, 11.44655614973262

