0.0, 0.0
0.3074866310160428, 0.0
0.7185828877005348, 0.0
0.9832887700534759, 0.0
1.3810160427807487, 0.0
4.949866310160428, 0.0
9.04144385026738, 0.0
18.32419786096257, 0.0
29.709224598930483, 0.0

8.205805459686385e-06, 1.3305737860366367e-06
-16.388719238128544, -36.266522635150615
-0.9482691008154802, -5.676595839169637
0.1825331828817589, 0.07158905593415887
1.1217971151996806, -0.6404936265165778
4.801570578143871, 0.27341594467707614
8.997329765021247, 0.20481497324394932
18.313473020350866, 0.1433243146686548
29.70514528209602, 0.11067799844025132

3.198758136847994e-05, 4.299931614371816e-06
-34.06493829519782, -75.4044329082448
-2.0583291210975516, -12.859026224547936
3.8781691690790137, -3.343526235084328
2.8347037348039623, -1.0368230596822403
4.338798918981955, 0.5283490594265516
8.864184960183666, 0.4075944529563772
18.28127535453537, 0.2864805346680629
29.692905263727916, 0.22132559565299526

7.544047407442293e-05, 9.569838952786078e-06
-51.7406528306624, -114.54122646564704
-3.1602965375731444, -19.991271716541196
7.460702198791684, -6.277945270005988
3.6902312149846117, -1.096883818328972
3.493159414399974, 0.7345920152094325
8.63951868370496, 0.6061460638299948
18.22753514983097, 0.42929906894375797
29.67249833394641, 0.331912326640153

0.00014866226671367882, 2.1435346652325196e-05
-69.41616782963172, -153.67757830662094
-4.259323676932746, -27.104949472947062
10.97773223716614, -9.157033246433269
4.064890904969905, -1.0118048325808928
2.054076684644748, 0.8043742131545801
8.318881265862592, 0.7979298777624695
18.15213527104357, 0.5716072983730239
29.64391412200558, 0.44240759840319344

0.00021079858912253306, 0.0001065319674751705
-87.09157505462903, -192.81369155384922
-5.356811413084603, -34.208837808700494
14.466250778099308, -12.012312039793938
4.0346214020808855, -0.8255970726801732
0.8798041432944513, -0.6578895481239802
7.8953303306567335, 0.9797848505105649
18.054909712315645, 0.7132279749128634
29.607138064153823, 0.5527806251499646

0.00012294968407997202, 0.0001299187416492945
-104.76691465930693, -231.94965509624862
-6.453349070379442, -41.30666115363312
17.938635349513582, -14.854187113900196
3.5799616309107014, -0.5532296164315013
2.8847686708085587, -0.8225189972204237
7.358461229747704, 1.1474805353982862
17.935641476506916, 0.8539775127160714
29.562151353450158, 0.6630003633469314

8.06166684554281e-05, 0.000138582786196315
-122.44220784302028, -271.0855158650832
-7.549241129901211, -48.40035310235535
21.400601890126627, -17.687433113275734
2.554262703435017, -0.19710543406570089
3.976006716024658, -0.6724975057383411
6.692616855925232, 1.2948906584427122
17.794059792296427, 0.9936641188113938
29.50893088110242, 0.7730354466174189

6.218352806400752e-05, 0.00014382550909368234
-140.11746717389218, -310.221301684466
-8.644665636981735, -55.49104791121392
24.855273235689125, -20.514648624826552
0.13305062733156398, -0.4176635668797387
4.614195021599208, -0.44153983688480214
5.873337050796672, 1.4122684517495105
17.62983666974104, 1.1320857206348613
29.44744918081163, 0.8828541191704561

6.268891074075016e-05, 0.00014820064145267645
-157.7927007192505, -349.3570304146931
-9.739735791525309, -62.57946835667803
28.304546007673185, -23.337407793430344
2.5825428298359365, -3.6648467293513276
4.913558821050851, -0.1770580695991981
4.859383093226537, 1.4820140986128822
17.442582538954664, 1.2690276101057998
29.377674354601098, 0.9924241652339629

8.153723076696283e-05, 0.00015327328505583809
-175.46791396729031, -388.4927142062747
-10.834528066168053, -69.66610353706393
31.749659893308262, -26.156737596442245
4.687233141709338, -6.368686478479189
4.912332920661516, 0.09854310112224071
3.5706644934752436, 1.4653972102455572
17.231840833701384, 1.4042597241304444
29.29956998207947, 1.101712835105618

0.00012177052453078996, 0.00016172602661074635
-193.1431108213584, -427.62836170106294
-11.929096560096108, -76.75129991045053
35.191470312371536, -28.973345665288715
6.716737130242442, -8.969714894515965
4.6099215508302835, 0.36787352048520156
1.7958868039986269, 1.2331951934285872
16.997081334984088, 1.537533461491018
29.213095014464766, 1.2106867679087512

0.00016863512666881662, 0.00019869932131514367
-210.81829415694335, -466.7639792653309
-13.023480959068424, -83.83531189681798
38.63059268231942, -31.787740519735433
8.710333674765044, -11.522694278991413
3.9665001789679795, 0.6089044366350751
0.7015049138667927, -0.9016704629932072
16.73769201540721, 1.668577905920665
29.118203652380306, 1.3193119106858775

0.0001905546585656226, 0.0002160522669535695
-228.49346615361802, -505.899571724642
-14.117711242028607, -90.91833185272169
42.067484688189055, -34.60029999982444
10.68258782516869, -14.047414037914988
2.8638925286839902, 0.7750082862168127
2.8940758535406714, -1.4115839401968193
16.4529690423626, 1.797095288000059
29.014845205743807, 1.4275534335348847

0.0002683653763396757, 0.000242424062930527
-246.1686285029375, -545.0351428241107
-15.211810610332197, -98.0005087542094
45.50249603436678, -37.41131258462662
12.640614876171695, -16.553415703715373
0.812477333384594, 0.6240682736359464
4.348146263309501, -1.493281293180696
16.142104517889447, 1.9227554503987507
28.90296393674313, 1.5353756389742665

0.00019239974545731578, 0.0003298602059415395
-263.84378254406613, -584.1706955286736
-16.305797388911714, -105.08196033755635
48.935899989136814, -40.221003556188904
14.588450201649081, -19.046066491644112
2.086584829009374, -0.8426318197540085
5.465824644010296, -1.4546311877069513
15.804171348110863, 2.045189038153094
28.782498883029668, 1.642741866744929

0.00011273064338404687, 0.0003440311350522435
-281.5189293553353, -623.3062322257912
-17.399686304175912, -112.16278126826947
52.367914180505785, -43.02955222943027
16.52861225941986, -21.52869708772338
3.506422334810588, -0.7915333751939214
6.361800566099295, -1.3557602906976107
15.438104423479501, 2.163978999530613
28.653383654412256, 1.7496143933905426

6.32999583173248e-05, 0.0003508988135672299
-299.1940698178731, -662.4417548663077
-18.49348936883116, -119.24304880244716
55.79871476221031, -45.83710367872047
18.46278203064484, -24.00352132464648
4.344621315503327, -0.5980192256831521
7.089561732223937, -1.2205670271391817
15.042677282799993, 2.2786498676741735
28.515546225326904, 1.8559543269570322

3.402629724626041e-05, 0.00035484730372945645
-316.8692046609382, -701.5772650648375
-19.587216510368517, -126.32282681119361
59.22844633634965, -48.64377694528719
20.392139019259897, -26.472087604037444
4.803523771220976, -0.3502625133054772
7.679288156853242, -1.0613762085741696
14.61647270064041, 2.388654022373233
28.36890870877969, 1.9617214934357157

2.1490868022007363e-05, 0.00035745437375840107
-334.54433449493234, -740.7127641728398
-20.680876027495135, -133.4021687052346
62.657229073071, -51.44967092194037
22.31754355125858, -28.935522434682316
4.949237786672641, -0.07909035733558735
8.149788681945905, -0.8855746918799177
14.15784507374154, 2.4933537577425144
28.213387099760038, 2.066874312612872

2.472791628136641e-05, 0.0003596826975330925
-352.2194598359045, -779.8482533328787
-21.774474928115538, -140.48111960182527
66.08516392742484, -54.25486866239262
24.239642879269798, -31.39467155665285
4.7983999368799575, 0.19682831592722566
8.513419903046753, -0.6980789835609585
13.664871730371093, 2.5919974929953744
28.04889099026402, 2.1713696635206063

4.453738840949545e-05, 0.00036245673388408413
-369.89458112404907, -818.983733519569
-22.86801918394111, -147.5597179579815
69.51233653314239, -57.05944059595101
26.15893644948832, -33.85018644119149
4.331876786299531, 0.459225388476264
8.778451876690047, -0.5024461655281341
13.135288911222858, 2.6836876016306572
27.87532325394882, 2.2751627383164132

8.422066892790904e-05, 0.0003672279457776733
-387.569698737878, -858.1192055709636
-23.96151392525252, -154.6379968204079
72.93882015684521, -59.86344696534623
28.075817886119598, -36.30257977029376
3.4789740059538117, 0.6785603240547791
8.950317106024373, -0.3014475463566306
12.566406043726342, 2.767335950660624
27.692579697442728, 2.3782068831675742

0.00015419029073076627, 0.00037819672428582405
-405.2448130052351, -897.2546702129312
-25.05496359194298, -161.7159847952567
76.36467797240184, -62.666939702748934
29.99060301746158, -38.75226237958836
2.0206164577156236, 0.7675513520191884
9.03229873471485, -0.09740183438420465
11.954988481405094, 2.8416009207196136
27.500548674696976, 2.480453424509929

0.00020743300303778772, 0.0004630541769236518
-422.91992421195255, -936.3901280783266
-26.14837205211562, -168.79370680986543
79.78996483504065, -65.46996389258962
31.903549176600215, -41.199568645829295
0.9419368746582719, -0.6919001692476687
9.025898874528377, 0.1076061116405794
11.297093063010045, 2.9047956218477573
27.299110659428646, 2.5818514787127085

0.00011701476399411499, 0.0004868777971769116
-440.5950326087378, -975.5255797222352
-27.241742696258104, -175.87118471783248
83.21472868177253, -68.2725589258357
33.81486885194406, -43.644774409101615
2.903734306090473, -0.8711179377941015
8.930995134506832, 0.31155848706938544
10.587830549082776, 2.9547495682182765
27.088137764619994, 2.6823477430213907

7.009981960524796e-05, 0.0004958249300655556
-458.2701384167009, -1014.6610256342129
-28.335078512790954, -182.94843778457005
86.63901164882321, -71.07475942074922
35.72473956612583, -46.08810992287198
3.9838709219665613, -0.7367937203987106
8.745827768958016, 0.512351102868662
9.821010873407882, 2.988591889415542
26.8674932181171, 2.781886268054295

4.602351652418321e-05, 0.0005007524197290588
-475.94524183183967, -1053.7964662482143
-29.428382149240097, -190.02548308059542
90.06285097205874, -73.87659596466688
37.633311170205104, -48.52976940314047
4.616924457181675, -0.5155965881393433
8.466814871275556, 0.7076217083189135
8.988590602895789, 3.0023948703107135
26.637030804427418, 2.8804082106800446

3.9624238883645475e-05, 0.00050401277401909
-493.62034302870245, -1092.9319019507018
-30.52165596219876, -197.10233580283753
93.48627971909733, -76.67809571693688
39.540711326134264, -50.96991819606585
4.913323970824087, -0.25572192031331564
8.088144196235087, 0.8945196144287295
8.079764169271439, 2.990550466157762
26.39659423980263, 2.977851557295088

4.930974197224884e-05, 0.000506765151256648
-511.2954421634087, -1132.0673330873465
-31.61490205845891, -204.17900953921188
96.90932738954028, -79.47928290310615
41.447049692867765, -53.40869824438148
4.909777899134777, 0.020031670437852676
7.6010189540725435, 1.0693479357555613
7.07936390482024, 2.9445902864073417
26.146016475855433, 3.0741508151519836

7.539957649993636e-05, 0.0005099412412607396
-528.9705393761554, -1171.2027599685498
-32.70812232911988, -211.25551648807928
100.33202041084961, -82.28017922309692
43.352421167868954, -55.84623231599904
4.604568556383835, 0.29431864315466755
6.992285372594566, 1.2269372350870016
5.964776333118939, 2.850700170086594
25.885118925248836, 3.169236668019372

0.00012023655741803144, 0.000514737058614256
-546.6456347933117, -1210.3381828741055
-33.80131847806713, -218.3318676415111
103.75438255092494, -85.08080419074216
45.256908429126604, -58.28262731707918
3.9563101530450457, 0.5455870272652313
6.241806225351598, 1.3594111342239859
4.699199644830878, 2.6836187015924113
25.613710599423186, 3.263035590949492

0.00019026513630609703, 0.0005236456712541171
-564.3207285291784, -1249.4736020570904
-34.8944920458996, -225.40807293930303
107.17643526363074, -87.88117541808602
47.160583951583234, -60.71797691790673
2.8428668574699705, 0.7281453041171048
5.316899702017787, 1.4533784371143028
3.2137926054224266, 2.387558551336701
25.33158714627222, 3.3554694179848497

0.00031153160144155263, 0.0005494282094821537
-581.9958206874786, -1288.6090177471578
-35.98764443015269, -232.4841413991639
110.59819797994754, -90.68130885489853
49.06351162338788, -63.15236365603771
0.7436375866875539, 0.5908679928956968
4.1584214384483715, 1.4820889415835703
1.3420066057655058, 1.7802118841711205
25.038529773191552, 3.4464548554556496

0.00027138933563336233, 0.0006453889457984973
-599.6709113626243, -1327.7444301533383
-37.08077690248346, -239.56008122737
114.01968835470252, -93.48121899161062
50.96574805378396, -65.5858606369642
2.116222445420431, -0.8817441893022506
2.6338639495517535, 1.3740774853855364
-0.06050448522266567, -0.8956962872854233
24.734304034317866, 3.535902931655661

0.0002348915922517099, 0.0006753810567973717
-617.3460006407947, -1366.8798394664523
-38.17389062335167, -246.63589991330574
117.44092247678232, -96.28091903217938
52.867343640749525, -68.01853292145198
3.5176952959882795, -0.8490657896203904
0.19589575506819987, 0.6328479803214834
2.225557626362306, -2.106692780128402
24.418658458032997, 3.6237183736528924

0.00016483190750824246, 0.0007136140398767838
-635.0210886008745, -1406.0152458611465
-39.266986654618975, -253.71160431061602
120.86191504912564, -99.08042104209767
54.76834344944226, -70.45043866655583
4.3486834602452635, -0.6680572276069915
2.1110791993421483, -1.3006373845330816
3.89577938852957, -2.5341980770691195
24.091323032210752, 3.7097989081359355

0.000116823674989126, 0.0007235869926663428
-652.6961753152436, -1445.1506494976913
-40.36006597041371, -260.78720070719277
124.28267954356113, -101.87973607570223
56.66878794038197, -72.8816300709288
4.803831498484523, -0.427315586968541
3.7845290734977994, -1.484545540614255
5.273627437772056, -2.762470963344585
23.752007500753614, 3.794034464210857

9.033010197415149e-05, 0.000729406864855798
-670.3712608504857, -1484.2860505234949
-41.453129466537995, -267.8626948857886
127.70322833459947, -104.67887428615647
58.56871357727683, -75.31215416342035
4.947046603600707, -0.15827931794019712
5.02377090348224, -1.4867955874464052
6.467582331189284, -2.8924585624248462
23.40039943117268, 3.87630625612712

8.198885897939933e-05, 0.0007335278612328844
-688.0463452679791, -1523.4214490744685
-42.546177968647115, -274.9380921767214
131.12357281552244, -107.47784502087069
60.46815333762068, -77.74205346520188
4.793772752419792, 0.12021071468250434
6.00491264777526, -1.4104445874437188
7.528939831834099, -2.962450970255291
23.036162016760365, 3.956485728998246

9.168877435054927e-05, 0.0007373354653852404
-705.7214286244332, -1562.556845276169
-43.63921223938805, -282.0133975038796
134.54372349950833, -110.27665690461001
62.36713714416605, -80.17136654902039
4.323648383103065, 0.3901660434990445
6.799351149306698, -1.28948059552206
8.487106466399325, -2.9915224720182705
22.658931567121428, 4.034433338347314

0.00012233432535582077, 0.0007424568754311718
-723.3965109723492, -1601.6922392448412
-44.73223298465305, -289.0886154250254
137.9636901080531, -113.07531791215204
64.26569223156119, -82.60012851421274
3.4636356783632296, 0.6227951228359263
7.444908856950935, -1.1399499503830657
9.360939048134927, -2.990697606068088
22.268314632347064, 4.1099971315779396

0.00018445006642771618, 0.0007531720802465493
-741.0715923604223, -1640.8276310882986
-45.82524085907513, -296.1637501672198
141.38348164855253, -115.87383543203309
66.16384345951202, -85.02837139227803
1.9857548917572365, 0.7314373367231621
7.964352329126278, -0.9709358153977321
10.163453332814703, -2.9669857325797055
21.863884692852544, 4.183011091084854

0.00022479036213613572, 0.0008383853631170406
-758.7466728339084, -1679.9630209067423
-46.918236470874795, -303.23880565806644
144.8031064826063, -118.67221632266205
68.06161358157492, -87.45612449485415
1.0012288056487744, -0.7261752606416189
8.37236941120285, -0.7882364619554891
10.904114053540994, -2.925151511989571
21.445178329038658, 4.253293188052731

0.00012813909347181721, 0.0008631469528049713
-776.4217524349341, -1719.0984087934432
-48.01122038614718, -310.31378555334953
148.22257238634253, -121.4704669618739
69.95902347693286, -89.88341471364858
2.9217529863252634, -0.920121819270196
8.67874863452308, -0.5959047421073467
11.590075671966165, -2.8685986990457426
21.011690751511996, 4.320643080826808

7.362583807161655e-05, 0.000872869453228833
-794.0968312027796, -1758.2337948353777
-49.10419313266475, -317.388693261555
151.64188660385776, -124.26859329082413
71.85609235109926, -92.31026678010483
3.990604561749355, -0.8012053185388126
8.890003532483327, -0.3970007832065401
12.226910222319432, -2.799854406597904
20.56287059795202, 4.38483939173116

4.159785505611317e-05, 0.0008780995030278462
-811.7719091741308, -1797.3691791137696
-50.19715520326053, -324.46353196568475
155.06105589469274, -127.06660085298824
73.75283791040695, -94.73670349112805
4.61829908690739, -0.5896380913295409
9.010258505688558, -0.19400746105408156
12.819061402864953, -2.7208538631823385
20.09811387265619, 4.445636473851187

2.6925968974968497e-05, 0.0008812037596693027
-829.4469863833045, -1836.5045617046003
-51.29010705884611, -331.5383046427193
158.48008657612564, -129.86449482889628
75.64927651430891, -97.16274590602228
4.911549630956728, -0.3342935017281298
9.041734659414008, 0.010911873020272727
13.370141269523577, -2.633117236747946
19.616756774580107, 4.502760511255582

2.7919758472976952e-05, 0.0008833183086612357
-847.1220628624474, -1875.639942679053
-52.38304913111042, -338.6130140810259
161.89898456094795, -132.66228006715446
77.5454233088006, -99.5884135189556
4.905523637806141, -0.05830490479132052
8.984988918793448, 0.2157300814030593
13.88313180110202, -2.537864473009165
19.118067163208146, 4.555904785649438

4.472827893692489e-05, 0.0008853000382544851
-864.797138641711, -1914.7753221038718
-53.47598182493921, -345.68766289596454
165.31775539128878, -135.459961112221
79.44129234370455, -102.0137244105234
4.597340378074591, 0.22104372598734376
8.83897221586492, 0.41840154127301454
14.360526375151787, -2.4360926871192605
18.601234335346387, 4.6047238867449085

7.944074512295e-05, 0.000888188231311477
-882.4722137494145, -1953.9107000417794
-54.56890552058917, -352.7622535439087
168.73640426897512, -138.25754222933352
81.33689667610317, -104.43869538137724
3.9439889966705626, 0.48269334606452163
8.60092137418398, 0.6167029246171623
14.804431817183058, -2.328629970626859
18.065356680453927, 4.648826565528661

0.00013815241044860528, 0.0008941561928961265
-900.1472882122048, -1993.0460765517464
-55.66182057564613, -359.8367883348815
172.15493608284677, -141.05502742693469
83.23224846184148, -106.86334207041283
2.819115797910287, 0.6819254442120587
8.2660561459868, 0.8080345693497941
15.216643740839341, -2.2161738184560535
17.509426641433958, 4.687766823200289

0.00024751049302865446, 0.0009157773926160358
-917.8223620551585, -2032.181451689323
-56.75472732679235, -366.9112694439548
175.57335543338152, -143.85242047688814
85.12735903671359, -109.28767905960838
0.6663954655267846, 0.5562329846231043
7.826995334279481, 0.989129743089264
15.598703283817276, -2.0993192215575704
16.932312211219127, 4.721032676717069

0.00018531015413684942, 0.0010021292982853524
-935.497435301924, -2071.316825506831
-57.84762609140488, -373.9856989215624
178.99166665494417, -146.64972493274453
87.02223898870186, -111.71171996728411
2.1465439996115485, -0.9216682190469243
7.272698358057105, 1.155570459201826
15.951940545352395, -1.978579623402854
16.33273390266142, 4.748031815897474

0.000129782275010193, 0.0010175731370599646
-953.1725079748217, -2110.4521980537756
-58.94051716900406, -381.06007870284407
182.40987383593327, -149.44694414627364
88.91689822242962, -114.13547753128694
3.5288637982341724, -0.9067993933746902
6.586495409466788, 1.3008802368300991
16.2775083180626, -1.854402840337513
15.70923573786083, 4.768073049965824

0.00010331453690457814, 0.001026141675586667
-970.8475800949407, -2149.5875693767453
-60.033400842568504, -388.1344106161343
185.82798083705248, -152.2440812824669
90.81134601680182, -116.55896368339373
4.352012954157205, -0.7380900630580788
5.742124963585869, 1.4145908685039217
16.576408820348615, -1.727183398658984
15.060148404986153, 4.780342039060604

9.76310880029604e-05, 0.0010323475873862246
-988.5226516822289, -2188.7229395199956
-61.12627737973152, -395.2086963906769
189.2459913079181, -155.04113933316816
92.70559107668387, -118.98218961600811
4.80297530123659, -0.5042687599875081
4.694614675678901, 1.477359031337676
16.84951500123983, -1.597272206497159
14.38354165005982, 4.783868932519749

0.00011107931745303292, 0.0010383499048834059
-1006.1977227555747, -2227.858308525262
-62.21914703387071, -402.28293766366244
192.66390870217722, -157.83812112948146
94.59964157935121, -121.40516584208444
4.943417705016986, -0.23723337885048998
3.3539368770611304, 1.4448154029824585
17.09758759330652, -1.4649842385819092
13.6771616860294, 4.777484345375391

0.00014665486414985323, 0.001047421439479486
-1023.8727933328761, -2266.993676432275
-63.31201004510291, -409.35713598664756
196.08173629129672, -160.6350293530874
96.49350521632905, -123.82790224909623
4.7874909285949805, 0.04406537080225053
1.4633719730490837, 1.1513616024765785
17.32128888654165, -1.330604723629109
12.938347383826176, 4.759758196521535

0.0001755542253076484, 0.00108402357051482
-1041.5478634311169, -2306.129043278517
-64.40486664119412, -416.431292831425
199.4994771771604, -163.43186654658115
98.38718923116394, -126.25040814774589
4.313530545608292, 0.32187611184712706
1.1131572410261177, -1.0565701374953052
17.5211939130427, -1.1943941900083266
12.16391561272126, 4.728912592792246

0.00018956735801966567, 0.0010961627880990512
-1059.2229330664316, -2345.2644090998274
-65.49771703839207, -423.5054095953994
202.91713430359366, -166.2286351229299
100.28070045358919, -128.6726923160183
3.4460511983707907, 0.5681403881005209
3.1311699931763735, -1.4432201835333522
17.697799559005375, -1.0565926338506457
11.350000410571967, 4.6826940738512155

0.0002427792892819275, 0.001109301898015149
-1076.8980022541052, -2384.399773930006
-66.59056144218977, -430.57948760651965
206.33471046692725, -169.02533737413978
102.17404533049202, -131.0947630391041
1.9474817137434868, 0.6967234444753105
4.52401267383433, -1.503588629322852
17.851532009517197, -0.9174230196218254
10.491820812547521, 4.618179674078382

0.0002714994294315011, 0.001196684109280879
-1094.5730710087666, -2423.5351378013866
-67.68340004802775, -437.6535281278051
209.75220832569187, -171.82197547921174
104.06722995403533, -133.51662814564932
1.0593853457835738, -0.761881057369133
5.604778563872062, -1.4563769203311305
17.982752829194375, -0.7770942414001667
9.583333638257866, 4.531470043016689

0.0001713673410227075, 0.0012236855852810968
-1112.248139344259, -2462.6705007447054
-68.77623304193907, -444.72753236151186
213.16963040952888, -174.61855151145036
105.96026008724232, -135.93829504072698
2.939437510803078, -0.9702327370089338
6.474124674922317, -1.3531515656858022
18.091763859317584, -0.6358036646224607
8.616691652232124, 4.417178491258235

0.00011304075838588129, 0.0012353813817653767
-1129.9232072737818, -2501.8058627891533
-69.86906060114337, -451.80150145296994
216.5869791273935, -177.4150674451951
107.8531411873143, -138.35977073588572
3.9966302021476863, -0.8662218471228348
7.180785185731792, -1.215479989331076
18.178811193760854, -0.4937393533385612
7.581353854534509, 4.267525355961667

7.765938080106082e-05, 0.0012421791543017371
-1147.598274809983, -2540.9412239627122
-70.96188289459499, -458.87543649412146
220.00425677511316, -180.21152516202298
109.74587842691389, -140.78106187658216
4.618678716040413, -0.6639250813563401
7.7527690291819935, -1.054786011483088
18.244088419898056, -0.35108205098508627
6.462525711336694, 4.070595440770988

6.0113139494152156e-05, 0.0012465895980890735
-1165.27334196487, -2580.0765842919964
-72.05470008348954, -465.9493385267859
223.42146554236533, -183.00792645647118
111.63847671362605, -143.202174767258
4.908590725527157, -0.412809753203687
8.207707332051983, -0.878035473919112
18.287739080731413, -0.20800697755968817
5.23818013982236, 3.8065878797856816

5.872332960511379e-05, 0.0012498932464218918
-1182.9484087499002, -2619.211943802369
-73.14751232173182, -473.02320854568507
226.8386075191233, -185.80427304132735
113.53094070778447, -145.6231153943027
4.8999795518191585, -0.1363054463374042
8.557238402630462, -0.6899239466318021
18.309858455558803, -0.0646854923485412
3.8726829146624344, 3.4383374862551093

7.37390758791901e-05, 0.0012531791365773279
-1200.6234751760458, -2658.347302518152
-74.24031975636817, -480.09704750123944
230.2556847016209, -188.60056655251998
115.42327483882244, -148.0438894471147
4.588788165689886, 0.14839297884451624
8.80915197503719, -0.4938845911514837
18.310494722914864, 0.07871333556012697
2.300943799958451, 2.8803196825169026

0.0001075634995710918, 0.0012582415738505359
-1218.2985412538603, -2697.482660462641
-75.33312252798912, -487.17085630215865
233.67269899787775, -191.3968085536529
117.31548332029321, -150.4645023374454
3.9303552350869153, 0.4207513735729083
8.968531110743244, -0.2926177252762536
18.2896495396973, 0.2220212106503298
0.3884422304009171, 1.8299968892968388

0.0001622817206427376, 0.0012710681013362833
-1235.973606993322, -2736.618017657956
-76.42592077110112, -494.24463581784903
237.08965223282237, -194.19300054020752
119.20757016368779, -152.8849592171928
2.79397675855151, 0.637077780079307
9.038381865453582, -0.08840325028327874
18.247278052735417, 0.36506911317741136
-0.26264146806279787, -1.2220370917901555

0.0002626737328255802, 0.0012955626303139743
-1253.6486724040349, -2775.7533741253774
-77.51871461447294, -501.31838688064744
240.50654615305046, -196.98914394344376
121.09953919116415, -155.30526499479015
0.5833033823569023, 0.5209719647638112
9.019965546627645, 0.11669052106171812
18.183288344842016, 0.5076857853409164
1.7728388444973162, -2.6435084623144958

0.0001839363293209507, 0.0013833551574592737
-1271.323737495204, -2814.888729885344
-78.61150418145762, -508.3921102879007
243.923382431244, -199.7852401340257
122.99139404728872, -157.7254243503228
2.1751274226304673, -0.962875030662995
8.912929314421513, 0.32064397415909
18.097540280969543, 0.649696161623044
3.4280392650067504, -3.2948659777784717

0.00011804080539251623, 0.0013999052900162178
-1288.9988022756954, -2854.024084957419
-79.7042895902915, -515.4658068038973
247.34016267028767, -202.5812904253972
124.8831382098825, -160.1454417494865
3.5386340385160904, -0.9653277922848225
8.715269315551193, 0.5213325647360239
17.989843715082213, 0.7909197124696485
4.846481184482657, -3.7069987111866087

8.009873307112236e-05, 0.0014086270184736052
-1306.6738667539626, -2893.159439360261
-80.79707095437399, -522.5394771616716
250.75688840709668, -205.37729607692242
126.77477500005007, -162.56532145650104
4.353933967989691, -0.8085174405763066
8.423118584362715, 0.7163500378042039
17.859956159114127, 0.9311686650887606
6.1085443528621335, -3.997038403918256

6.152022345095427e-05, 0.0014139216263536153
-1324.3489309380973, -2932.2947931118556
-81.88984838252738, -529.6131220646863
254.17356111619307, -208.1732582968161
128.66630759146258, -164.98506754606095
4.800672750693522, -0.5813136699820504
8.03030038758134, 0.9027664313218943
17.70757973744229, 1.0702460417860096
7.2562871623666005, -4.21141497419833

5.9536227537419245e-05, 0.0014174489834905715
-1342.0239948359003, -2971.43014622947
-82.98262197924011, -536.6867421883993
257.5901822130363, -210.96917824487906
130.55773901896478, -167.40468391441362
4.938337134616198, -0.3160843335074983
7.527508880274328, 1.0767457811988066
17.53235728283275, 1.207943445124988
8.314897569573922, -4.373675750688016

7.368762382163241e-05, 0.001420229976832408
-1359.6990584548655, -3010.565498729812
-84.07539184489406, -543.7603381817341
261.0067530571369, -213.76505703504924
132.44907218656317, -169.8241742896385
4.7798494526980635, -0.03185617150871543
6.900811834938227, 1.2328659313989743
17.33386746669904, 1.3440385230540857
9.300927054872513, -4.497556756632949

0.00010534671834729962, 0.0014232384607670593
-1377.3741218022126, -3049.7008506287375
-85.16815807597662, -550.8339106684492
264.42327495496954, -216.5608957377903
134.34030987484493, -172.24354224119418
4.302265896152783, 0.2539472823025084
6.128753144717005, 1.362753882233947
17.11161879377827, 1.4782920233520729
10.225983377246102, -4.5918360864920515

0.0001587146068853683, 0.0014279961694350616
-1395.0491848849044, -3088.8362019415704
-86.26092076528, -557.907460248423
267.83974916269324, -219.35669538232494
136.23145474788132, -174.6627911887994
3.427641198013723, 0.5141033751816511
5.176104824416636, 1.4519092767177872
16.865042235640832, 1.6104443227438374
11.09860578419711, -4.662496910216693

0.0002465142323922065, 0.0014390161745862582
-1412.7242477095535, -3127.9715526830555
-87.35368000208688, -564.9809874988607
271.2561768887078, -222.15245695872716
138.122509359653, -177.08192441070076
1.9084696346238508, 0.6631888298435361
3.9777508165376205, 1.4705002398866351
16.593482208228128, 1.7402112839799964
11.92530960660819, -4.713818258601504

0.00030562603354277075, 0.001529042681894764
-1430.3993102825784, -3167.1069028674083
-88.44643587234611, -572.0544929754149
274.6725592960406, -224.94818141988316
140.01347616003758, -179.50094505137372
1.1131973138528781, -0.7979293789533608
2.380971428469496, 1.3336601233487857
16.29618550132844, 1.8672792484009362
12.711210843007718, -4.748976758536433

0.0002537574183877641, 0.001577282352068207
-1448.0743726101603, -3206.242252508332
-89.5391884588359, -579.1279772132577
278.0888975045941, -227.74386968333113
141.9043575003983, -181.9198561287093
2.955200456709931, -1.0210724165922962
-0.24481169579786477, -0.015238987933523306
15.972287605937996, 1.991298904511661
13.460420897873075, -4.770402001867256

0.0001650749667658138, 0.001610408193749479
-1465.7494346982553, -3245.377601619114
-90.63193784131833, -586.2014407280618
281.5051925932502, -230.53952263298885
143.79515563880082, -184.33866054072385
4.0009487395057235, -0.931650608565543
2.378725933347606, -1.3516346373908221
15.620795889704523, 2.1118777081784708
14.17630759581488, -4.779998154228012

0.00011172993633368378, 0.0016216071813256736
-1483.4244965526027, -3284.5129502123473
-91.72468409668402, -593.2748840169495
284.92144560185056, -233.3351411207762
145.68587274488803, -186.75736107183178
4.617368644918537, -0.738400169461103
3.971769762363245, -1.5005072062684426
15.240568809666563, 2.2285703946073796
14.861674357344267, -4.779288401395077

7.991189929259292e-05, 0.0016279696147236905
-1501.0995581787683, -3323.6482983002943
-92.81742729908812, -600.3483075593592
288.33765753306034, -236.13072596814223
147.5765109044394, -189.17596039871145
4.903889490318794, -0.49140352998249254
5.169113056029868, -1.4911861381633769
14.830289769516218, 2.3408668677134425
15.518886805245957, -4.769512438975336

6.592829843867316e-05, 0.001631852105006795
-1518.774619582108, -3362.7836458947827
-93.91016752007907, -607.4217118178834
291.7538293541162, -238.9262779675028
149.4670721236433, -191.59446109579656
4.892659944819527, -0.214362809301049
6.121821800535297, -1.409249521623513
14.388433912120624, 2.448176534564037
16.149964620304203, -4.7516943133378655

6.910527035359835e-05, 0.0016345047731436482
-1536.4496807677406, -3401.918993007235
-95.00290482871863, -614.4950972390469
295.1699619984798, -241.72179788359068
151.35755833309676, -194.01286564042206
4.578458735422554, 0.07571062551991263
6.894498234116059, -1.285150331920989
13.913225431629582, 2.5498076918059085
16.75664969284977, -4.726690882807692

9.115500804864216e-05, 0.0016370939090363896
-1554.1247417406448, -3441.0543396486787
-96.09563929169659, -621.5684642540388
298.5860563673909, -244.51728645473239
153.24797139155925, -196.43117641764968
3.914924408223521, 0.3588803378473087
7.522187650337065, -1.1336998521529107
13.402581901649105, 2.6449399138696617
17.340457696948892, -4.695227229505028

0.00013822890210799085, 0.0016417757489000217
-1571.799802505631, -3480.1896858297737
-97.18837097343769, -628.6418132794123
302.0021133313334, -247.31274439405016
155.1383130894759, -198.84939572479922
2.766775219352624, 0.5925859351676557
8.0262427400476, -0.9634383723383724
12.854040424263385, 2.7325863119610903
17.902717796822948, -4.657923056099118

0.00024080496899276836, 0.0016626646484140394
-1589.4748630673535, -3519.3250315609403
-98.28109993620293, -635.7151447177353
305.418133731421, -250.10817239059594
157.02858515228655, -201.2675257757005
0.4911153585200522, 0.48272872594322974
8.420528912991745, -0.7798919093217301
12.264657705695528, 2.811540750988816
18.444603682809184, -4.615312710730552

0.00015468154744190232, 0.001749156810259549
-1607.1499234303058, -3558.4603768519987
-99.37382624018576, -642.7884589582122
308.83411838070316, -252.90357111042306
158.9187892435384, -203.68556870469513
2.203737065084376, -1.0047716050021513
8.71430609287931, -0.5869647173785331
11.630871657247024, 2.880302047428017
18.967158148927187, -4.567860609595571

8.763440086676274e-05, 0.0017655223185281791
-1624.8249835988363, -3597.5957217125806
-100.46654994360264, -649.8617563772691
312.2500680653996, -255.69894119759866
160.80892696781316, -206.1035265703985
3.5479808646460382, -1.0240222677824962
8.913717266008836, -0.38763192742172187
10.948304606068211, 2.936961751329328
19.47131279053033, -4.5159732793540535

4.76778527225356e-05, 0.0017740105495181986
-1642.500043577153, -3636.7310661520023
-101.5592711027783, -656.9350373391027
315.66598354606907, -258.4942832751605
162.69899987348373, -208.52140135924245
4.3549229040727075, -0.8789059188080918
9.022604187779164, -0.18432828072942845
10.211475188875706, 2.979032186806573
19.957904054271285, -4.46000891556142

2.6569979944046166e-05, 0.0017788970696617121
-1660.175103369362, -3675.866410179283
-102.65198977222697, -664.0083021962093
319.0818655587133, -261.28959794602355
164.58900945531028, -210.93919498881633
4.7969999329567505, -0.6582281529504279
9.042952736352575, 0.020807057668309748
9.413359166953231, 3.003170886625377
20.427686378288335, -4.400285030892137

2.1591806487938247e-05, 0.0017817842264778495
-1677.8501629794052, -3715.0017538031448
-103.7447060047296, -671.0815512898806
322.49771481582513, -264.08488579383766
166.47895715688892, -213.35690931101206
4.9314865046220575, -0.3947407930928881
8.975104639842314, 0.22575303269074548
8.544687003586084, 3.0047142880098723
20.88134301792001, -4.337084628289088

3.223222311784238e-05, 0.0017836268614680973
-1695.5252224110686, -3754.1370970320454
-104.837419851406, -678.1547849506712
325.9135320073772, -266.8801473838001
168.36884437296143, -215.77454611499405
4.770022176757844, -0.10751591752660541
8.81779365186716, 0.42845342745537507
7.592750635109798, 2.9768317095468104
21.319495054082065, -4.270661232695775

5.973225615544312e-05, 0.0017852956840067945
-1713.2002816680504, -3793.2724398741775
-105.93013136178416, -685.2280034988446
329.32931780176324, -269.67538326342543
170.25867245159782, -218.19210713000257
4.288302348059974, 0.1863714157620949
8.568015386091432, 0.6266553010831275
6.5392128712602, 2.908841709180482
21.742708948404395, -4.201243027846629

0.00010807203436479822, 0.0017881265954041825
-1730.875340753939, -3832.407782337483
-107.02284058386539, -692.3012072447981
332.7450728466875, -272.4705939632735
172.148442696256, -220.609594028001
3.4056945769636715, 0.46056493225668166
8.22069589369966, 0.8177032122510457
5.355640892277377, 2.7824115578706317
22.15150292453243, -4.1290362841770865

0.0001898139688675021, 0.0017962956130771115
-1748.5503996722089, -3871.543124429749
-108.1155475641867, -699.3743964894627
336.16079777001, -275.26577999764555
174.03815636773, -223.02700842618023
1.8634392772318114, 0.630214108819263
7.768062552129529, 0.9982326983299274
3.992889639043923, 2.561205825574966
22.546352392815454, -4.054228220154428

0.00023335673191025684, 0.0018831250785422782
-1766.2254584262384, -3910.6784661583943
-109.20825234787961, -706.4475715246833
339.5764931805506, -278.06094186524007
175.92781468599406, -225.44435188932601
1.1704202859186303, -0.835860715112064
7.1985036509354625, 1.1636521117755116
2.3488087363030496, 2.151849684330773
22.927694587186576, -3.9769894062980815

0.0001610687220649845, 0.0019130673552912824
-1783.900517019287, -3949.8138075306174
-110.30095497872617, -713.5207326335818
342.9921596688499, -280.8560800497783
177.81741883194627, -227.86162593206095
2.9727907402684934, -1.0723149475669547
6.494430438577118, 1.3071579487918736
0.12260338030213654, 1.0683102122490542
23.295932539932537, -3.8974757932437987

0.00012064552253237076, 0.0019323005550054833
-1801.5755754545353, -3988.9491485534477
-111.39365549921224, -720.593880090901
346.40779780789387, -283.65119502059895
179.70696994906172, -230.27883202096626
4.005788482672807, -0.9970303404661812
5.627919227578324, 1.4175981453688016
1.193485110337777, -1.7097939742351316
23.651438537132275, -3.8158304420439406

0.00010161922606291363, 0.001942441980385962
-1819.2506337350662, -4028.084489233706
-112.48635395057863, -727.6670141633322
349.8234081538035, -286.44628723322035
181.5964691449581, -232.6959715765948
4.615682690865059, -0.8126594373721682
4.550463743315568, 1.4739295612519339
3.104447021620498, -2.3545719807008476
23.99455715088573, -3.732185013597715

0.00010356754208109585, 0.0019505291014826147
-1836.9256918638687, -4067.21982957802
-113.5790503728685, -734.7401351098282
353.23899124649114, -289.241357129881
183.48591749288005, -235.11304597537912
4.898199584372984, -0.5695684893550972
3.162191794835184, 1.425978720694535
4.60901460095482, -2.661629254072796
24.325607866509372, -3.6466610489776214

0.00012904442542283068, 0.0019611511906817386
-1854.6007498438494, -4106.355169592817
-114.6717448049738, -741.8132431818976
356.65454761028286, -292.0364051400492
185.37531603310796, -237.53005655143934
4.883813218963067, -0.2916474855531456
1.154897516645119, 1.0631644944371819
5.886790108316062, -2.8337961049656935
24.644887377129155, -3.559371074255301

0.00013690610563469785, 0.001997198712749165
-1872.275807677831, -4145.49050928436
-115.76443728467845, -748.8863386238869
360.0700777545138, -294.8314316809104
187.26466577429386, -239.9470045983024
4.566040968567452, 0.004182072035255479
1.4207911003420042, -1.1520907968653074
7.010146410342209, -2.9304812459498035
24.95267159745417, -3.4704195589304656

0.00013848921322947224, 0.002006083647135337
-1889.9508653686262, -4184.625848658717
-116.85712784870111, -755.9594216732544
363.48558217409436, -297.62643715783196
189.15396769473347, -242.3638913705324
3.896718664198878, 0.29855077973328176
3.320924824439393, -1.467807061543703
8.017307646411698, -2.978124846671623
25.24921743711097, -3.3799037508254104

0.00017168424594363356, 0.0020130721575717233
-1907.625922918837, -4223.761187721792
-117.9498165327336, -763.032492560818
366.9010613500497, -300.4214219648031
191.04322274357162, -244.78071808528136
2.7355747906716923, 0.5499750630496973
4.666613852912169, -1.5127720354899041
8.931593079179114, -2.9910357266646734
25.53476437087628, -3.287914408756445

0.00026613792331237095, 0.0020358996565149733
-1925.3009803310526, -4262.896526479328
-119.04250337147963, -770.1055515110135
370.3165157500339, -303.21638648486066
192.93243184195038, -247.19748592376266
0.38261670662352393, 0.43862737709906374
5.718080978386052, -1.4590858154585875
9.768566036300177, -2.977923310329033
25.809535834941688, -3.194536444715707

0.00016311112463836163, 0.002123558304329493
-1942.9760376077977, -4302.03186493691
-120.13518839869072, -777.1785987421142
373.7319458288217, -306.0113310904882
194.82159588410002, -249.61419603265273
2.2333444615026035, -1.0484128417828715
6.566031270204436, -1.3524819182582604
10.539273091560265, -2.9445264219892526
26.073740462764427, -3.0998494886932866

8.76203643172235e-05, 0.0021414375358657692
-1960.6510947515246, -4341.167203099974
-121.2278716472005, -784.2516344664657
377.14735202877796, -308.8062561440016
196.71071573837844, -252.03084952542463
3.5575146340253396, -1.0835781012502257
7.255646822027095, -1.2128376996111458
11.251913818640544, -2.8948499174606255
26.327573182558123, -3.0039283862355153

3.9257841817187505e-05, 0.002150896256290866
-1978.3261517646201, -4380.302540973815
-122.32055314895833, -791.3246588906887
380.56273478030323, -311.6011619979166
198.59979224825983, -254.4474474836201
4.3554934021780305, -0.9495933899718204
7.8132708590752875, -1.0509054683223225
11.912785133662908, -2.831813496356234
26.571216227040658, -2.9068436444814965

9.892393602744825e-06, 0.0021562589060240577
-1996.0012086494112, -4419.437878563555
-123.41323293505994, -798.3976722158918
383.97809450226305, -314.396048995296
200.48882623327788, -256.8639909580581
4.792471904002811, -0.7350049310083503
8.255615918922526, -0.8733333210636487
12.5268531469038, -2.7576204404026936
26.804840039126788, -2.8086618313032727

-3.2677954122167754e-06, 0.0021591716851706065
-2013.6762654081576, -4458.5732158742185
-124.50591103577813, -805.4706746378592
387.3934316023968, -317.1909174700881
202.37781848992321, -259.2804809699917
4.923461853555007, -0.472880501868334
8.593752861261727, -0.6846488026627868
13.098118302710649, -2.6739806259432757
27.028604077702507, -2.709445932417798

-8.28510019008631e-07, 0.0021605958078984022
-2031.3513220430618, -4497.708552910679
-125.59858748059159, -812.5436663472403
390.80874647770656, -319.9857677474451
204.26676979249868, -261.69691851220284
4.758786035604578, -0.1823028263209442
8.835088210932591, -0.4881899818537364
13.629858919344263, -2.582252277972327
27.24265754098019, -2.6092556716866344

1.8361624972861436e-05, 0.0021613682775413765
-2049.026378556277, -4536.843889677686
-126.69126229821198, -819.616647529727
394.22403951483153, -322.78060014403053
206.15568089393742, -264.11330455005356
4.272742294629778, 0.12002956399672396
8.984424704383729, -0.28660218597170783
14.12479951711943, -2.483535808072545
27.447140017537613, -2.5081477992662764

5.823739408135801e-05, 0.0021627378156518543
-2066.7014349499505, -4575.979226179874
-127.7839355166108, -826.689618366227
397.6393110904073, -325.5754149683114
208.0445525265832, -266.52964002248893
3.3819129445397524, 0.40866114294721056
9.044545840894553, -0.08213510009040338
14.585230679217384, -2.378738082901591
27.64218207319955, -2.4061763515365

0.00013169940013562045, 0.002168759381697665
-2084.3764912260563, -4615.114562421748
-128.87660716304404, -833.7625790330196
401.05456157140674, -328.3702125208398
209.93338540293277, -268.945925842989
1.8154867901993974, 0.5992527366257894
9.016519681806816, 0.12315575830912101
15.013096574424836, -2.2686177363754827
27.82790578061305, -2.3033928861837865

0.0001599600078327507, 0.002254218701533187
-2102.0515473865808, -4654.249898407709
-129.9692772640775, -840.8355297019202
404.46979131546726, -331.16499309451865
211.82218021634876, -271.36216290048503
1.224928036251074, -0.8750643635498098
8.8998086557875, 0.3272491211780397
15.410060238467564, -2.1538179234985213
28.004425196392027, -2.1998466952309554

7.726239333441832e-05, 0.0022812847930657938
-2119.726603433461, -4693.385234142041
-131.06194584560836, -847.9084705404242
407.88500067120617, -333.95975697486165
213.7109376417376, -273.77835206022934
2.9890838615493025, -1.124690133657706
8.692213659633314, 0.5280041522980198
15.777553114494058, -2.0348905044124663
28.171846785604924, -2.0955849971579674

3.149840748683746e-05, 0.0022935704662128084
-2137.4016593685815, -4732.5205696290905
-132.1546129328885, -854.9814017118537
411.3001899785206, -336.75450444023943
215.59965833620134, -276.1944941646314
4.009310927581493, -1.0629923126255374
8.389639347492231, 0.7229795676916515
16.116813392449075, -1.9123142889595748
28.330269816507784, -1.990653112102846

7.158004653135507e-06, 0.0023005234953007553
-2155.076715193783, -4771.65590487287
-133.24727855054553, -862.0543233754934
414.7153595688763, -339.5492357621158
217.4883429396565, -278.61059003405427
4.61258113239999, -0.8870784594555903
7.985616044392585, 0.9091818316481085
16.42891615040939, -1.786509029865135
28.479786733810784, -1.8850946236550647

-1.67852929808013e-08, 0.0023046189742987745
-2172.751770910863, -4810.791239877252
-134.3399427226033, -869.127235686723
418.1305097655842, -342.3439512052733
219.37699207543002, -281.02664046757735
4.8910018108848, -0.6476254471038212
7.470426941776859, 1.0826621001862562
16.71479714707334, -1.6578463112913944
28.62048349001195, -1.778951528600479

8.801638301483474e-06, 0.0023070849734831045
-2190.426826521574, -4849.926574646118
-135.43260547250074, -876.2001387971438
421.5456408840652, -345.13865102803294
221.265606350828, -283.4426462437278
4.873463418205371, -0.36867126376651055
6.829507585259077, 1.2377900345611206
16.97527181476131, -1.526658149630787
28.752439843136564, -1.6722643751829862

3.4302025996886296e-05, 0.002308845488922764
-2208.1018820276254, -4889.061909183249
-136.5252668231127, -883.2730328547015
424.9607532321069, -347.9333354824608
223.15418635767895, -285.8586081211795
4.552237892517715, -0.06693661421407951
6.040320634680579, 1.3657759732478325
17.211050554349555, -1.3932438799490503
28.87572962550131, -1.5650723910501274

7.94008586943184e-05, 0.002311014765952567
-2225.7769374306913, -4928.197243492342
-137.61792679676415, -890.3459180037994
428.3758471101053, -350.728004814569
225.04273267285686, -288.2745268394224
3.877342087443084, 0.2388636007532411
5.0655139655155015, 1.4511647848846012
17.422751131915074, -1.2578757406979035
28.990420986129937, -1.4574136020019366

0.00015203751155308938, 0.002315979321305103
-2243.4519927323886, -4967.332577577003
-138.71058541525136, -897.4187943854149
431.7909228113011, -353.5226592645072
226.93124585877996, -290.69040311940427
2.7033680721239346, 0.5084735295691242
3.8348185228491727, 1.461369574872291
17.61090877337761, -1.1208034594033398
29.096576608911384, -1.3493249425208915

0.0002912565570153252, 0.0023420781525647864
-2261.127047934316, -5006.4679114407545
-139.80324269985783, -904.4916621372065
435.2059806220053, -356.3172990667509
228.81972646389153, -293.1062376641439
0.2632271449457982, 0.3868059017833967
2.176785905615238, 1.2985335823402158
17.775984404745298, -0.9822580655964516
29.194253907988028, -1.2408423589622055

0.00022504173981085864, 0.0024570785381581657
-2278.8021030380264, -5045.603245087041
-140.89589867136857, -911.5645213936111
438.6210208218151, -359.11192445027325
230.70817502311814, -295.5220311593262
2.260654958352905, -1.0931752257021705
0.08370646510645491, -0.5522399593555145
17.918371357915195, -0.8424550995392112
29.283505198701913, -1.1320009057674902

0.00012656037924792867, 0.00248936983106721
-2296.4771580450365, -5084.738578519221
-141.988553350087, -918.637372285951
442.0360436838239, -361.90653563872087
232.59659205831096, -297.9377842738606
3.565269094596005, -1.1438775683592985
2.570527301571166, -1.3863987585625397
18.03840080970912, -0.7015973490279376
29.36437784588085, -1.0228348342700666

6.628986788620445e-05, 0.00250326422537492
-2314.15221295683, -5123.873911740576
-143.0812067558482, -925.7102149425289
445.45104947481775, -364.701132850575
234.48497807866846, -300.35349766043026
4.354278023105723, -1.0207279012122215
4.108900892481923, -1.5131814796326757
18.136346303899543, -0.5598772334536021
29.43691441408908, -0.9133776769154587

2.8426137838798205e-05, 0.0025110234573123627
-2331.827267774857, -5163.009244754312
-144.17385890803513, -932.7830494887139
448.86603845547324, -367.4957162993105
236.3733335811426, -302.7691719560097
4.785986394963292, -0.8122075223508289
5.276700965153632, -1.495685913520495
18.21242738188067, -0.4174789024492327
29.501152803676362, -0.80366232805954

8.512762165389436e-06, 0.0025153123489791126
-2349.5023225005325, -5202.144577563571
-145.26650982559104, -939.8558760470344
452.28101088053825, -370.29028619354824
238.2616590508289, -305.1848077823655
4.913347886242263, -0.5515588305989952
6.209070975371652, -1.4094387321901305
18.26681239451607, -0.27458011902090446
29.55712636632568, -0.6937211215348976

5.262235902038697e-06, 0.002517438424377817
-2367.177377135239, -5241.279910171416
-146.3591595270336, -946.9286947372651
455.69596699901365, -373.08484273719876
240.14995496133974, -307.6004057465382
4.745340848544821, -0.2577140538404023
6.966161116262676, -1.2827221106723672
18.299620601598495, -0.1313539850652619
29.604864003885467, -0.5835859053453812

1.9497398463851087e-05, 0.002518376626159449
-2384.8524316803337, -5280.415242580843
-147.45180803046597, -954.0015056765034
459.1109070543224, -375.87938612960517
242.03822177516523, -310.0159664413026
4.254798036138883, 0.053083390209166186
7.58110609445842, -1.12950997967408
18.310923628597575, 0.012029445902807575
29.644390252322918, -0.47328811368812673

5.5049612023703406e-05, 0.002519410611396388
-2402.527486137137, -5319.550574794787
-148.54445535359065, -961.0743089792558
462.5258312844775, -378.673916565679
243.92645994401735, -312.4314904456124
3.3553196395273477, 0.3563818243802842
8.074263947777242, -0.957970225426864
18.30074632442635, 0.15540162873528404
29.675725351573078, -0.3628588366940124

0.00012529286050862913, 0.002524614071100514
-2420.202540506945, -5358.685906816103
-149.63710151372103, -968.1471047575061
465.9407399222378, -381.4684342360293
245.8146699091647, -314.8469783250259
1.762612922276137, 0.5684037063025984
8.458916419638948, -0.7734409219434968
18.269067045215465, 0.2985940229810797
29.698885301674025, -0.25232888826575095

0.00014399576907674798, 0.0026106067396988166
-2437.8775947910226, -5397.821238647607
-150.72974652779106, -975.2198931207953
469.3556331952647, -384.262939327087
247.70285210175035, -317.2624306321166
1.2814276455732498, -0.9156503224598256
8.743947737291544, -0.5797234948242455
18.215817367005105, 0.44143659047108647
29.713881904534578, -0.1417288723924364

5.884173342605784e-05, 0.00263819821000658
-2455.5526489906088, -5436.956570292033
-151.82239041236855, -982.292674176289
472.77051132626843, -387.0574320212305
249.5910069430999, -319.67784790686767
3.00656242733921, -1.1774728678442878
8.935239368094548, -0.3797343594931369
18.140881191013985, 0.5837562596862332
29.72072278686174, -0.03108924771674514

9.336812713358666e-06, 0.0026509338402612194
-2473.2277031069143, -5476.091901752065
-152.91503318366415, -989.3654480288434
476.18537453315014, -389.851912496898
251.47913484501814, -322.09323067705293
4.012892668078371, -1.129044315906658
9.036436431232508, -0.17587517738875702
18.044093323943002, 0.725375325928427
29.719411419856776, 0.07955961040364438

-1.9247376950402824e-05, 0.0026579645746873277
-2490.90275714113, -5515.22723303033
-154.00767485754236, -996.4382147810782
479.600223029141, -392.64638092870126
253.36723621007292, -324.5085794586
4.608588099378682, -0.9615227049357336
9.049365079451034, 0.029731103904269494
17.92523750869664, 0.8661097527107
29.709947139039258, 0.19018734901719356

-3.113035192688101e-05, 0.0026617436830270952
-2508.5778110944143, -5554.362564129401
-155.10031544953063, -1003.5109745334317
483.0150570229333, -395.4408374875369
255.25531143186998, -326.9238947559445
4.8820422519162765, -0.7257142849240459
8.974225671969423, 0.23506700842168646
17.7840437291625, 1.0057673036527779
29.692325146521615, 0.3007635750033106

-2.758959129263969e-05, 0.002663451783430608
-2526.2528649679034, -5593.497895051794
-156.19295497482938, -1010.5837273842282
486.4298767188093, -398.23528234068755
257.1433608953167, -329.3391770623682
4.860466620909426, -0.44573624410906354
8.809614285293481, 0.4380687394822299
17.620184727440765, 1.1441454556524746
29.666536499536104, 0.41125779172719884

-8.145247998349203e-06, 0.0026639080348352983
-2543.927918762708, -5632.633225799973
-157.28559344832044, -1017.6564734297355
489.8446823167633, -401.02971565192473
259.03138497687775, -331.7544268603264
4.53476562619029, -0.13806653269416838
8.552378149122585, 0.6364637192157473
17.433271625670155, 1.2810290288211459
29.63256808640069, 0.5216393348608468

2.976290358870709e-05, 0.0026640111751629956
-2561.6029724799187, -5671.768556376348
-158.378230884577, -1024.7292127642165
493.25947401262334, -403.82413758160806
260.9193840448185, -334.16964462176026
3.8528701413727853, 0.17927498781568413
8.197266638341864, 0.8275605250900814
17.222848500475582, 1.4161874514885076
29.590402589861398, 0.6318773070481795

9.347905275633332e-05, 0.002665673370581667
-2579.278026120604, -5710.903886783283
-159.47086729787068, -1031.8019454799924
496.6742519981634, -406.6185482867739
262.8073584594439, -336.58483080840386
2.663266944098926, 0.46724800349807294
7.73627575600125, 1.007932278001474
16.98838571061534, 1.549371558469814
29.540018437458198, 0.7419405110746563

0.0002243555680605233, 0.0026891120921122874
-2596.9530796858085, -5750.039217023097
-160.56350270218087, -1038.874671667496
500.089016461216, -409.41294792123307
264.6953085733237, -338.99998587207205
0.10281627210215416, 0.3035164726986866
7.157460192406755, 1.1728768078790706
16.729271716920056, 1.6803097929073394
29.481389738153606, 0.8517973811387459

0.00013051355859931832, 0.00277389758505255
-2614.6281331765545, -5789.17454709809
-161.65613711120375, -1045.9473914153134
503.50376758577823, -412.20733663565574
266.5832347315133, -341.41511025494793
2.2947447113531876, -1.139196682129131
6.4426969351775165, 1.3153827977581265
16.44480302980838, 1.8087036404950212
29.41448620140182, 0.9614159117916548

8.252370433053722e-05, 0.0027934447510529277
-2632.3031865938497, -5828.309877010409
-162.74877053835522, -1053.0201048102394
506.91850555211875, -415.0017145776552
268.47113727176776, -343.83020438985
3.5765885027175552, -1.2041889768090197
5.56309001230246, 1.423864188922775
16.134171861307887, 1.9342220795108305
29.33927303922455, 1.0707635853151392

6.172655263105626e-05, 0.0028053242404370324
-2649.978239938673, -5867.445206762264
-163.8414029967854, -1060.0928119373314
510.333230536873, -417.79608189187087
270.3590165247448, -346.2452687004969
4.354638283032757, -1.0914976468872277
4.468032391246951, 1.4761917263682887
15.796451086549169, 2.0564947957032618
29.255710871734042, 1.1798072993849265

6.244065589957946e-05, 0.002814476268373075
-2667.6532932119903, -5906.580536355792
-164.93403449937932, -1067.1655128799441
513.7479427131444, -420.59043872004975
272.24687281420125, -348.6603036017616
4.7797269469392445, -0.8884922325870094
3.0516005890270304, 1.418378582220455
15.430575589252246, 2.1751037151215136
29.163755617527887, 1.2885132902000547

8.717130374771719e-05, 0.0028259917496606707
-2685.3283464147457, -5945.715865793082
-166.02666505876823, -1074.2382077197776
517.1626422505959, -423.3847852011196
274.13470645718587, -351.07530949991525
4.902202089355922, -0.6286166389843827
0.9702845323459888, 1.005697020976207
15.035318906924203, 2.289572274537076
29.063358364225373, 1.3968470501116674

8.772714086499211e-05, 0.002861277160921123
-2703.0033995478643, -5984.851195076189
-167.11929468733297, -1081.310896536933
520.5773293155415, -426.17912147126566
276.0225177642237, -353.490286792863
4.729592761538456, -0.33083352319802445
1.574413227046686, -1.1976805724891761
14.609263736734102, 2.3993516451462673
28.954465220781824, 1.5047732404125707

8.61189250684943e-05, 0.0028681432131285457
-2720.6784526122565, -6023.986524207118
-168.2119233972146, -1088.3835794099398
523.992004071031, -428.9734476640016
277.9103070394914, -355.905235870372
4.233119247863387, -0.010964487500265654
3.4188120429562665, -1.4835097114500015
14.150764264382923, 2.5038027587950906
28.83701715076513, 1.612255598624176

0.00011180141928658163, 0.0028715508340262687
-2738.3535056088085, -6063.121853187844
-169.30455120031587, -1095.4562564157989
527.4066666769405, -431.76776391023924
279.7980745809908, -358.32015711429415
3.3229843324707753, 0.3074669029988875
4.740873977965725, -1.5212951848464078
13.657897429042583, 2.6021724332360936
28.710949788258908, 1.7192568387917744

0.00017572521225381845, 0.0028776968405297017
-2756.0285585383954, -6102.257182020298
-170.39717810831036, -1102.5289276300364
530.8213172900479, -434.5620703383548
281.6858206807152, -360.7350508987769
1.6988382100935302, 0.5405358784540678
5.777625950337723, -1.4644710674547592
13.128398812368383, 2.693561092554808
28.576193233570574, 1.8257385459684163

0.00018212384139729688, 0.0029658379946510185
-2773.7036114018724, -6141.392510706378
-171.48980413264826, -1109.6015931267116
534.235956064119, -437.35636707425607
283.57354562480884, -363.1499175904688
1.342369803484547, -0.9600263269829223
6.6149433039567285, -1.3561353836092072
12.559576708861494, 2.7768781317468734
28.43267182352051, 1.931661062271076

9.350885164342587e-05, 0.002994921258840861
-2791.3786642000796, -6180.527839247936
-172.58242928456136, -1116.6742529784788
537.6505831499752, -440.15065424144046
285.4612496937236, -365.5647575487219
3.0264984964073816, -1.2319759116765487
7.296230979636808, -1.2153829797826228
11.948194416313173, 2.8507786527825116
28.280303868875624, 2.036983363703524

3.994716917477496e-05, 0.003009007884877179
-2809.053716933843, -6219.663167646804
-173.67505357506806, -1123.7469072566203
541.0651986955774, -442.9449319610643
287.34893316236804, -367.97957112577905
4.017581530291019, -1.1956308148462478
7.84698725762453, -1.0526542296866468
11.29030550167267, 2.9135714221572786
28.119001375279723, 2.141662931065812

7.423033227148071e-06, 0.0030170048779332463
-2826.72876960397, -6258.79849590477
-174.76767701497968, -1130.8195560310828
544.479802846094, -445.7392003519923
289.2365963002537, -370.39435866696545
4.604756153728236, -1.035633802373998
8.283456702366156, -0.8744511126534015
10.581016323559584, 2.9630803893186557
27.948669748338208, 2.2456556130063356

-8.234966259377928e-06, 0.003021404268251151
-2844.40382221125, -6297.933824023594
-175.86029961490505, -1137.8921993704864
547.8943957439717, -448.53345953086256
291.1242393716334, -372.80912051086483
4.872516905977809, -0.8027514612275075
8.616421981366114, -0.6852251566107023
9.814131018665096, 2.9964275530541307
27.76920746172998, 2.3489154741389697

-8.325718065934967e-06, 0.0030234132753364108
-2862.0788747564648, -6337.069152004997
-176.95292138525568, -1144.964837342183
551.308977528998, -451.3277096121374
293.0118626356386, -375.22385698949694
4.846303584539073, -0.5211181979801707
8.853097276029636, -0.48827190783101815
8.981597768280924, 3.0096757379635704
27.58050568911245, 2.4513946285867374

7.610694839897469e-06, 0.0030238548131112583
-2879.753927240379, -6376.204479850669
-178.04554233625112, -1152.0374700122964
554.7235483383768, -454.1219507081604
294.89946634641166, -377.63856842848276
4.515581135077389, -0.20693823619486004
8.998148238053338, -0.2862120264084174
8.072597551916385, 2.997203892395645
27.38244789740748, 2.5530430575907626

4.215872240311853e-05, 0.003023605149013717
-2897.428979663744, -6415.339807562274
-179.13816247792303, -1159.110097445708
558.1381083067822, -456.91618292920504
296.78705075323177, -380.05325514721176
3.82607913468988, 0.12248203238445526
9.054254540943758, -0.08128140252348746
7.07193840867469, 2.9505233875678005
27.174909397369134, 2.6538084091102623

0.00010289630921153097, 0.003024530037258805
-2915.1040320272955, -6454.475135141441
-180.2307818201197, -1166.1827197061377
561.5526575664263, -459.71040638352645
298.6746161006381, -382.4679174589971
2.6197131161472202, 0.4292862499103268
9.022400338317487, 0.12447070552971796
5.956960522853511, 2.8557806901807585
26.957756846447424, 2.753635776994067

0.0002366526780175812, 0.003054007716114409
-2932.7790843317543, -6493.610462589772
-181.32340037251117, -1173.255336856138
564.9671962471155, -462.50462117741245
300.56216262855185, -384.8825556712293
-0.08317779482677219, 0.14139503774948353
8.901974845851841, 0.3290234512711238
4.690770625256848, 2.687622270986938
26.73084769776244, 2.852467456818136

0.00012823887434768302, 0.003133470041667135
-2950.4541365778337, -6532.74578990884
-182.41601814459378, -1180.327948957141
568.3817244763111, -465.29882741522766
302.4496905723874, -387.29717008552666
2.327598954627478, -1.1871931104861657
8.690709031836667, 0.5302311096801617
3.2043119439046883, 2.3899851367187446
26.494029583612136, 2.950242674375956

7.699263212687433e-05, 0.003154052599228292
-2968.1291887662283, -6571.881117100189
-183.50863514569167, -1187.4005560694627
571.7962423791836, -468.093025199462
304.3372001631691, -389.7117609978756
3.586844561783911, -1.2655444002798868
8.384432774610953, 0.7256414469136232
1.3302899875732372, 1.7791275336081478
26.247139628113104, 3.0468972855450835

4.9629432395141734e-05, 0.003170637120221956
-2985.8042408976257, -6611.016444165332
-184.60125138496394, -1194.4731582523716
575.210750078668, -470.8872146307741
306.22469162763736, -392.1263286987733
4.35378759586223, -1.1625381950343046
7.97658736328903, 0.9122409946087654
-0.048207498713559796, -0.9059348367155889
25.990003709389065, 3.142363451402538

3.253190639057824e-05, 0.00317964032458515
-3003.4792929726973, -6650.151771105763
-185.69386687140755, -1201.5457555640546
578.6252476955151, -473.68139580803506
308.1121651883543, -394.54087347336025
4.772037981505066, -0.9646240212348729
7.457338038882861, 1.0860458983028003
2.2342533636569764, -2.106429938340803
25.722435638580393, 3.2365692740089025

3.29511263778795e-05, 0.003184290193040589
-3021.1543449921037, -6689.287097922947
-186.786481613861, -1208.6183480617042
582.0397353483474, -476.4755688283712
309.9996210638057, -396.9553956015526
4.889534650474366, -0.7052984597935884
6.811945732666448, 1.241361897734754
3.902809172931764, -2.531999339257307
25.44423624103117, 3.3294383850144893

5.022136544471761e-05, 0.0031868703240811244
-3038.829396956493, -6728.422424618317
-187.8790956210077, -1215.6909358014861
585.4542131537028, -479.26973378720265
311.8870594685013, -399.36989535816963
4.7123380738658405, -0.403384914241024
6.0175810920060595, 1.3692723941628087
5.279694842809065, -2.75921416262828
25.155192329315202, 3.4208894829899474

8.610015910010793e-05, 0.003188555369944752
-3056.504448866509, -6767.557751193288
-188.97170890137969, -1222.7635188385993
588.8686812260888, -482.0638907782863
313.77448061306774, -401.78437301305354
4.210028730279586, -0.07419720898128068
5.036323673177284, 1.4540325622203611
6.4729757751250565, -2.8884484368444854
24.85507555418161, 3.510835811679353

0.00014595116882693885, 0.0031909772886910552
-3074.1795007227734, -6806.69307764925
-190.06432146336275, -1229.8360972272972
592.2831396780246, -484.858039893753
315.66188470434474, -404.19882883119334
3.2893021930979547, 0.2598126817986277
3.796516846500848, 1.462213304385826
7.533810439352128, -2.957853248597893
24.543641115161655, 3.599184568950231

0.0002473910831884052, 0.003199644377939948
-3091.8545525259046, -6845.828403987564
-191.15693331519657, -1236.908671020886
595.6975886200916, -487.65218122414325
317.54927194547423, -406.6132630728369
1.6324655237196295, 0.5145729764658615
2.1214588472140816, 1.2918742188685663
8.491547803266702, -2.9864441986930124
24.220626309081098, 3.6858362347894014

0.00028493637412740176, 0.0033178868046920998
-3109.5296042765085, -6884.963730209574
-192.2495444649808, -1243.98124027176
599.112028160976, -490.44631485844525
319.43664253598865, -409.02767599360635
1.3992404030720937, -1.005431451026945
0.17943960406185236, -0.6267522316473639
9.365013578643053, -2.9852134260455316
23.885748888106207, 3.7706838035232564

0.00017056238141126983, 0.0033606531922254637
-3127.2046559751793, -6924.099056316598
-193.34215492067773, -1251.053805031428
602.5264584075064, -493.24044088412995
321.32399667189395, -411.44206784460465
3.044286301286756, -1.2877129450221645
2.614396205110226, -1.3981893915296846
10.167203922526102, -2.961150252017419
23.53870518447805, 3.8536119020915223

0.00010125447448825383, 0.003379484046091012
-3144.8797076225023, -6963.2343823099345
-194.43476469011327, -1258.1263653505398
605.9408794647026, -496.03455938718525
323.21133454575534, -413.8564388725226
4.019799610283527, -1.2634279123884857
4.14194886267884, -1.5200153774163718
10.907570139120615, -2.919006250633416
23.179168004384074, 3.9344957873812674

5.626884397209902e-05, 0.0033901621671202547
-3162.5547592190546, -7002.369708190854
-195.52737378098442, -1265.1989212788687
609.3552914358157, -498.8286704521485
325.0986563467741, -416.27078931974296
4.597952745434859, -1.1118757650122304
5.304461581046109, -1.4979566188115976
11.59325786170315, -2.862176464448637
22.806784254964604, 4.013200200930135

2.985739006016891e-05, 0.003396154909788812
-3180.2298107654024, -7041.505033960613
-196.61998220085658, -1272.2714728653675
612.7696944223644, -501.6227741621416
326.98596226086806, -418.685119424437
4.859597332377126, -0.8828306879815475
6.233572178297615, -1.4081276381157306
12.229833617151918, -2.793182067537356
22.42117222050053, 4.089578035572456

2.0040255567565372e-05, 0.003399006933249356
-3197.9048622621012, -7080.640359620435
-197.71258995717102, -1279.344020158176
616.1840885241758, -504.41687059889904
328.873252470747, -421.09942942066414
4.828280096476907, -0.6002527528764683
6.988660537097362, -1.2783267291776108
12.82173742450423, -2.7139540571425944
22.021918431397374, 4.163468779417457

2.692058993410332e-05, 0.0033996731298107916
-3215.5799137096988, -7119.775685171544
-198.80519705724538, -1286.416563204634
619.598473839423, -507.2109598428
330.76052715598394, -423.5137195384662
4.491910317277294, -0.27994970869800095
7.602432963959068, -1.1223475765827973
13.372578671189077, -2.6260094734383244
21.60857405254076, 4.2346966928688605

5.2913827549940236e-05, 0.0033990551969690706
-3233.2549651087324, -7158.911010615127
-199.89780350827647, -1293.4891020513082
623.0128504646597, -510.0050419729001
332.64778649308806, -425.9279900039578
3.793722130542721, 0.06166772429290498
8.095033751799086, -0.94828595612335
13.885337262603194, -2.530565868246388
21.180650697562307, 4.303068660865231

0.00010574387310258897, 0.003398965852766568
-3250.9300164597353, -7198.0463359523565
-200.99040931734552, -1300.5616367440066
626.4272184948552, -512.7991170669573
334.53503065557385, -428.34224103941426
2.567796414003098, 0.3882492218861907
8.479632242542147, -0.7614455957856696
14.362504880968528, -2.4286184692146926
20.73761555191449, 4.368371646888951

0.0002279295187288723, 0.0034422180092331498
-3268.6050677632225, -7237.181661184389
-202.08301449141499, -1307.6341673277768
629.8415780234333, -515.5931852014612
336.4222598140302, -430.75647286336067
-0.07976528870047, -0.19637924039582874
8.765054835364113, -0.565610208695751
14.806186916084542, -2.3209938479041936
20.278885656601823, 4.430369654572935

0.00010845432580353576, 0.0035071275384153467
-3286.2801190197083, -7276.316986312353
-203.1756190373368, -1314.7066938469477
633.2559291423005, -518.3872464516638
338.30947413618173, -433.1706856906549
2.36812777797205, -1.2368033124481415
8.957159321484083, -0.3636869027568406
15.218177687550957, -2.2083882451597754
19.80382115278472, 4.488800071597188

4.834476903098923e-05, 0.0035266965994133824
-3303.955170229699, -7315.452311337365
-204.268222961854, -1321.779216345133
636.6702719418817, -521.1813008915972
340.196673786957, -435.5848797325683
3.600849806724602, -1.32799083795059
9.059591456925673, -0.15807254304039936
15.60001709597795, -2.091395598946394
19.31171725761979, 4.543369250367987

1.2489541180904879e-05, 0.003537460188534696
-3321.63022139369, -7354.587636260529
-205.36082627159806, -1328.8517348652476
640.084606511149, -523.975348594108
342.0838589285474, -437.9990551968641
4.353760469496797, -1.2350379110556577
9.074198921573833, 0.04911195329773523
15.953034240195093, -1.9705284864188803
18.801794739142426, 4.593747161650807

-5.593487129348436e-06, 0.003543494862907127
-3339.305272512169, -7393.722961082923
-206.45342897309715, -1335.9242494495288
643.4989329376568, -526.7693896308826
343.97102972046775, -440.41321228787837
4.762645914020185, -1.0427449431069058
9.001225023521934, 0.25584975650499864
16.278381290841608, -1.8462340285496004
18.27318844738908, 4.639560817558257

-8.041877189386105e-06, 0.0035464211176166253
-3356.980323585617, -7432.858285805609
-207.54603107277643, -1342.9967601395324
646.9132513075687, -529.5634240724655
345.85818631961695, -442.8273512065912
4.872715112514393, -0.7844192158064346
8.839334027483858, 0.4600777351424451
16.577060102251803, -1.7189061801760936
17.724933382881556, 4.680386098987372

4.9839088031618685e-06, 0.003547158163695215
-3374.655374614506, -7471.993610429635
-208.6386325769587, -1350.06926697617
650.3275617056873, -532.3574519882887
347.74532888033275, -445.24147215070207
4.688262641928465, -0.47860597756045864
8.585474886100654, 0.6595261141564204
16.849943371620775, -1.5888953729953486
17.155947627049073, 4.715737502426151

3.511123377196965e-05, 0.003546446942735455
-3392.3304255993035, -7511.128934956036
-209.73123349186721, -1357.1417699997107
653.7418642154859, -535.1514734466956
349.6324575544475, -447.6555753147002
4.176735981112333, -0.13998805659430993
8.234547874111115, 0.8515122985606622
17.097791618113153, -1.4565161882208053
16.565011215506907, 4.745055124611559

8.713549712723431e-05, 0.0035453534117002687
-3410.005476540467, -7550.264259385823
-210.8238338236288, -1364.21426924979
657.1561589191285, -537.9454885149578
351.5195724913429, -450.0696608899347
3.2399945516389836, 0.2101589557626772
7.7787783167001106, 1.0326319047481545
17.32126691021019, -1.322053540187882
15.950739694455036, 4.767687922555796

0.0001776155106141476, 0.0035480269872352212
-3427.6805274384465, -7589.399583719998
-211.91643357827553, -1371.2867647654346
660.5704458975048, -540.739497259302
353.40667383800246, -452.48372906467984
1.534490813334692, 0.48630791795133954
7.206585407333616, 1.198235190984663
17.520944027203495, -1.185767720116914
15.311550604320503, 4.782871866601191

0.00019121486543384144, 0.003637911427744916
-3445.3555782936887, -7628.534907959544
-213.00903276174583, -1378.3592565850654
663.9847252302534, -543.5334997449318
355.2937617390613, -454.8977800242025
1.4829845172627136, -1.0583974429259844
6.500465459393312, 1.341432789592152
17.697319557657853, -1.047898558713266
14.645620385211966, 4.789700956254965

0.00012874390137086823, 0.0036682843786994815
-3463.0306291066267, -7667.670232105424
-214.10163137988826, -1385.4317447465135
667.3989969957871, -546.3274960360438
357.1808363368565, -457.3118139508231
3.0768860747255733, -1.3452182327381188
5.632681650852032, 1.4509439235461616
17.850819292921706, -0.9086689017977616
13.950828034484461, 4.787088053268003

9.991540916968401e-05, 0.0036851153551462467
-3480.705679877698, -7706.805556158595
-215.1942294384601, -1392.504229287036
670.8132612713194, -549.1214861958572
359.0678977714782, -459.725831023983
4.031123651969824, -1.3312371410022585
4.555161910441999, 1.5055303517919905
17.98180434787507, -0.7682875580582706
13.224680319333265, 4.773711032917449

9.419263960105461e-05, 0.003697196644802968
-3498.380730607315, -7745.940880119999
-216.28682694313244, -1399.5767102433213
674.2275181328858, -551.9154702866255
360.954946180811, -462.1398314202981
4.5961941308129175, -1.1855510181469546
3.169325822859357, 1.4547602457228594
18.090576198070337, -0.6269518314983528
12.464210410815397, 4.7479369287882

0.0001122511170221341, 0.003709892416600108
-3516.0557812959955, -7785.076203990561
-217.37942389948913, -1406.649187651498
677.6417676553713, -554.7094483696569
362.8419817005864, -464.5538153136241
4.8480553409351845, -0.9580537469918123
1.1746492250646223, 1.0900544320105057
18.17738069499687, -0.4848497444461708
11.665837068545363, 4.707711943257474

0.00011311833413765085, 0.003746656919537253
-3533.7308319441063, -7824.211527771187
-218.47202031303183, -1413.7216615471561
681.0560099125307, -557.5034205053378
364.7290044644224, -466.96778287510887
4.808092354029988, -0.6725662802550032
1.3700953116678325, -1.1511924975612522
18.242411226062725, -0.3421620188892489
10.825163607050728, 4.650396799235889

0.00010417604253384976, 0.0037541320864699305
-3551.405882552004, -7863.3468514627775
-219.56461618917874, -1420.7941319653528
684.470244977016, -560.2973867531475
366.6160146038701, -469.3817342732508
4.462273202427467, -0.3445013081062919
3.2865113823051058, -1.4796950317435607
18.285811127274222, -0.19906387574225867
9.936681445773761, 4.572510638917057

0.00012089565275864514, 0.0037563788671022306
-3569.0809331200926, -7902.482175066219
-220.6572115332673, -1427.8665989406213
687.884472920386, -563.0913471716764
368.50301224845435, -471.79566967395465
3.7506212974762296, 0.01048338060483891
4.64119548620299, -1.5274529557370204
18.30767543555455, -0.05572670976339532
8.993315772884225, 4.469313636731489

0.0001679195617895319, 0.0037576755363436386
-3586.7559836487594, -7941.617498582376
-221.74980635055636, -1434.9390625069805
691.2986938131476, -565.8853018186466
370.389997525717, -474.2095892405807
2.4968648387977908, 0.3568593395543511
5.6996965447333645, -1.4741586154211512
18.30805203320945, 0.08768033708047952
7.9856949860220166, 4.334086118875995

0.00027183427114880576, 0.0038120864010699556
-3604.431034138395, -7980.75282201211
-222.84240064622682, -1442.0115226979658
694.7129077247572, -568.679250750925
372.27697056125544, -476.6234931340007
0.11695287077968085, -0.42390980082886065
6.553883849301213, -1.3669343066462076
18.286942202510804, 0.23098885607770256
6.900903799925267, 4.156787456309375

0.00015494384009453338, 0.0038703193592861617
-3622.106084589381, -8019.888145356269
-223.93499442538356, -1449.0839795465965
698.1271147236533, -571.4731940245453
374.1639314787633, -479.0373815126443
2.418728645755751, -1.2916977538616732
7.249409885893487, -1.2261370104906393
18.24430058477414, 0.3740296702444897
5.720184825340716, 3.921301569167923

9.276620584104507e-05, 0.0038918317341082127
-3639.781135002092, -8059.023468615684
-225.02758769305734, -1456.1564330854126
701.5413148772772, -574.2671316947175
376.0508804000669, -481.4512545325506
3.62096943208602, -1.3918986932077908
7.812862140572403, -1.0627387781781037
18.18003458178315, 0.5166313205801415
4.414248958129833, 3.598941415678479

5.495910201159698e-05, 0.0039046333064132986
-3657.4561853768996, -8098.158791791177
-226.12018045420487, -1463.2288833464886
704.95550825208, -577.0610638158461
377.9378174451649, -483.8651123474157
4.357335964876352, -1.3063291437709044
8.261107200807551, -0.8835071605952597
18.09400329753837, 0.6586185205704344
2.932311623872797, 3.1295290131351687

3.555992736884236e-05, 0.003913168007486492
-3675.13123571417, -8137.294114883561
-227.2127727137115, -1470.3013303614375
708.3696949135522, -579.8549904415543
379.8247427322638, -486.2789551086388
4.754939553283237, -1.117501309716728
8.605330498754881, -0.6930408704586637
17.986015857555106, 0.7998105139933264
1.1725118386763962, 2.3409805199502243

3.219042711763912e-05, 0.00392185428522951
-3692.8062860142636, -8176.429437893686
-228.30536447639273, -1477.3737741614248
711.7838749262402, -582.6489116246827
381.7116563778124, -488.69278296536856
4.855934604664202, -0.8583613938668856
8.853037578852268, -0.49472189955918994
17.855829050414197, 0.9400192891890045
-0.763575611482149, 0.14206544438763735

3.461646806366543e-05, 0.0039285034583
-3710.481336277536, -8215.5647608225
-229.39795574699463, -1484.4462147771392
715.1980483537651, -585.442827417321
383.59855849653763, -491.10659606454664
4.662654348769943, -0.5471309405306913
9.009129147656207, -0.291222069003062
17.70314423481825, 1.0790476049257494
1.0451094398671879, -2.2594777062780014

5.412790055244732e-05, 0.003929252753921121
-3728.1563865043354, -8254.700083670557
-230.49054653019562, -1491.5186522388506
718.6122152588381, -588.2367378708071
385.4854492014787, -493.52039455095235
4.140194118276774, -0.1978826211940212
9.076496384029081, -0.08480519914679277
17.52760341586446, 1.2166867631322034
2.829009307178903, -3.082445769394572

9.632221369323427e-05, 0.003928271625012738
-3745.8314366950076, -8293.835406438617
-231.5831368306077, -1498.591086576412
722.0263757032776, -591.0306430357571
387.37232860401906, -495.9341785672422
3.185020506909824, 0.16914013697593042
9.056334482766415, 0.12246913708821501
17.328784346804607, 1.352714056439384
4.325230591643263, -3.564662101196281

0.00017878775466295148, 0.003930306843805253
-3763.5064868498926, -8332.970729127435
-232.6757266527788, -1505.6635178192412
725.440529748029, -593.8245429620621
389.25919681391844, -498.34794825399564
1.4228649460903753, 0.4651436057275246
8.948263993076798, 0.3285858323243414
17.106194487278287, 1.4868898049106862
5.640835998267512, -3.8937758282387023

0.00017213644286990837, 0.004021670352272178
-3781.1815369693268, -8372.106051737763
-233.76831600119078, -1512.7359459963338
728.8546774531808, -596.6184376989179
391.1460539393464, -500.76170374975
1.56347576995442, -1.114899024994374
8.750291630455903, 0.5314233053877335
16.85926357804065, 1.6189538606754166
6.828727170220223, -4.13344529011068

0.00010013523426757682, 0.0040514199067405235
-3798.8565870536418, -8411.241374270323
-234.86090488026406, -1519.808371136283
732.2688188779732, -599.4123272948267
393.0329000869097, -503.17544519104405
3.1082448745371707, -1.4049052595723661
8.458600520156535, 0.7285795925824563
16.587334502624174, 1.748621430838324
7.919160595241221, -4.313584241364365

5.9012433287197845e-05, 0.004067095526976593
-3816.531637103159, -8450.376696725842
-235.95349329435706, -1526.8807932673183
735.6829540808241, -602.2062117976127
394.9197353616841, -505.5891727124538
4.0410482968918355, -1.3995278862096983
8.067115589390564, 0.9171337141932545
16.289652216897778, 1.8755780690414339
8.931401504396591, -4.45085604868239

3.785143731537361e-05, 0.004076430044793259
-3834.2066871182033, -8489.512019105032
-237.0460812477679, -1533.9532124172244
739.0970831193392, -605.0000912544396
396.8065598672444, -508.002886446631
4.592758234454854, -1.259134023609113
7.56671097805247, 1.0932700877238415
15.965350207685189, 1.999473571490739
9.87866123029523, -4.5555849751276085

3.3420756965656174e-05, 0.004081861110248213
-3851.8817370990905, -8528.647341408594
-238.13866874473555, -1541.0256286134222
742.511206050331, -607.7939657118167
398.69337370569167, -510.4165865243397
4.8347140067565, -1.0328201351198485
6.943767827302353, 1.251613111610678
15.613433710552707, 2.119914385496568
10.770498001301508, -4.634653418754784

4.5089599868810286e-05, 0.004084641781772721
-3869.5567870461355, -8567.782663637221
-239.23125578944124, -1548.0980418829956
745.925322929825, -610.5878352156094
400.5801769776795, -512.8302730744915
4.7860526743431535, -0.7440972425154974
6.1774005150121685, 1.3839008319992394
15.232758809499241, 2.236454065586929
11.614111484227916, -4.6929016681989015

7.40971126389795e-05, 0.004085697630839146
-3887.2318369596464, -8606.917985791597
-240.32384238600866, -1555.170452252588
749.3394338130778, -613.3816998110616
402.46696978244444, -515.2439462241812
4.4307603708194785, -0.4079001502561531
5.2335286147679705, 1.475927795313411
14.822006182412018, 2.348581108733139
12.415097628129049, -4.733876084955231

0.00012434595015109397, 0.00408615296967682
-3904.9068868399236, -8646.053307872395
-241.41642853850394, -1562.2428597485223
752.7535387546002, -616.1755595427956
404.35375221783124, -517.6576060987185
3.7055252788290756, -0.03898672352260602
4.049807279398708, 1.4988352048344666
14.3796477620348, 2.4557032094349647
13.177916454285654, -4.7602605108422775

0.00020682033909811515, 0.004088803256625825
-3922.5819366872693, -8685.188629880287
-242.50901425093974, -1569.3152643967849
756.1676378081565, -618.969414454832
406.24052438031777, -520.0712528216635
2.422796141202415, 0.32806377128286707
2.4832473514146, 1.3728615073173271
13.903903855954857, 2.557126536642087
13.906196376430445, -4.774140130233665

0.0003444937355696907, 0.0041639930408073275
-3940.2569865019823, -8724.323951815912
-243.60159952727335, -1576.387666222946
759.5817310267863, -621.7632645905911
408.12728636504295, -522.4848865148588
0.2916917659158693, -0.5666976653854453
-0.10340932386218103, 0.3817684635526736
13.392687165549448, 2.6520279521930195
14.602940152617927, -4.777170661513518

0.0002065108647695089, 0.004244306047154236
-3957.9320362843528, -8763.459273679928
-244.69418437141235, -1583.460065252299
762.9958184628181, -624.5571099929125
410.0140382658263, -524.8985072984635
2.4657701534704293, -1.3484634833547775
2.2415778219495577, -1.3462888638813364
12.843528364668451, 2.7394169912251995
15.27066887414062, -4.770691107103121

0.0001266396052677802, 0.004270273857448806
-3975.6070860346713, -8802.59459547297
-245.78676878720722, -1590.5324615097652
766.4099001678737, -627.3509507040598
411.9007801751987, -527.312115290977
3.63578623026299, -1.4651997816635562
3.8827000846040307, -1.49048375946039
12.253475454933454, 2.818082711346194
15.911525497279413, -4.755801414596305

7.440119908658287e-05, 0.0042848432032948
-3993.282135753218, -8841.72991719567
-246.87935277845907, -1597.6048550199218
769.8239761928946, -630.1447867657348
413.7875121844213, -529.7257106092775
4.355349264297766, -1.4010669041566581
5.104953839761647, -1.4405103490221176
11.618954833749124, 2.8865175725815724
16.527351259208668, -4.733417521777381

4.1798323806828256e-05, 0.004293192878772261
-4010.9571854402757, -8880.86523884865
-247.9719363489194, -1604.67724580708
773.2380465881379, -632.938618219084
415.6742343835105, -532.1392933686442
4.742537346933525, -1.2283460764856706
6.07428218240338, -1.3171219985656981
10.935573652109266, 2.9428047247928024
17.119743062696006, -4.704311241277258

2.598882079346949e-05, 0.004297325974423482
-4028.63223509612, -8920.000560432522
-249.06451950229143, -1611.7496338951453
776.6521114032029, -635.7324451047139
417.5609468612594, -534.5528636827935
4.836641453100792, -0.9791161113746154
6.85904365248134, -1.1529197368548119
10.19782960146936, 2.9844448292950605
17.69009731710601, -4.669139769520324

2.6431722309723398e-05, 0.004298294957989614
-4046.307284721024, -8959.135881947885
-250.1571022422257, -1618.8220193077875
780.0661706870322, -638.5262674626906
419.4476497052616, -536.9664216639054
4.638290281494962, -0.6705991101982375
7.495883295612839, -0.9634536985267308
9.398668128416599, 3.0080780377607645
18.239643996712086, -4.628467925461282

4.458322998244974e-05, 0.004296823455168957
-4063.98233431526, -8998.271203395341
-251.24968457232762, -1625.8944020683077
783.4802244879273, -641.3200853325598
421.33434300193073, -539.3799674226428
4.110667407275506, -0.31506542824511463
8.007062197385137, -0.7575988607453311
8.528774090093835, 3.0090127674314298
18.76947348080664, -4.5827851832078865

8.541444682067591e-05, 0.0042937928072365236
-4081.6573838790937, -9037.406524775486
-252.34226649615732, -1632.9667821997389
786.8942728535637, -644.1138987533502
423.22102683652383, -541.7935010681894
3.1457831454535925, 0.07105849458201353
8.407041749507718, -0.5410655185285641
7.575368295536492, 2.980370025121299
19.280557976904635, -4.5325189062150235

0.00016807304108965582, 0.004293122873547978
-4099.332433412787, -9076.541846088894
-253.4348480172253, -1640.0391597248095
790.308315830995, -646.9077077635852
425.10770129315927, -544.2070227082731
1.340198992201815, 0.40733245426829395
8.705517016487349, -0.3178874202434977
6.519995313430284, 2.911379650584686
19.773768816540734, -4.478044763854799

0.0001518965487567533, 0.004383524364609582
-4117.007482916602, -9115.677167336136
-254.52742913899692, -1647.111534665931
793.7223534666648, -649.7015124012844
426.99436645483803, -546.6205324491887
1.641519361963141, -1.1638263922689565
8.908981109284404, -0.09115605844298329
5.334001380409542, 2.7835233300987485
20.249890557113627, -4.419695024589469

8.052324375435663e-05, 0.004413960448819952
-4134.682532390791, -9154.812488517782
-255.62000986489747, -1654.1839070452793
797.1363858064205, -652.495312703982
428.8810224034642, -549.0340303958238
3.1360779475719465, -1.4742268303519495
9.021583422306588, 0.13656958386236218
3.9677508387936817, 2.559980287587244
20.70963257289443, -4.357765223504343

3.900561348519382e-05, 0.004430916763585843
-4152.357581835605, -9193.947809634401
-256.71259019830325, -1661.2562768846694
800.5504128955215, -655.28910870873
430.7676692198655, -551.4475166516876
4.045198083459625, -1.4931539359711006
9.045605335303529, 0.36300432405928246
2.3176579540123563, 2.145547560938361
21.153638737914772, -4.292519594486093

1.7804418147854088e-05, 0.004442758633423114
-4170.032631251296, -9233.083130686538
-257.80517014254735, -1668.3286442057324
803.9644347786511, -658.082900452108
432.6543069838072, -553.86099131893
4.582600109177457, -1.3720647868781235
8.981698297027286, 0.5859484504025354
0.0774898587832788, 1.0327348780590964
21.582495552162154, -4.224195530071495

5.0501241658161065e-06, 0.0044538623618703465
-4187.707680638114, -9272.218451674735
-258.8977497009251, -1675.401009029716
807.3784514999226, -660.8766879702349
434.54093577401454, -556.2744544983685
4.815180765596906, -1.158757471323235
8.8289475961651, 0.8031236203380013
1.2298347978060038, -1.7238654210651179
21.99673896323496, -4.153007265831857

5.736696204149681e-06, 0.00445712793263405
-4205.382729996297, -9311.35377259953
-259.9903288766939, -1682.4733713777225
810.7924631028886, -663.6704712987623
436.4275556681911, -558.6879062895096
4.759897921640641, -0.8758609814533364
8.584778291990466, 1.0119986335716922
3.1313348067756266, -2.3585828245008793
22.39686014583255, -4.0791489488969415

2.3289738803831406e-05, 0.004457152221498568
-4223.057779326088, -9350.489093461465
-261.08290767305255, -1689.5457312704575
814.2064696305573, -666.4642504728979
438.314166743034, -561.1013467905711
4.398899345897652, -0.5369107953872011
8.24467910226492, 1.2095673237558604
4.631327533234664, -2.6623972363749733
22.783310429204327, -4.002797211081367

6.058898458650401e-05, 0.0044549935637047695
-4240.732828627722, -9389.62441426106
-262.1754860931735, -1696.618088728497
817.6204711253943, -669.2580255274091
440.2007690742539, -563.514776098509
3.6658274573587404, -0.15390709849579168
7.801667858612554, 1.3920206604707515
5.906179733060291, -2.8328473641133423
23.156505524546223, -3.924113339300972

0.00012710095706438103, 0.004452200207442362
-4258.407877901435, -9428.759734998823
-263.2680641402008, -1703.6904437720336
821.0344676293356, -672.0517964966267
442.0873627365881, -565.9281943090292
2.3620903853853794, 0.24492556918710742
7.245327123242351, 1.5542021779764674
7.027413240417889, -2.928438801676324
23.516829169954484, -3.843245118233638

0.00022423694866347124, 0.0045125334167187585
-4276.082927147456, -9467.895055675284
-264.36064181720985, -1710.7627964211376
824.4484591837942, -674.8455634144515
443.97394780382075, -568.3416015166201
0.46103291749833575, -0.6733958317455994
6.5600272895693905, 1.6886006051783229
8.032919440395794, -2.9753067607791195
23.864636287283904, -3.760328403071289

0.00013506412767162694, 0.004564814317540524
-4293.757976366043, -9507.030376290939
-265.45321912725564, -1717.8351466954998
827.862445829671, -677.6393263143697
445.8605243487971, -570.7549978145656
2.5157721305370466, -1.4127284210873243
5.721406630033308, 1.783247662191258
8.945850617651063, -2.9876270508645786
24.20025571968611, -3.6754884667016015

9.26327139690276e-05, 0.004589063828419695
-4311.433025557375, -9546.16569684629
-266.5457960733661, -1724.9074946146948
831.2764276073618, -680.4330852294496
447.7470924434404, -573.1683832949698
3.6531246191091578, -1.5474537837730138
4.688487051846756, 1.816569625791852
9.781675504009742, -2.9740429904329266
24.523992630587642, -3.588841160606279

7.513761323849839e-05, 0.004605714728319132
-4329.108074721685, -9585.301017341826
-267.6383726585107, -1731.9798401979406
834.6904045567635, -683.2268401923524
449.63365215876706, -575.5817580487726
4.353339602368372, -1.4913935925359205
3.3819629804894604, 1.741176793893914
10.551383504468356, -2.940256974376664
24.836130646231382, -3.5004939244276585

8.023387716278258e-05, 0.0046207250134617595
-4346.783123859204, -9624.43633777804
-268.7309488856288, -1739.0521834643228
838.1043767172865, -686.0205912353466
451.5202035649017, -577.9951221657724
4.727081864478018, -1.3219394116307868
1.5949848548438825, 1.3990130158723662
11.263138207934347, -2.8902520934997096
25.136933732762177, -3.410546666053102

8.760657116637788e-05, 0.004660330806197213
-4364.458172970147, -9663.571658155412
-269.82352475763116, -1746.1245244326121
841.5183441278612, -688.8143383902942
453.4067467310916, -580.4084757346445
4.8103799579087765, -1.0706847559255495
0.6289909717428338, -0.9414344039177664
11.923212588590987, -2.8269340595083814
25.426647847733904, -3.3190925311001975

6.368201014975253e-05, 0.004670548871726097
-4382.133222054728, -9702.706978474416
-270.9161002773962, -1753.196863121407
844.9323068269418, -691.6080816886864
455.2932817257211, -582.8218188429597
4.601574689011291, -0.7543427769483529
2.8401864488468958, -1.4430494365032147
12.536555761624752, -2.7524966027554676
25.705502401806083, -3.226218577771998

6.62865026622315e-05, 0.004671662731596771
-4399.808271113162, -9741.842298735526
-272.00867544774866, -1760.2691995490563
848.3462648525219, -694.4018211616146
457.1798086163281, -585.2351515772023
4.060906710480468, -0.38425072650925296
4.310699912515199, -1.4883053314854087
13.10715539856666, -2.6686427678735436
25.97371155731815, -3.132006373941734

9.520309277218977e-05, 0.004669124533754002
-4417.483320145658, -9780.977618939203
-273.10125027149076, -1767.3415337336803
851.7602182421355, -697.1955568398155
459.06632746961486, -587.6484740227869
3.0732134904701014, 0.024888940293620605
5.440012575277788, -1.4097141047405395
13.638279814915135, -2.576725674475392
26.23147538839265, -3.036532523889018

0.00017035859293231036, 0.004667896344286258
-4435.15836915242, -9820.112939085904
-274.19382475140173, -1774.4138656932262
855.1741670328636, -699.9892887536378
460.95283835146444, -590.0617862640795
1.1858743673895402, 0.38827560331493843
6.344481297034954, -1.2712666151858114
14.132645483160463, -2.4778417844755927
26.478980916801667, -2.93986913558203

0.00013222369113398337, 0.004760988513275104
-4452.833418133655, -9859.248259176087
-275.2863988902144, -1781.4861954453454
858.5881112613465, -702.7830169330872
462.8393413269512, -592.4750883844116
1.726190930517538, -1.2360360477987213
7.0786141550931925, -1.0980335759963273
14.592536351581355, -2.3728948271242953
26.716403034777013, -2.8420842364005656

5.3219752881081324e-05, 0.004791311940956191
-4470.508467089565, -9898.383579210196
-276.3789726906243, -1788.5585230075992
862.0020509637872, -705.5767414077898
464.7258364603575, -594.8883804660958
3.166898950068949, -1.5515975218588818
7.67321360868919, -0.9028116081705128
15.019890936258195, -2.2626408871547143
26.94390532438505, -2.743242142556858

2.5931309306967345e-06, 0.0048077178261143475
-4488.18351602035, -9937.518899188672
-277.47154615530366, -1795.6308483972014
865.4159861759641, -708.3704622070412
466.61232381518346, -597.3016625904469
4.050758960415284, -1.5800133334678896
8.147509501439444, -0.6932259929340993
15.416367529743761, -2.147721046424295
27.161640816715867, -2.643403789245959

-2.9112257921203616e-05, 0.004817106367756141
-4505.858564926209, -9976.654219111968
-278.56411928690494, -1802.7031716312772
868.8299169332264, -711.1641793597763
468.4988034541614, -599.7149348377931
4.57210515351444, -1.4643669209653616
8.51417274805983, -0.4743430916167471
15.783393808884535, -2.0286854948478563
27.369752683725086, -2.5426270282704646

-4.497065346764372e-05, 0.0048217653258303015
-4523.533613807333, -10015.789538980443
-279.65669208802797, -1809.775492726692
872.2438432705083, -713.9578928945955
470.3852754392668, -602.1281972874959
4.792757591266165, -1.2514847458702045
8.78173160173195, -0.24983893322572287
16.122205040339217, -1.9060116937153273
27.568374854546526, -2.440966897830298

-4.5750241482451285e-05, 0.004822794032332021
-4541.208662663918, -10054.924858794639
-280.7492645612469, -1816.847811700112
875.6577652223394, -716.7516028397707
472.2717398317324, -604.5414500179621
4.727066277241285, -0.9635228698841106
8.955851154436845, -0.022600364271382286
16.43387394964971, -1.7801182994122455
27.75763257057119, -2.338475866856055

-3.053592399630978e-05, 0.004820838878231003
-4558.883711496155, -10094.060178554913
-281.8418367091097, -1823.9201285680738
879.0716828228437, -719.5453092232286
474.158196692057, -606.9546931066626
4.354750945851824, -0.6132777881096901
9.040042888234115, 0.2049259798038362
16.719334350520118, -1.6513760058163418
27.937642886712613, -2.235204056865581

4.018694870231989e-06, 0.004816438630134577
-4576.55876030423, -10133.195498261697
-282.93440853414825, -1830.9924433468152
882.4855961057455, -722.3390120725817
476.04464608002104, -609.367926630144
3.605106122731241, -0.2113549674182107
9.03605131423628, 0.43050350270785176
16.979400023322153, -1.5201161090156217
28.108515124498215, -2.1311994439682

6.815422657970806e-05, 0.004810876026575985
-4594.233809088334, -10172.330817915397
-284.0269800388431, -1838.0647560524858
885.899505104385, -725.1327114151231
477.93108805469427, -611.7811506640452
2.2634050195891606, 0.21603507497356852
8.94403047774642, 0.6519284774638753
17.214779922460906, -1.3866373635771259
28.270351281705803, -2.0265080432896982

0.0001478218181290472, 0.004873773141331738
-4611.908857848647, -10211.466137516421
-285.1195512256506, -1845.137066700997
889.3134098517113, -727.926407277823
479.8175226744495, -614.1943652831111
0.6245038442663985, -0.7896697769323324
8.762556408139831, 0.866865795034955
17.426090503242943, -1.2512115419107783
28.423246402044974, -1.9211740778500648

5.811049527363004e-05, 0.004922044114408152
-4629.583906585352, -10250.601457065177
-286.212122097004, -1852.2093753080576
892.7273103802945, -730.7200996873484
481.70394999697214, -616.6075705612096
2.5650425772259347, -1.486186122005026
8.488478274134392, 1.0726636504757971
17.613865726766573, -1.1140879971807254
28.567288903222313, -1.8152401332498558

9.821050456497097e-06, 0.004944139229908844
-4647.258955298637, -10289.73677656206
-287.3046926553185, -1859.2816818892977
896.1412067223405, -733.5137886700643
483.59037007927105, -619.0207665713351
3.6681837176169623, -1.630456949276449
8.116571037570155, 1.2661051589270917
17.778565267131672, -0.9754974561984077
28.702560877312905, -1.7087472983066052

-1.6726436917905906e-05, 0.004957257854196254
-4664.934003988664, -10328.872096007459
-288.39726290296653, -1866.353986460033
899.5550989096744, -736.3074742520226
485.4767829776896, -621.4339533856373
4.348773061280051, -1.5817225193924034
7.6388901179594875, 1.4430275751165662
17.920581340085665, -0.835655205508718
28.829138381203787, -1.601735293230471

-2.6235886169918152e-05, 0.004965059553508924
-4682.609052655615, -10368.007415401773
-289.4898328422923, -1873.42628903549
902.9689869737762, -739.1011564589883
487.36318874791664, -623.8471310754196
4.708925783813145, -1.4149513689293112
7.043606073318279, 1.5976684454719134
18.040244238422044, -0.6947638212892526
28.94709169467131, -1.4942425902272107

-2.0012433429106497e-05, 0.004969147221861145
-4700.28410129967, -10407.142734745383
-290.5824024756197, -1880.498589630732
906.3828709457491, -741.8948353164321
489.24958744499503, -626.2602997111645
4.781338126571507, -1.1611512294035369
6.312819563126478, 1.7214130514659707
18.137826794383617, -0.5530155440250161
29.056485550863957, -1.3863065264507184

2.53914521144344e-06, 0.004970492933348881
-4717.959149920994, -10446.278054038665
-291.67497180524936, -1887.5708882605832
909.7967508563697, -744.6885108495435
491.1359791233316, -628.6734593625382
4.562032130952073, -0.8364367969887282
5.418090282057784, 1.8000612464861814
18.213547936764964, -0.4105943761388594
29.157379343530657, -1.2779634096873138

4.4167392548539714e-05, 0.004969970616612144
-4735.634198519759, -10485.413373282
-292.7675408334646, -1894.6431849397777
913.2106267360444, -747.4821830832169
493.02236383670794, -631.0866100984063
4.008219108584367, -0.45105287179340015
4.309858905784505, 1.8066711824652422
18.267575459236355, -0.2676779681473637
29.249827312937473, -1.169248617578712

0.00011220623581662915, 0.004969114607553372
-4753.309247096131, -10524.548692475759
-293.8601095624975, -1901.715479682843
916.6244986148614, -750.2758520420755
494.90874163829176, -633.4997519868454
2.996918955317548, -0.01768532014677303
2.8853835596743997, 1.6762030101220533
18.30002808573686, -0.12443934705069368
29.3338787119074, -1.0601966911144627

0.00023573787323207245, 0.004976406704487418
-4770.984295650283, -10563.684011620304
-294.9526779945699, -1908.7877725041233
920.0383665225525, -753.0695177504675
496.79511258064105, -635.9128850951519
1.0148401169897592, 0.37206215420458516
0.822954139068836, 1.1207326695109574
18.310976893767542, 0.01895146779825679
29.40957795293614, -0.9508414230674614

0.0001882990889511126, 0.0051080691558705515
-4788.659344182373, -10602.819330716009
-296.04524613187704, -1915.8600634178815
923.4522304885373, -755.8631802324707
498.6814767157187, -638.3260094898617
1.8046274041261179, -1.3102718609135524
1.4775242511420883, -1.221563286316736
18.30044612250524, 0.1623259216180491
29.476964734905348, -0.8412159419030651

9.481576942246923e-05, 0.005144991163397301
-4806.334392692567, -10641.954649763231
-297.1378139766015, -1922.9323524381496
926.8660905418978, -758.6568395118998
500.5678340948979, -640.7391252367564
3.193364994824265, -1.6298226090731016
3.360345620393975, -1.4821805888541295
18.268413380054, 0.30551541618638683
29.536074147740557, -0.7313527911992802

3.4392602814442716e-05, 0.005164630429747313
-4824.009441181022, -10681.089968762326
-298.23038153089055, -1930.0046395788095
930.2799467113981, -761.4504956122962
502.45418476897316, -643.1522324008738
4.051640444221372, -1.6636607357816497
4.705018612146395, -1.4870421389905313
18.214809403714128, 0.44834981816888375
29.58693677912795, -0.6212840033108958

-4.908259104024711e-06, 0.005175846167097177
-4841.684489647904, -10720.225287713643
-299.3229487968623, -1937.0769248536587
933.6937990254928, -764.2441485569507
504.3405287881674, -645.5653310465203
4.5559668592577935, -1.5493987217228329
5.757840899004969, -1.3967649017214174
18.139517285796465, 0.5906559496125677
29.629578812507507, -0.5110411690195535

-2.706322836056943e-05, 0.005181477532176784
-4859.359538093362, -10759.360606617534
-300.41551577661653, -1944.1492082762663
937.1076475123128, -767.0377983688983
506.2268662021412, -647.9784212372819
4.762980249774524, -1.3330810678729337
6.6080847540464625, -1.256307065390719
18.042371079293844, 0.7322559918880513
29.664022105803454, -0.40065550690388324

-3.3260380478768564e-05, 0.005182843980779837
-4877.034586517557, -10798.495925474337
-301.50808247223347, -1951.2214898600664
940.5214921996944, -769.8314450709194
508.1131970600017, -650.3915030360366
4.68418236096572, -1.0364614075908418
7.300557836242087, -1.085357106239772
17.923153765453822, 0.8729657712960142
29.69028425553557, -0.29015793113469585

-2.2764456367074635e-05, 0.0051806784368943455
-4894.7096349206395, -10837.6312442844
-302.60064888577983, -1958.29376961841
943.9353331151647, -772.6250886855506
509.99952141030917, -652.8045765049632
4.296307790859339, -0.6717020990325336
7.86154499989459, -0.8945720597152651
17.7815945258943, 1.012592880366014
29.708378647675644, -0.1795791178801579

7.840275743024784e-06, 0.005175527951543944
-4912.384683302765, -10876.766563048057
-303.6932150192844, -1965.3660475644392
947.3491702859502, -775.4187292350825
511.8858393010879, -655.2176417055485
3.5227594510494904, -0.24828514031532234
8.30781415722769, -0.6905456616864227
17.61736523249731, 1.1509345791969094
29.718314495690027, -0.06894957068697688

6.97689406460466e-05, 0.005168690173911602
-4930.05973166408, -10915.901881765647
-304.78578087475444, -1972.4383237111442
950.763003738992, -778.212366741566
513.7721507798309, -657.6306986986062
2.125140636975408, 0.207949662175469
8.650545189484356, -0.4777802448520819
17.430076037222335, 1.2877754102565233
29.72009686588533, 0.04170031478513721

0.00012926137570840306, 0.005237319646448911
-4947.7347800047355, -10955.037200437488
-305.87834645417854, -1979.510598071444
954.1768335009374, -781.0060012268141
515.6584558935091, -660.043747544278
0.8088236905672628, -0.9191426335569225
8.897290316001287, -0.2596134272616203
17.219269902757453, 1.4228844441190456
29.713726689456536, 0.15234018617305248

4.045535069073116e-05, 0.005282977629610726
-4965.409828324879, -10994.172519063919
-306.9709117595271, -1986.5828706580774
957.5906595981419, -783.7996327124066
517.5447546885791, -662.4567883020463
2.629607609552153, -1.5654787974472713
9.053033978790742, -0.03871293353930182
16.98441583693365, 1.5560120482869235
29.699200756365126, 0.2629396693364869

-1.0835683881980548e-05, 0.005304727493779035
-4983.08487662466, -11033.30783764525
-308.06347679275626, -1993.6551414836201
961.0044820566867, -786.5932612196943
519.4310472109945, -664.8698210307457
3.691977946084372, -1.7107263230453462
9.120786227117902, 0.18262657243888697
16.7249006637199, 1.686886083459574
29.67651170138807, 0.37346830565760214

-4.139366585467026e-05, 0.005317282616518485
-5000.759924904216, -11072.443156181807
-309.15604155579433, -2000.7274105605597
964.4183009023802, -789.3868867697967
521.3173335062032, -667.2828457885705
4.347310500063695, -1.6626262564913556
9.10190301231798, 0.40228186627759704
16.440019070863556, 1.815207384483039
29.64564799225979, 0.48389549232697215

-5.56286486521791e-05, 0.005324091829080017
-5018.434973163694, -11111.578474673908
-310.24860605053965, -2007.79967790127
967.8321161607461, -792.1805093836142
523.2036136191624, -669.695862633085
4.688126720010935, -1.492817082231651
8.996220464304963, 0.618140930426605
16.12896136131703, 1.9406442400628154
29.606593901481688, 0.5941904193870505

-5.488215956238648e-05, 0.0053266263493539825
-5036.110021403235, -11150.713793121862
-311.3411702788788, -2014.87194351791
971.2459278570431, -794.9741290818214
525.0898875943476, -672.1088716212308
4.743097568145646, -1.2314421642894129
8.80203760095365, 0.8279493535013324
15.79079834602036, 2.0628255796642945
29.559329463966947, 0.704322004603377

-3.8762051199028415e-05, 0.005325661451199812
-5053.785069622975, -11189.849111525982
-312.4337342426792, -2021.9442074225628
974.6597360162647, -797.7677458848802
526.9761554757522, -674.5218728093354
4.505074603839007, -0.893959768178101
8.515943258431502, 1.0291321575260077
15.424462607896045, 2.1813324629061883
29.503830421715563, 0.814258826405593

-4.91942402292102e-06, 0.005321687138751296
-5071.460117823058, -11228.98442988657
-313.5262979437881, -2029.0164696272475
978.0735406631438, -800.5613598130349
528.8624173068991, -676.9348662531296
3.9265271303168685, -0.48967739069544686
8.132442618674304, 1.218550233503192
15.028725076544845, 2.295687300904814
29.44006815525858, 0.9239690545252649

5.3266357879777084e-05, 0.005315312256454426
-5089.13516600362, -11268.119748203928
-314.6188613840512, -2036.088730143735
981.487341822155, -803.3549708863198
530.748673130848, -679.3478520077399
2.8712255744640047, -0.03010778890832776
7.6432755526896745, 1.392121199386886
14.602165445627573, 2.405340002733588
29.368009601275965, 1.0334203778845747

0.0001665323441403251, 0.005312503880120834
-5106.810214164791, -11307.255066478367
-315.7114245652605, -2043.1609889837293
984.9011395175125, -806.148579124559
532.6349229901988, -681.7608301277104
0.6986661923323297, 0.3614114397185937
7.036191702373906, 1.5441611009194127
14.143134365678659, 2.5096498857056257
29.28761715541616, 1.1425799291833714

0.00011947390527942055, 0.00541299002388393
-5124.485262306708, -11346.390384710168
-316.80398748920607, -2050.233246158838
988.3149337731825, -808.9421845473712
534.5211669270999, -684.1738006670081
1.9293615175254804, -1.402816597446741
6.292644926447654, 1.666109767423293
13.649704415734877, 2.607861632434645
29.198848556805064, 1.251414205115714

7.05840809469431e-05, 0.005444657656727608
-5142.1603104295045, -11385.525702899637
-317.89655015766095, -2057.305501680551
991.7287246128859, -811.7357871741725
536.4074049832552, -686.5867636790256
3.2502684349253044, -1.7110020933004866
5.383035878479458, 1.7437160945022683
13.11960551839713, 2.6990727573470608
29.10165675126954, 1.35988898264305

4.8698696347406603e-05, 0.005464337946581472
-5159.835358533313, -11424.661021047054
-318.9891125723783, -2064.3777555601787
995.1425120600936, -814.5293870241788
538.2936371999257, -688.9997192165982
4.07269684823313, -1.7460610984625227
4.25529867585445, 1.7495429521835697
12.550138689161075, 2.782188837117045
28.995989753623974, 1.4679692370133548

4.799134354540557e-05, 0.005478903511759766
-5177.510406618259, -11463.79633915271
-320.08167473509855, -2071.45000780894
998.5562961380401, -817.3229841164068
540.1798636179452, -691.4126673320036
4.551870810315097, -1.6316164770950188
2.799324994539238, 1.6155454736142751
11.938058041915934, 2.855860127051636
28.881790494802882, 1.5756190546511128

7.130051605274018e-05, 0.005495186543789792
-5195.1854546844725, -11502.931657216894
-321.1742366475476, -2078.522258437954
1001.9700768697231, -820.1165784696823
542.0660842777179, -693.8256080769703
4.7383370839653365, -1.411386019590188
0.6480219409466076, 1.0095568073058971
11.279405238226655, 2.9183891410721534
28.758996646465143, 1.6828015381251982

6.314095134567972e-05, 0.005531165326744175
-5212.860502732081, -11542.066975239899
-322.2667983114134, -2085.5945074582287
1005.383854277899, -822.9101701026356
543.9522992192278, -696.2385415026947
4.640097530882507, -1.1060754766841134
1.6615308431992533, -1.2580693345193503
10.569270366755578, 2.9675913612564098
28.627540424220616, 1.789478704417243

5.851179590599813e-05, 0.0055345827202557644
-5230.535550761211, -11581.202293221988
-323.359359728379, -2092.6667548807686
1008.797628385098, -825.7037590337086
545.8385084820426, -698.6514676598354
4.230173340866637, -0.7267722012605639
3.4796704471721887, -1.4898114530624216
9.801434319783054, 3.0005766827138807
28.48734836888332, 1.8956113754970063

8.01078773953658e-05, 0.005531524219480815
-5248.210598771988, -11620.337611163428
-324.451920900111, -2099.7390007162644
1012.211399213619, -828.497345281156
547.7247121053222, -701.0643865985288
3.424447991406318, -0.28139921881562663
4.795253290285301, -1.4855775715598887
8.96781069736872, 3.0133891338441603
28.33834110594601, 2.001159059333423

0.00013772970439610675, 0.0055252904538877325
-5265.885646764535, -11659.472929064501
-325.54448182825854, -2106.811244975368
1015.6251667855394, -831.2909288630484
549.61091012782, -703.4772983683945
1.9517091645416225, 0.20469960863433243
5.829810362550936, -1.3909803913185634
8.057527048217347, 3.0003754925564943
28.18043308014148, 2.106079822655097

0.0001730448770600068, 0.0056015701529836875
-5283.560694738972, -11698.60824692548
-326.6370425144558, -2113.8834876686396
1019.0389311227109, -834.0845097972764
551.4971025878928, -705.8902030185408
1.0103905219069447, -1.0515171239435528
6.66659505581543, -1.2481149582442037
7.0553057396774665, 2.9529870739150117
28.01353225988082, 2.2103301518851937

8.479857179931777e-05, 0.005646064449316347
-5301.235742695423, -11737.74356474663
-327.72960296033375, -2120.9557288065434
1022.4526922467682, -836.8780881015518
553.3832895235067, -708.303100597576
2.711072413892589, -1.6481062285586736
7.348261914344672, -1.0757013051518713
5.938337872857252, 2.8572488572917263
27.83753980263619, 2.313864799966838

3.142144663837775e-05, 0.005668871692481028
-5318.910790634006, -11776.87888252822
-328.8221631674765, -2128.027968399435
1025.8664501791127, -839.6716637934035
555.2694709722363, -710.7159911536087
3.727201363824323, -1.7924863945609508
7.900073852231148, -0.883989840473958
4.669429201939687, 2.687529154472322
27.65234969263995, 2.4166366247189393

-1.213897951305519e-06, 0.00568262977235097
-5336.585838554841, -11816.014200270514
-329.91472313746885, -2135.1002064575664
1029.2802049409925, -842.4652368901872
557.1556469712764, -713.128874734258
4.353237280588864, -1.745029171227843
8.338232703665216, -0.679375993252342
3.178766865030767, 2.3869418901050605
27.457848355628027, 2.5185964184063625

-1.6829053209551068e-05, 0.005691019124490299
-5354.2608864580425, -11855.149517973767
-331.00728287188036, -2142.1724429910882
1032.6939565533446, -845.2588074090894
559.0418175574473, -715.5417513866659
4.671727525288018, -1.5729505896693692
8.673569122161199, -0.4662550935255323
1.2962821919264795, 1.7672697416492553
27.25391422853687, 2.61969271707987

-1.881068481560152e-05, 0.005699326672164088
-5371.93593434373, -11894.284835638238
-332.09984237226246, -2149.244678010182
1036.107705037009, -848.0523753671227
560.9279827671917, -717.9546211574902
4.707061186751524, -1.3050139498637625
8.913400494360493, -0.24790314775277758
-0.006886215645131287, -0.9441297467482621
27.04041728264683, 2.719871589805176

-1.3256918222625847e-05, 0.005700349573881258
-5389.610982212019, -11933.420153264184
-333.1924016401534, -2156.3169115246737
1039.521450412514, -850.8459407811367
562.8141426365867, -720.3674840929217
4.448735017139949, -0.9556509998220947
9.062541119422722, -0.026951523818000422
2.2624695836346196, -2.113209439480241
26.81721849648325, 2.8190764060795006

1.1418221823205115e-05, 0.0056962315940185995
-5407.286030063022, -11972.555470851854
-334.284960677084, -2163.389143544408
1042.9351927002908, -853.6395036678184
564.7002972013494, -722.780340238689
3.844176217863014, -0.5327891857367933
9.12386759426132, 0.19432570613204728
3.9252154179116183, -2.534199640905841
26.584169273080324, 2.91724757776869

6.170977919085141e-05, 0.00568866182639769
-5424.961077896849, -12011.690788401498
-335.37751948456304, -2170.4613740791483
1046.3489319204616, -856.4330640436772
566.5864464968439, -725.1931896400644
2.7423698604013143, -0.045935875439598636
9.098620603659523, 0.4138140407898889
5.298770521560482, -2.7594402180501985
26.34111079379591, 3.014322272630627

0.00017777765318515912, 0.005687253884811668
-5442.636125713614, -12050.826105913364
-336.4700780640748, -2177.5336031385455
1049.7626680930646, -859.2266219250703
568.4725905580716, -727.6060323418666
0.29678088360552274, 0.308555212834103
8.986526031942713, 0.6293992245928771
6.489764442667291, -2.887568924696714
26.08787330089348, 3.110234095100576

9.530624424962867e-05, 0.005788685431809656
-5460.311173513429, -12089.961423387696
-337.5626364170972, -2184.6058307321787
1053.176401237825, -862.0201773281941
570.3587294196924, -730.0188683884674
2.0456889015270034, -1.4932697813670395
8.785765588256691, 0.8388124769611774
7.548885846403706, -2.956264383292768
25.82427529459196, 3.2049127273114473

3.787005907154834e-05, 0.005818491733550276
-5477.986221296402, -12129.096740824747
-338.65519454509507, -2191.678056869517
1056.5901313744062, -864.8137302690899
572.2448631160241, -732.4316978238013
3.30272212062833, -1.7929927273207114
8.49279024930409, 1.0394487804732606
8.50526246027345, -2.9843550140750796
25.55012263228411, 3.298283527202051

4.455357243984118e-06, 0.005835806349988534
-5495.6612690626425, -12168.232058224741
-339.7477524495184, -2198.7502815599455
1060.0038585221455, -867.60728076365
574.1309916810424, -734.8445206913681
4.089981133577186, -1.828592363736198
8.101929635006103, 1.2281164481583045
9.377600090826741, -2.98274702178698
25.265207546627206, 3.3902670916263076

-1.1369612779493323e-05, 0.0058460995163223265
-5513.336316812256, -12207.367375587926
-340.84031013180334, -2205.822504812815
1063.4175827003182, -870.4008288275933
576.0171151483885, -737.2573370342408
4.544240535892527, -1.713154079819643
7.604680923124461, 1.4006441968422882
10.178825632721574, -2.958386303686296
24.96930754909954, 3.4807787633542904

-1.1577930310000422e-05, 0.005851446720879502
-5531.011364545349, -12246.502692914528
-341.93286759338037, -2212.8947266373475
1066.8313039279085, -873.1943744765033
577.9032335513825, -739.6701468950685
4.710213749750102, -1.4882118846081789
6.988428840566933, 1.551194102658207
10.918348786107273, -2.9160004912847377
24.66218419735444, 3.569728070140373

3.8723611055467625e-06, 0.005852916774686055
-5548.686412262034, -12285.638010204791
-343.0254248356588, -2219.966947042583
1070.2450222238062, -875.9879177258081
579.7893469230033, -742.0829503160859
4.592439696224477, -1.1733611809629667
6.234025810448151, 1.6709210149847478
11.60328855346605, -2.8589701565630876
24.343581710141823, 3.6570180880542886

3.687938195045571e-05, 0.005851198734929967
-5566.361459962405, -12324.773327458946
-344.11798186002505, -2227.0391660375476
1073.6587376066539, -878.7814585908028
581.6754552959203, -744.4957473391122
4.160087306581127, -0.778480934721395
5.3107548788133805, 1.7449778233846036
12.239193166384469, -2.789807036112023
24.01322540716924, 3.742544716439097

9.26210330801568e-05, 0.005846997478526425
-5584.036507646572, -12363.908644677222
-345.21053866786104, -2234.111383631186
1077.0724500949561, -881.5749970866141
583.561558702483, -746.908538005564
3.3207676371533386, -0.3095816039735307
4.164061214043443, 1.7443943071901242
12.8304892651685, -2.710435595654423
23.67081994633319, 3.8261958488248067

0.0001876386098841099, 0.005842569832835683
-5601.711555314634, -12403.043961859841
-346.3030952605359, -2241.183599832365
1080.4861597070321, -884.3685332282362
585.4476571747239, -749.3213223564537
1.7628369458049926, 0.20819620956030713
2.6762934820755553, 1.5953665456216404
13.380775966183904, -2.62236814190029
23.316047324837033, 3.90785042053908

0.0002466359370104056, 0.0059366475659025034
-5619.386602966695, -12442.179279007025
-347.39565163940466, -2248.255814649839
1083.8998664610106, -887.1620670305246
587.3337507443761, -751.7341004324016
1.18927628489876, -1.1737366896933743
0.43011267870393904, 0.894362577572396
13.893024982856712, -2.5268186669503017
22.94856460157051, 3.987377308274205

0.00015027553281455038, 0.006012659833881986
-5637.061650602854, -12481.314596119
-348.4882078058112, -2255.3280280923104
1087.3135703748976, -889.9555985081956
589.2198394428543, -754.1468722736357
2.7857889362933594, -1.732481755153403
1.8213655844387275, -1.292665934310846
14.369721167597483, -2.4247796200570324
22.568001278234625, 4.064634049235991

7.84705476857704e-05, 0.006040497881201758
-5654.73669822321, -12520.449913195987
-349.5807637610859, -2262.4002401683892
1090.7272714664439, -892.749127675812
591.1059233012874, -756.5596379199968
3.7577660531703927, -1.8754357844267422
3.5872375872371207, -1.495449571351518
14.812964155843147, -2.3170753730339233
22.173956312101883, 4.139465367505109

3.142079494581922e-05, 0.006056160073240236
-5672.411745827863, -12559.58523023821
-350.67331950656376, -2269.4724508866275
1094.14096975335, -895.5426545478108
592.992002350488, -758.9723974109448
4.355110388152565, -1.8272267880825912
4.878476275822194, -1.4845260193984648
15.224543595299306, -2.204400423168599
21.76599470338687, 4.211701465609348

2.72301718431838e-06, 0.006064509298847473
-5690.086793416912, -12598.720547245875
-351.7658750435338, -2276.5446602555644
1097.5546652530277, -898.3361791385104
594.8780766209959, -761.3851507855668
4.6516104952566995, -1.6512284817145269
5.8968397501235925, -1.388595443377238
15.605995740493299, -2.0873473098510362
21.343643540376032, 4.281156012291074

-9.715275174647828e-06, 0.006067414015670632
-5707.761840990451, -12637.8558642192
-352.85843037328925, -2283.6168682834577
1100.968357982825, -901.1297014620638
596.7641461430419, -763.7978980825761
4.667423734880586, -1.3750547392719055
6.721416410052463, -1.2461341147299818
15.958646769307354, -1.9664274604932594
20.906387399225782, 4.347623761129305

-5.81460283045306e-06, 0.006065767582480082
-5725.436888548581, -12676.991181158402
-353.9509854971119, -2290.689074978604
1104.3820479598805, -903.9232215325084
598.650210946588, -766.2106393403211
4.388586216641127, -1.0120890965690565
7.393226110167151, -1.0748810596854441
16.28364643768891, -1.842087040710767
20.453662967082295, 4.410877717956353

1.684469539983246e-05, 0.006060020110221243
-5743.11193609139, -12716.126498063684
-355.0435404162717, -2297.7612803492148
1107.7957352011597, -906.7167393637626
600.5362710612967, -768.6233745967866
3.757057363253269, -0.5687861774088468
7.936702402788833, -0.8846876762140988
16.581994560622377, -1.7147192054055198
19.98485272173325, 4.470665749315407

6.606229067156797e-05, 0.006050614004620432
-5760.7869836189775, -12755.261814935262
-356.1360951320261, -2304.833484403433
1111.209419723547, -909.5102549695965
602.4223265165657, -771.0361038896033
2.6046480651350934, -0.05253269797660455
8.367567284468613, -0.6817524489284241
16.85456207336676, -1.5846737100725592
19.499277454838417, 4.526706491468999

0.00019115918586482377, 0.006071261576787026
-5778.46203113143, -12794.397131773336
-357.2286496456223, -2311.9056871493253
1114.623101543664, -912.3037683636567
604.3083773415098, -773.4488272560452
-0.10555143680465752, -0.16862304612439577
8.696343974454606, -0.47036229475585867
17.102107931983333, -1.4522645563985035
18.996187363937427, 4.578684374767067

8.07208287266642e-05, 0.00615388622026992
-5796.137078628848, -12833.532448578118
-358.3212039582946, -2318.9778885948863
1118.036780678079, -915.0972795594859
606.1944235649676, -775.8615447330384
2.1515837671395164, -1.5851768088559017
8.930134710166948, -0.25372932352062366
17.325292747100963, -1.3177761544063775
18.47475134252943, 4.626243509838962

2.2214125674701824e-05, 0.006182793000720442
-5813.812126111322, -12872.667765349799
-359.41375807128134, -2326.0500887480343
1121.4504571431426, -917.8907885704755
608.0804652155247, -778.2742563571657
3.349391158940651, -1.8764236849299274
9.073590214797823, -0.034445813236363636
17.524689870532008, -1.1814683507091186
17.934044001292104, 4.66898012455821

-1.3743114938256275e-05, 0.006199456044865699
-5831.487173578936, -12911.80308208861
-360.5063119857839, -2333.122287616615
1124.8641309550683, -920.6842954099017
609.9665023214822, -780.6869621646695
4.10293244343814, -1.9109506667042715
9.12945319786956, 0.18523860747950416
17.70079458642454, -1.0435805715535516
17.37302987494714, 4.706433174136614

-3.2926200686445485e-05, 0.006208871052066328
-5849.162221031784, -12950.938398794713
-361.59886570300114, -2340.194485208399
1128.2778021299778, -923.4778000909431
611.8525349108909, -783.0996621914618
4.532965206291789, -1.7928006024596619
9.098845761713397, 0.4032250034653624
17.85403161515634, -0.904335296750538
16.790543947562075, 4.73807246867465

-3.7200808483961456e-05, 0.006212953723672299
-5866.837268469956, -12990.073715468316
-362.6914192241236, -2347.2666815312296
1131.6914706837476, -926.2713026266233
613.7385630115429, -785.5123564731141
4.678764577509765, -1.5614541398155841
8.981379549507, 0.6174088288390158
17.984761220770338, -0.7639410157485668
16.185267374922148, 4.763283470538599

-2.6589508258807284e-05, 0.006212620487221466
-5884.512315893539, -13029.209032109617
-363.78397255033207, -2354.338876592616
1135.1051366322044, -929.0648030298676
615.6245866509654, -787.9250450448724
4.541450648555525, -1.2353944519510387
8.77511648408692, 0.82552625216798
18.093284170357315, -0.6225947729588062
15.555696867001595, 4.781347574120368

6.286686383826001e-07, 0.006208322568612586
-5902.187363302621, -13068.344348718809
-364.8765256827946, -2361.4110704001173
1138.5187999909845, -931.8583013134958
617.510605856442, -790.3377279416655
4.086136706924581, -0.8232452603236119
8.47637039880384, 1.0249716742788924
18.17984571813952, -0.4804843929414554
14.900105561149791, 4.791416134908869

4.939143596496679e-05, 0.00620030121742468
-5919.862410697288, -13107.479665296087
-365.9690786226705, -2368.4832629612347
1141.9324607755605, -934.651797490181
619.3966206550054, -792.7504051980994
3.2111759403781917, -0.32904229318851075
8.079297808013349, 1.2125434599260616
18.244638744303543, -0.33779045995874946
14.216492267910004, 4.792475673934908

0.0001371341585655933, 0.006189865110399632
-5937.537458077629, -13146.614981841638
-367.06163137110826, -2375.555454283402
1145.3461190013613, -937.4452915725128
621.2826310734356, -795.1630768484586
1.5538592506617992, 0.2211153584540428
7.575157010438504, 1.3840418491681026
18.28780614725004, -0.19468811348418907
13.502514505696118, 4.783300332940411

0.00015742076677382105, 0.006278118101918949
-5955.212505443725, -13185.750298355653
-368.15418392924755, -2382.6276443739794
1148.7597746835597, -940.2387835729537
623.1686371382751, -797.5757429267253
1.3491102379211826, -1.2900485894051774
6.950971688891718, 1.533560514843581
18.309442555847816, -0.0513487119142963
12.755398398704152, 4.762385405199902

9.828625548194609e-05, 0.006319924097185953
-5972.8875527956625, -13224.885614838324
-369.24673629823127, -2389.699833240274
1152.1734278372583, -943.0322735038512
625.0546388758296, -799.9884034665687
2.8538026822130753, -1.81768355643399
6.18698986081567, 1.6520925189584763
18.309595390050376, 0.09205859230343456
11.971814619347448, 4.727851920854651

6.916146336842902e-05, 0.006343948128029946
-5990.562600133524, -13264.020931289828
-370.33928847916155, -2396.77202088952
1155.587078477454, -945.8257613774678
626.9406363121553, -802.4010585013498
3.784022659196372, -1.9579064542579272
5.251354208688354, 1.7243850746242628
18.28826542599629, 0.23536535532708774
11.147703294841707, 4.677305821476541

6.065927230169553e-05, 0.00636005280163129
-6008.237647457395, -13303.15624771035
-371.4318404731464, -2403.844207328887
1159.0007266189193, -948.6192472059207
628.82662947308, -804.8137080641405
4.353893906955474, -1.9082323873033968
4.086934568354441, 1.7202671260349318
18.24540685266233, 0.37840237617813965
10.278019211103322, 4.607622360234354

7.146933930308982e-05, 0.0063722132350727545
-6025.912694767356, -13342.29156410008
-372.52439228128435, -2410.9163925654866
1162.414372276385, -951.4127310012528
630.7126183842024, -807.226352187703
4.628851265612744, -1.7281064399580974
2.568018183614083, 1.560745693736702
18.18092673922467, 0.5209981975742077
9.356347168552157, 4.514601118804443

0.00010764683753293492, 0.006388750886027659
-6043.587742063488, -13381.426880459185
-373.6169439046642, -2417.9885766063626
1165.8280154644208, -954.2062127753821
632.5986030708914, -809.6389909045113
4.625293271039889, -1.4435308030095424
0.21724047619422823, 0.750962818978689
18.094683921603302, 0.6629775476199397
8.374295144196969, 4.392383893779913

9.956466819695893e-05, 0.006418991461039097
-6061.262789345872, -13420.562196787852
-374.70949534436613, -2425.060759458595
1169.2416561974305, -956.999692540124
634.484583558283, -812.0516242467535
4.325885660375639, -1.0666797193919237
1.9711913009901159, -1.3199953298848626
17.98648727658267, 0.8041596864545911
7.320483010213917, 4.232404019579691

0.000109428608972404, 0.006418199373075231
-6078.937836614594, -13459.697513086254
-375.80204660145927, -2432.1329411290526
1172.6552944897653, -959.7931703072052
636.3705598712935, -814.4642522463212
3.666796424203966, -0.6022992194664367
3.689296429430002, -1.5006204768273257
17.85609333724866, 0.9443566067524688
6.178736266370337, 4.021315489374222

0.00015219003935838509, 0.006410823775552927
-6096.612883869721, -13498.832829354575
-376.8945976770043, -2439.2051216245586
1176.0689303556026, -962.5866460882221
638.2565320346181, -816.8768749348368
2.4601633871491377, -0.05518647550501028
4.956576615653833, -1.4831581913494207
17.703203179500967, 1.0833710361075177
4.924552832218975, 3.7363871128428943

0.0002493069154558651, 0.006453710415360494
-6114.287931111342, -13537.968145592975
-377.98714857205255, -2446.2773009519155
1179.4825638089756, -965.3801198947106
640.1425000727372, -819.289492343624
0.2026615685899888, -0.5796496019377858
5.959381985003763, -1.3838382409231598
17.527458470470673, 1.2209941963146456
3.5172918804523325, 3.333265247550872

0.00014439855086283113, 0.006523806534553096
-6131.96297833953, -13577.103461801642
-379.0796992876561, -2453.349479117868
1182.8961948638787, -968.1735917380586
642.0284640099101, -821.7021045037526
2.249835473384086, -1.6755863229646952
6.77235671326396, -1.2394627082411742
17.328436505416416, 1.357003226783237
1.8800102253609832, 2.70227954528421

8.583134212452626e-05, 0.006556536837486746
-6149.6380255543645, -13616.23877798074
-380.1722498248456, -2460.4216561291
1186.3098235341015, -970.967061629601
643.9144238701813, -824.1147114459952
3.3920790066861817, -1.9591723759554434
7.434770303115247, -1.0670533254227024
17.105644100579056, 1.491158208050281
-0.13378123709328352, 1.3740685335968306

4.306781971961173e-05, 0.006581597878807275
-6167.313072755921, -13655.374094130444
-381.26480018463803, -2467.493831992252
1189.7234498333312, -973.7605295805381
645.8003796773883, -826.5273132008789
4.112801370297238, -1.9924906455521398
7.970218248549835, -0.8761413562191392
16.858510233772275, 1.623198716629168
0.2600181943227608, -1.7211585638055253

1.3003482920534776e-05, 0.006594028017010437
-6184.988119944278, -13694.509410250916
-382.3573503680488, -2474.5660067138792
1193.137073775202, -976.5539956019998
647.6863314551589, -828.9399097986382
4.518897014730394, -1.8715165868619767
8.393953468117136, -0.6727644950090381
16.58637702154973, 1.7528396976251428
2.198771532602515, -2.828503811576749

-1.2781807524853058e-06, 0.006599403235911854
-6202.663167119507, -13733.644726342323
-383.4499003760847, -2481.638180300502
1196.5506953731506, -979.347459705007
649.5722792269154, -831.352501269267
4.644609724492994, -1.6336746562078737
8.716206807703697, -0.4611210459216453
16.28848864798902, 1.8797664554718196
3.786326628174298, -3.4026752255465103

-1.2551028207151116e-07, 0.006599451935846524
-6220.338214281684, -13772.780042404833
-384.5424502097439, -2488.710352758581
1199.9643146405115, -982.1409219004887
651.4582230158755, -833.7650876424815
4.4877232851008255, -1.2962299728077267
8.943882390997901, -0.24437126329170777
15.96397775286029, 2.003628522899846
5.162073098890481, -3.778619675465046

1.8090093568302183e-05, 0.006594786574622049
-6238.013261430885, -13811.91535843861
-385.6349998700168, -2495.7825240945235
1203.3779315905663, -984.9343821992893
653.3441628450599, -836.177668947752
4.009155814640085, -0.8663565286383357
9.081486202114744, -0.025076339587133428
15.611848616091647, 2.124032053133499
6.393810027897033, -4.047117714203781

5.8575923226792786e-05, 0.006585617908082125
-6255.688308567181, -13851.050674443815
-386.72754935788413, -2502.8546943146785
1206.791546236428, -987.7278406121432
655.2300987372823, -838.5902452142865
3.0970507056730368, -0.34569766055126305
9.131645401614934, 0.19453168659120382
15.230956226829298, 2.2405302486697853
7.518346172010395, -4.246979690460387

0.00014169654122305684, 0.006573367191567855
-6273.363355690646, -13890.185990420607
-387.8200986743189, -2509.926863425386
1210.2051585910863, -990.5212971497183
657.1160307151644, -841.002816471039
1.3231068438844067, 0.2377071771510874
9.095380577918593, 0.4123608886859296
14.81997998744576, 2.352611147098102
8.558303315344293, -4.398684456974647

0.0001334942813748742, 0.006667090672905437
-6291.038402801352, -13929.321306369153
-388.9126478202862, -2516.999031432939
1213.6187686674775, -993.3147518225621
659.0019588011306, -843.4153827467275
1.4944740488824708, -1.4006404467440001
8.972204361129867, 0.6263038109193024
14.37739029004081, 2.4596817877572104
9.528810030687012, -4.514478333367364

6.711164208128621e-05, 0.0067066298220959195
-6308.713449899371, -13968.456622289605
-390.00519679674716, -2524.0711983434376
1217.0323764784052, -996.108204641168
660.8878830174185, -845.8279440698078
2.9166032074591137, -1.9026831516904978
8.760071114980827, 0.8340825434477261
13.901405443900133, 2.561047355207425
10.440610608495044, -4.602323133119101

2.765340850917553e-05, 0.006728861332384824
-6326.388496984772, -14007.59193818212
-391.0977456046587, -2531.14336416302
1220.4459820365232, -998.9016556159032
662.7738033860695, -848.2405004685045
3.806509589479265, -2.0402335245224985
8.45516734004846, 1.0330630455119416
13.389935648845338, 2.655883397467187
11.301684622590848, -4.667715162008354

6.369307720687126e-06, 0.006742205014090665
-6344.063544057628, -14046.72725404686
-392.19029424494926, -2538.2155288977738
1223.8595853544252, -1001.6951047570894
664.6597199289425, -850.6530519707952
4.349179650432652, -1.9885388811423474
8.051485922528702, 1.2199944875051996
12.8405087142695, 2.743197919947205
12.118166310181211, -4.714624146032389

6.096772306766742e-07, 0.006749399915320915
-6361.738591118009, -14085.862569883973
-393.28284271855074, -2545.287692553734
1227.2731864446325, -1004.4885520749186
666.5456326677077, -853.0655986044179
4.602709380289562, -1.8035128656102895
7.5400565906435055, 1.3905942967951637
12.250169479209731, 2.8217783215714594
12.894901811247458, -4.7460202837132375

9.95778163369981e-06, 0.006751713136006457
-6379.413638165982, -14124.997885693618
-394.37539102638914, -2552.3598551368896
1230.6867853194647, -1007.2819975795404
668.4315416238521, -855.4781403968864
4.579773994099211, -1.5097114649609469
6.907555897604379, 1.5388126811340568
11.615340541927033, 2.8901151803751395
13.635805301276303, -4.764189909637193

3.5698066468103844e-05, 0.006749804613660304
-6397.088685201617, -14164.133201475932
-395.4679391693811, -2559.432016653172
1234.100381991194, -1010.0754412809802
670.3174468186809, -857.8906773754701
4.259564047923232, -1.1180064840288708
6.1336525341450745, 1.655373906479046
10.931624183126976, 2.946289364949982
14.344096562659724, -4.770934503380935

8.164992481297164e-05, 0.006744042674951543
-6414.763732224982, -14203.268517231088
-396.5604871484372, -2566.504177108475
1237.5139764720532, -1012.8688831892167
672.2033482733202, -860.3032095672114
3.571996251346481, -0.6311879072199514
5.18538668538676, 1.72444602949602
10.193511510279148, 2.987798590479654
15.022465167720881, -4.767701505202825

0.0001587432569932502, 0.006734970020836061
-6432.438779236145, -14242.403832959226
-397.65303496445904, -2573.576336508639
1240.9275687740544, -1015.6623233141146
674.0892460087181, -862.7157369989307
2.3060372268290754, -0.05091833673701246
4.003091153481847, 1.7143010463500825
9.39393855578027, 3.011278849447717
15.673187356930061, -4.755673349522932

0.00026881444089918856, 0.006792408060093074
-6450.1138262351715, -14281.539148660495
-398.74558261834153, -2580.6484948594516
1244.3411589091597, -1018.4557616654845
675.9751400456482, -865.1282596972194
0.46358807369374255, -0.8148422935194819
2.452871596099093, 1.5395899885372277
8.523575770217823, 3.012031686237182
16.298211360760984, -4.735829871145919

0.00021468007920183915, 0.00687023302249202
-6467.788873222129, -14320.674464335041
-399.8381301109724, -2587.7206521666594
1247.7547468892758, -1021.249198253032
677.8610304047091, -867.5407776884438
2.339744256801439, -1.7668374370312403
-0.005415844243250485, 0.5687245053155777
7.569619925355128, 2.983163791014726
16.89922101661456, -4.708993152493322

0.00013313160895742627, 0.006929342273094679
-6485.463920197084, -14359.809779983008
-400.93067744323247, -2594.792808435955
1251.168332726178, -1024.0426330864009
679.7469171063294, -869.9532909987541
3.429703258182517, -2.0430112221472947
2.103112822125558, -1.3445599059889262
6.513573368371667, 2.9138725539092403
17.47768416947534, -4.67586048159487

7.720941947984433e-05, 0.006951856563446717
-6503.138967160101, -14398.945095604542
-402.0232246159943, -2601.8649636729874
1254.5819164315078, -1026.8360661751494
681.6328001707661, -872.3657996540912
4.1186362555232385, -2.0743234440020273
3.780666572879535, -1.5050019159769468
5.326704771908362, 2.785568492173746
18.034890200555388, -4.63702906157063

4.249752303433884e-05, 0.006964495707157768
-6520.8140141112435, -14438.080411199786
-403.11577163014084, -2608.937117883412
1257.9954980168507, -1029.6294975287774
683.5186796181093, -874.778303680162
4.501215478357618, -1.9494268617904256
5.027589499715884, -1.4820400510467044
3.9592120220250386, 2.5612587492480836
18.571979420998062, -4.593014824009603

2.5339180328769176e-05, 0.006970668176478008
-6538.48906105058, -14477.215726768884
-404.20831848651443, -2616.009271072826
1261.4090774937558, -1032.4229271566521
685.4045554682826, -877.1908031024748
4.607115296369215, -1.7037795395084179
6.016559552425507, -1.3811888766292564
2.307015459946959, 2.145109848934286
19.089966415938296, -4.544266970811865

2.5652669087237554e-05, 0.006972757723265898
-6556.164107978164, -14516.351042311975
-405.3008651859666, -2623.081423246654
1264.8226548735624, -1035.216355068104
687.2904277410454, -879.6032979463228
4.43073997163707, -1.3535267069759709
6.818907180728083, -1.2366602281203891
0.062091054665318404, 1.0219803945743007
19.589758798395668, -4.49117936866733

3.620653810769053e-05, 0.0069732711257036424
-6573.839154894068, -14555.486357829202
-406.3934117293423, -2630.153574410368
1268.2362301675678, -1038.0097812723873
689.176296455995, -882.0157882367986
3.928534190394078, -0.9042960543204792
7.472607647029965, -1.0647174035031914
1.2416785418906064, -1.727142154949272
20.07217244158279, -4.43409958483326

6.846099674774793e-05, 0.006964124699444225
-6591.514201798355, -14594.621673320704
-407.48595811748004, -2637.225724569387
1271.649803387004, -1040.8032057787395
691.0621616325686, -884.4282739987782
2.9771354185781655, -0.3550740156843862
8.000580857422781, -0.8745788758856323
3.1399991000765946, -2.358836787587179
20.537943972556437, -4.3733361323337165

0.00014931247985838919, 0.00695091733149767
-6609.189248691086, -14633.756988786616
-408.5785043512115, -2644.2978737290982
1275.0633745430214, -1043.5966285962004
692.9480232900463, -886.84075525694
1.0594701500061012, 0.2603623321813622
8.417680806276083, -0.6721274900839246
4.638462492955502, -2.661772768672442
20.987741108233887, -4.309164336425044

0.00011366580371355044, 0.00705107291807577
-6626.86429557232, -14672.892304227073
-409.67105043136115, -2651.370021894839
1278.4769436466026, -1046.390049733803
694.8338814475447, -889.2532320357603
1.6248941242862363, -1.508983072317931
8.733878095833212, -0.4614772417602339
5.912346898812652, -2.8318599812511844
21.422171272048068, -4.241831125649523

4.2422929058760637e-05, 0.0070894752421169745
-6644.539342442121, -14712.027619642213
-410.76359635874803, -2658.4421690719046
1281.890510708694, -1049.183469200504
696.7197361240305, -891.6657043595176
2.9724069012084384, -1.9890774054972755
8.95589108781029, -0.2457402967075266
7.032901847387712, -2.9272844785024947
21.84178882116072, -4.1715589757905605

-3.5899821838777893e-06, 0.00711121723740211
-6662.214389300547, -14751.16293503217
-411.8561421341834, -2665.5143152655555
1285.3040757401925, -1051.976887005222
698.6055873383161, -894.0781722522939
3.8240345573807626, -2.1231074090607467
9.088082537848571, -0.027450219916895408
8.037896080234066, -2.974072277118662
22.247101216050762, -4.098549187408306

-3.212899118433187e-05, 0.0071238580302593136
-6679.889436147661, -14790.29825039708
-412.94868775847317, -2672.5864604809835
1288.7176387518575, -1054.7703031567764
700.4914351090612, -896.4906357379734
4.340512218733704, -2.068192691410208
9.132960224372942, 0.19117660041951726
8.950422038204518, -2.986354548679865
22.638574283814847, -4.0229846287199695

-4.5694306680060124e-05, 0.007129959474152941
-6697.564482983523, -14829.433565737074
-414.0412332324155, -2679.658604723372
1292.1311997543482, -1057.5637176638788
702.3772794547721, -898.9030948402492
4.573242149486879, -1.8770027202307535
9.091436442693473, 0.40805639296649027
9.785916322718121, -2.9727535788790336
23.016636707724576, -3.9450320472195726

-4.473592423768031e-05, 0.007130667793720825
-6715.239529808189, -14868.568881052282
-415.13377855680335, -2686.730747997847
1295.5447587582598, -1060.3571305352057
704.263120393814, -901.3155495826226
4.531311192865304, -1.5726638582143955
8.962916732124008, 0.6210842352163369
10.555349186514645, -2.938961905858702
23.381683888278086, -3.864844028846479

-2.8079429669394323e-05, 0.007126478274723765
-6732.914576621721, -14907.70419634284
-416.2263237324317, -2693.8028903094987
1298.9583157741597, -1063.1505417793676
706.148957944397, -903.7279999884074
4.190357911083888, -1.1646851628726236
8.745240248101831, 0.8279790876702733
11.26687209044284, -2.888958179698766
23.73408128171518, -3.782560667967624

7.984911379975579e-06, 0.007117467627457952
-6750.589623424177, -14946.839511608872
-417.31886876008025, -2700.875031663379
1302.3718708124563, -1065.9439514049543
708.0347921245858, -906.1404460807317
3.4735038079239433, -0.6537431821266115
8.434457041210386, 1.0260958635056263
11.92674986012976, -2.8256459740058424
24.07416730018769, -3.698310998447185

7.490938414220483e-05, 0.007103605530684036
-6768.2646702156135, -14985.974826850505
-418.41141364051504, -2707.9471720644938
1305.7854238834793, -1068.7373594204066
709.9206229523053, -908.5528878825382
2.142317155323651, -0.03811548164720161
8.024383163944028, 1.2121590840939351
12.539925736108962, -2.7512177988564086
24.40225584179588, -3.6122142260472345

0.00014972336633207794, 0.007165116523495103
-6785.939716996093, -15025.110142067868
-419.5039583745033, -2715.0193115178126
1309.1989749975012, -1071.5307658341178
711.806450445334, -910.9653254165886
0.6808224671389931, -0.9979244896663535
7.505799042382336, 1.381835597783137
13.110382936232282, -2.667375842130731
24.7186385051677, -3.524380794709617

7.368196750437114e-05, 0.0072221824459255905
-6803.614763765666, -15064.245457261084
-420.596502962808, -2722.091450028369
1312.6125241647624, -1074.324170654423
713.6922746213118, -913.3777587054635
2.420244367589948, -1.858275921174454
6.86499667474302, 1.5289714341830403
13.6413861360743, -2.5754725455495855
25.023586525856402, -3.4349133121387223

3.310618311347203e-05, 0.007251459390522979
-6821.28981052439, -15103.380772430282
-421.6890474061847, -2729.1635876009896
1316.0260713953435, -1077.1175738896018
715.5780954977388, -915.7901877715607
3.461444723611567, -2.12698446596518
6.080991989171762, 1.6440674425306565
14.135648743070082, -2.4766038304617974
25.317352495732617, -3.3439073548182785

1.3417876828678631e-05, 0.007269942944544892
-6838.964857272324, -15142.516087575586
-422.7815917053841, -2736.2357242404946
1319.4396166992626, -1079.9109755479249
717.4639130919777, -918.2026126371063
4.120102674329907, -2.1553341538137523
5.119570813450031, 1.710761204309021
14.595452351463916, -2.371672998522863
25.60017191302262, -3.251452171588638

1.1499909663049545e-05, 0.007282047454528326
-6856.63990400952, -15181.651402697124
-423.8741358611492, -2743.3078599517016
1322.8531600864676, -1082.704375637493
719.3497274212547, -920.6150333241467
4.480184944578581, -2.025851871257672
3.9181392005325297, 1.69577563735595
15.02273388009293, -2.261435800342035
25.8722645497274, -3.15763130537981

2.8200889316203562e-05, 0.007290691503824342
-6874.314950736038, -15220.786717795008
-424.9666798742204, -2750.379994739388
1326.2667015668817, -1085.4977741663818
721.235538502656, -923.0274498545602
4.566820426620649, -1.7720385307976747
2.3330022001546284, 1.5067538157609814
15.419150543126094, -2.1465330359842927
26.133835665382524, -3.0625231434210507

7.239073296792426e-05, 0.007309169803745735
-6891.989997451928, -15259.922032869365
-426.05922374533, -2757.4521286082986
1329.6802411502929, -1088.2911711426157
723.1213463531356, -925.4398622500487
4.371221328952083, -1.4085599269699425
-0.22796560193736287, 0.2616547669624268
15.786129202817563, -2.027514653864767
26.385077089547703, -2.9662014052525274

6.059064995479122e-05, 0.007328068739529239
-6909.665044157246, -15299.05734792031
-427.1517674752048, -2764.5242615631414
1333.0937788464005, -1091.0845665741554
725.0071509895195, -927.8522705321467
3.8452554635015535, -0.9392851094533523
2.2425996765812157, -1.3671898330177765
16.12490444990893, -1.9048579070413048
26.626168189178976, -2.8687355764455953

8.305200435041062e-05, 0.007320486275878095
-6927.340090852048, -15338.19266294798
-428.24431106456734, -2771.5963936085877
1336.507314664857, -1093.877960468952
726.8929524284957, -930.2646747222228
2.8527585963834414, -0.3601127627598103
3.8784124354675127, -1.5092245412626955
16.43654838737951, -1.7789812841878856
26.85727673558238, -2.770191297164388

0.00016443896013790295, 0.007307498321017763
-6945.015137536388, -15377.32797795248
-429.3368545141338, -2778.6685247492705
1339.9208486152654, -1096.6713528348116
728.7787506866348, -932.6770748414785
0.7499131805129486, 0.2810239434393082
5.103203171071845, -1.4803404156009654
16.721994209783745, -1.6502553549377423
27.07855968475642, -2.670630710695275

0.00010176384100243403, 0.007414411441595017
-6962.690184210316, -15416.463292933928
-430.4293978246144, -2785.7406549897937
1343.3343807071494, -1099.4647436794971
730.6645457803658, -935.0894709109486
1.7432946321371148, -1.6135828340520666
6.077341675866343, -1.3764205289918863
16.982055041996844, -1.5190113246080459
27.29016387682528, -2.57011277597615

2.8131652952340582e-05, 0.0074523192751738175
-6980.3652308738865, -15455.598607892445
-431.52194099672556, -2792.8127843347165
1346.7479109498981, -1102.258133010731
732.5503377259942, -937.5018629515088
3.0227469315980864, -2.0746637870408438
6.868464031888824, -1.230156065990106
17.217439089483165, -1.3855478794896523
27.492226658767997, -2.468693548303902

-2.116872480311527e-05, 0.0074740602955448154
-6998.040277527149, -15494.733922828142
-432.6144840311626, -2799.8849127885696
1350.1614393528714, -1105.0515208361737
734.4361265397006, -939.9142509838709
3.8376834538031197, -2.2050175587995504
7.512986923266411, -1.057179613126349
17.42876207211749, -1.2501367166053485
27.68487646775084, -2.366426428429741

-5.315827061320887e-05, 0.007486533354586977
-7015.715324170162, -15533.869237741137
-433.7070269286141, -2806.957040355849
1353.5749659253602, -1107.8449071634614
736.3219122375415, -942.3266350285876
4.328602084866857, -2.146558320073001
8.03306709203651, -0.866417570693908
17.616557370686138, -1.1130270839940042
27.868233361160293, -2.263362388885161

-7.020696927739076e-05, 0.007492186834196431
-7033.39037080297, -15573.004552631546
-434.7995696897695, -2814.0291670410147
1356.9884906766526, -1110.6382920001488
738.2076948354594, -944.7390151060549
4.540835170059527, -1.9488753084878332
8.443124673376266, -0.6636026280985488
17.78128428946597, -0.9744495714747307
28.042409491105033, -2.1595501818104244

-7.272391974027869e-05, 0.007492111507076068
-7051.06541742563, -15612.13986749948
-435.8921123153128, -2821.1012928485015
1360.4020136158308, -1113.4316753536857
740.0934743492588, -947.1513912365132
4.480031910628741, -1.6336128246238868
8.752856656142294, -0.45276435911878365
17.923334805403805, -0.8346193122691675
28.207509533230947, -2.055036528934776

-5.9468568615735416e-05, 0.007486733666082364
-7068.740464038189, -15651.275182345047
-436.9846548059236, -2828.1734177827016
1363.8155347519762, -1116.2250572315054
741.9792507946275, -949.5637634400475
4.1182154880813515, -1.2087780088465914
8.96879419519063, -0.23696453077594481
18.043039065539254, -0.693738725535084
28.363631074895352, -1.949866295674466

-2.648280411196617e-05, 0.00747600591986764
-7086.415510640701, -15690.41049716837
-438.07719716227547, -2835.2455418479753
1367.2290540941042, -1119.0184376409898
743.8650241871378, -951.9761317365887
3.3711428287929386, -0.6726174001458997
9.095160544126419, -0.018706082574601057
18.140669830015486, -0.5519999015343982
28.510864966581398, -1.8440826511753512

3.9140539818187636e-05, 0.007459684027536356
-7104.090557233212, -15729.545811969549
-439.1697393850387, -2842.317665048653
1370.642571651191, -1121.8118165894593
745.7507945422509, -954.3884961459185
1.9675493025635133, -0.019342864381616247
9.134349672708552, 0.19981154523406205
18.216446010588577, -0.4095867096397848
28.64929563974, -1.7377272159263029

9.146149598382497e-05, 0.00752876710460024
-7121.765603815776, -15768.681126748701
-440.26228147487535, -2849.3897873891347
1374.0560874321231, -1124.605194084244
747.636561875298, -956.800856687668
0.8700803611519965, -1.155659876842588
9.087171713342745, 0.41651034395208414
18.270535413986092, -0.2666766946846331
28.779001392998612, -1.6308401985595855

1.5242489723856562e-05, 0.007581545882966996
-7139.4406503884375, -15807.816441505931
-441.3548234324453, -2856.4619088736144
1377.4696014456736, -1127.398570132502
749.5223262014949, -959.2132133813184
2.4943097394205247, -1.9491050775042482
8.952930461836274, 0.6292805058861227
18.30305674695442, -0.12344281711790589
28.9000546437673, -1.523460523248835

-2.9603524509470434e-05, 0.007609030548482447
-7157.115696951247, -15846.95175624135
-442.4473652584029, -2863.534029506293
1380.8831137005955, -1130.1919447413884
751.408087535948, -961.6255662462066
3.489141737765501, -2.210554988851311
8.729353925404677, 0.8358245512995608
18.314081036673475, 0.01994494491608825
29.01252216177129, -1.4156259446303139

-5.559596212064475e-05, 0.007625359892306691
-7174.790743504255, -15886.08707095506
-443.5399069533975, -2870.6061492913736
1384.2966242055688, -1132.9853179180084
753.2938458936586, -964.0379153015217
4.118200005975756, -2.235547585208527
8.412359945667793, 1.0334665177300475
18.3036325338904, 0.16331809330668096
29.11646529268675, -1.3073731516623242

-6.619647830973903e-05, 0.007634245063083334
-7192.465790047509, -15925.222385647177
-444.63244851807366, -2877.6782682330286
1387.7101329692666, -1135.7786896694183
755.1796012894981, -966.4502605663107
4.45594069475222, -2.1008629802118093
7.9955928843845605, 1.2188789579734232
18.271689020824233, 0.3065081278112793
29.211940155193822, -1.1987378673855302

-6.227164020188809e-05, 0.007637256220926735
-7210.140836581058, -15964.357700317802
-445.7249899530709, -2884.750386335399
1391.1236400002044, -1138.5720600026268
757.0653537382337, -968.8626020594769
4.523359035258257, -1.8380793487764822
7.4695907696806065, 1.387642112233879
18.21818155444168, 0.4493450579807843
29.29899781641554, -1.0897549434837264

-4.304614913584901e-05, 0.007635115703025864
-7227.815883104944, -16003.493014967038
-446.8175312590248, -2891.8225036025915
1394.537145306859, -1141.365428924642
758.9511032545257, -971.2749397997828
4.308421151705088, -1.4604403722231165
6.820273965268767, 1.533451370174948
18.142993645148106, 0.591655876451056
29.3776844484741, -0.9804584497755661

-5.680843206085115e-06, 0.00762805592757108
-7245.490929619222, -16042.628329594998
-447.91007243656793, -2898.894620038688
1397.950648897664, -1144.1587964423018
760.8368498529278, -973.6872738058536
3.7580924065147925, -0.9698784892995688
6.026026871447269, 1.6465189334278503
18.045959847374135, 0.7332629551931455
29.448041467510006, -0.8708817592567594

5.752303887729969e-05, 0.007615950889524339
-7263.165976123933, -16081.76364420178
-449.00261348633813, -2905.966735647737
1401.3641507809857, -1146.9521625624532
762.7225935478715, -976.0996040961729
2.721621955731633, -0.3586537717624288
5.051405853601996, 1.7098406799841475
17.926863718419344, 0.8739823223619648
29.510105656114916, -0.7610576293078518

0.00018828908670745, 0.007603876678031127
-7280.841022619126, -16120.898958787482
-450.0951544089427, -2913.038850433762
1404.7776509651956, -1149.7455272918992
764.6083343536908, -978.5119306890872
0.3441016368016662, 0.2773472613049454
3.830896849774855, 1.6883384493737894
17.78543507876519, 1.0136217714239673
29.563909269696136, -0.6510182797272895

0.00013949571825365168, 0.007719956003252979
-7298.516069104849, -16160.034273352214
-451.1876952049974, -2920.110964400754
1408.1911494584833, -1152.5388906373887
766.4940722846275, -980.9242536028095
1.8512254561556603, -1.7172510183659704
2.21071313243657, 1.4815652495517428
17.621346463753685, 1.1519787412726852
29.60948012446825, -0.5407954687119305

0.00011669361402659877, 0.0077826616940171
-7316.191115581144, -16199.169587896076
-452.2802358751151, -2927.1830775526705
1411.6046462690322, -1155.3322526056281
768.3798073547925, -983.336572855417
3.067655858254464, -2.161152261528459
-0.25350286660671756, -0.16851528934844823
17.434208650402436, 1.288837915714379
29.646841667204693, -0.4304205656013244

4.220453814357498e-05, 0.007824050364613833
-7333.866162048057, -16238.304902419166
-453.37277641990374, -2934.2551898934507
1415.0181414049646, -1158.1256132033316
770.2655395782027, -985.7488884648536
3.8472848453149804, -2.287223096566831
2.3670274133703875, -1.387382342194675
17.223565233728653, 1.4239685220002336
29.676013045792658, -0.31992461504705694

-2.6700570304290186e-06, 0.00784082018658279
-7351.541208505635, -16277.440216921585
-454.4653168399669, -2941.3273014269976
1418.431634874353, -1160.9189724370367
772.1512689687872, -988.161200448933
4.313251705015862, -2.224375615740709
3.966655659587577, -1.5129702766657647
16.988885972136995, 1.5571211570734316
29.69700916785351, -0.2093384012186181

-2.8773336625450473e-05, 0.007848526016297404
-7369.216254953922, -16316.57553140343
-455.55785713590313, -2948.3994121571873
1421.8451266852662, -1163.7123303133028
774.036995540353, -990.5735088253385
4.505284263292081, -2.0191613712029417
5.17216255982641, -1.4791201786780048
16.729558633088665, 1.688024007901922
29.709840745634835, -0.09869251253648141

-3.8350827602116955e-05, 0.007849382710243892
-7386.891301392963, -16355.710845864805
-456.65039730830773, -2955.4715220878716
1425.2586168456085, -1166.5056868386414
775.9227193066072, -992.9858136116284
4.42578037251798, -1.6917422657265688
6.132915871556024, -1.3735346726143767
16.444879015898906, 1.8163783184483664
29.71451432879128, 0.011982594818481464

-3.080931362193215e-05, 0.007844137910211093
-7404.566347822802, -16394.846160305802
-457.74293735777144, -2962.5436312228708
1428.6721053632702, -1169.29904201951
777.8084402811771, -995.3981148252252
4.042971170401746, -1.2486098318428016
6.913647800093038, -1.226829792463419
16.134038711268172, 1.941852867448946
29.71103232424654, 0.12265653340423814

-2.242131138404712e-06, 0.007832794148685367
-7422.241394243486, -16433.98147472653
-458.83547728487986, -2969.615739565979
1432.0855922460844, -1172.0923958623289
779.6941584775698, -997.8104124834279
3.2644752348149484, -0.6853158249454396
7.549579737071538, -1.0539848645159202
15.796110020673806, 2.064077156722828
29.699393003806232, 0.23329892095180693

6.191375263305535e-05, 0.0078149854757283
-7439.9164406550435, -16473.116789127067
-459.9280170902154, -2976.6878471209657
1435.4990775018382, -1174.8857483735194
781.5798739091981, -1000.2227066034103
1.7786600108179604, 0.008418961873136564
8.062234779899155, -0.8636483069944572
15.430027255067975, 2.182632895434411
29.67959049951418, 0.34387931629807217

9.225863915923916e-05, 0.007892504379979532
-7457.59148705754, -16512.252103507522
-461.0205567743558, -2983.75995389157
1438.912561138304, -1177.6790995593744
783.4655865893976, -1002.6349972022207
1.03599484333719, -1.2992742739460412
8.46565434280787, -0.6614139306242686
15.034563336859492, 2.297043199110839
29.651614785655422, 0.45436715401543365

1.5950157079894046e-05, 0.007942907422502964
-7475.266533451006, -16551.38741786799
-462.11309633787505, -2990.8320598815194
1442.3260431631336, -1180.4724494261557
785.3512965313785, -1005.047284296787
2.5604912917202345, -2.040776079402684
8.769285289542191, -0.4512359779827658
14.60830017380747, 2.4067586792209865
29.61545164222978, 0.5647316766125811

-3.157487859121932e-05, 0.007969992856737338
-7492.941579835485, -16590.522732208552
-463.2056357813436, -2997.9041650946087
1445.739523583923, -1183.2657979801018
787.2370037482682, -1007.459567903918
3.5115749628098363, -2.2947631425879558
8.979479123197216, -0.23613391148938745
14.149590900626535, 2.5111394027574923
29.571082612694795, 0.6749418703804131

-6.100846088283224e-05, 0.007985928279755946
-7510.616626211022, -16629.658046529315
-464.2981751053266, -3004.9762695343766
1449.1530024082376, -1186.0591452274025
789.1227082531188, -1009.871848040298
4.112216677379633, -2.3154897248684265
9.100319661407392, -0.018586758376936
13.656511090161555, 2.6094310458261143
29.518484958330554, 0.7849664034798349

-7.552393077375874e-05, 0.007994163519760159
-7528.291672577656, -16668.79336083037
-465.39071431038593, -3012.0483732044604
1452.5664796435863, -1188.8524911742059
791.0084100588525, -1012.2841247224884
4.428353370890562, -2.174566839789021
9.134083339949818, 0.19921900396656175
13.12679454644716, 2.700732600731428
29.45763159631668, 0.8947735591640734

-7.594016518814715e-05, 0.007996148065779233
-7545.966718935431, -16707.92867511181
-466.4832533970797, -3019.1204761084687
1455.9799552974425, -1191.6458358266275
792.894109178327, -1014.696397966935
4.477063385729926, -1.9017038573964686
9.081472477159267, 0.4152110271408748
12.557747310799002, 2.783951754586129
29.388491023662468, 1.004331165864182

-6.150911918088807e-05, 0.007992476607133219
-7563.641765284388, -16747.063989373724
-467.5757923659737, -3026.19257824999
1459.3934293772552, -1194.4391791907797
794.7798056243034, -1017.1086677899672
4.24305831805182, -1.5086706182090317
8.941683400820349, 0.6272792120217194
11.946130046812838, 2.857741715633899
29.311027227247983, 1.1136065242153539

-2.9408893867623932e-05, 0.007983177897712615
-7581.31681162457, -16786.1993036162
-468.66833121761084, -3033.2646796325794
1462.806901890322, -1197.2325212726216
796.6654994094358, -1019.5209342078057
3.668089272008714, -0.9953009424241365
8.712326307210486, 0.8331191193317875
11.287993162185833, 2.9204091890584993
29.2251995794069, 1.2225663305492094

2.841940084563169e-05, 0.007967731422531198
-7598.991857956013, -16825.334617839348
-469.76086995253235, -3040.3367802597754
1466.2203728439479, -1200.025862078132
798.551190546317, -1021.9331972365453
2.584732876623956, -0.3497775249822056
8.389176812924614, 1.0300378564462147
10.57843883481014, 2.9697757427526796
29.130962718166383, 1.3311765962434023

0.00016574435846023036, 0.0079726867683837
-7616.666904278761, -16864.469932043245
-470.85340857128085, -3047.408880135087
1469.633842245383, -1202.8192016132434
800.436879047425, -1024.3454568921675
-0.1317540465776484, -0.1274389982642059
7.965692317348852, 1.214673947400918
9.81126530100768, 3.002960342640768
29.028266410804832, 1.4394025620835236

7.5998981533436e-05, 0.008069261063413938
-7634.341950592853, -16903.60524622796
-471.9459470743946, -3054.4809792620017
1473.047310101829, -1205.6125398838556
802.3225649251582, -1026.757713190533
1.9475431894255573, -1.819468657317194
7.432143121332237, 1.3825413218113924
8.978411754546126, 3.016020865537027
28.91705539605026, 1.547208605658099

3.2155028083317796e-05, 0.008105931163171098
-7652.016996898332, -16942.740560393606
-473.03848546240897, -3061.5530776439787
1476.4607764204752, -1208.4058768958191
804.2082481918422, -1029.16996614743
3.105985350190615, -2.2477623797649557
6.774031513039603, 1.5272044293892089
8.069044758460022, 3.0033263481284673
28.7972692043038, 1.6545581437732793

1.0303439777081558e-05, 0.008128500043883881
-7669.692043195233, -16981.875874540256
-474.1310237358542, -3068.6251752844546
1479.8742412084164, -1211.199212654963
806.093928859684, -1031.5822157784937
3.8520882730342763, -2.3689465859284833
5.969023752484426, 1.6386021902042398
7.0679498167882455, 2.9563684736963056
28.66884197166457, 1.7614135371322994

5.852322302365771e-06, 0.008142873882244094
-7687.367089483599, -17021.011188668013
-475.2235618952587, -3075.6972721868483
1483.2877044726754, -1213.992547167097
807.9796069408421, -1033.9944620992362
4.294168570763555, -2.3008946939959722
4.980266237197375, 1.6990831453221014
5.952430432547728, 2.861255684874123
28.531702232643052, 1.8677359865511243

1.8216624417862695e-05, 0.008151732793619193
-7705.042135763466, -17060.146502776963
-476.31609994114586, -3082.7693683545417
1486.7011662202558, -1216.7858804379039
809.8652824473588, -1036.4067051251557
4.466810693009763, -2.087539864338419
3.738832263626955, 1.6716338607388448
4.6855220339269605, 2.6925560327452054
28.385772688072283, 1.9734854192455242

4.9964696239698325e-05, 0.008157656493606476
-7722.717182034878, -17099.281816867177
-477.4086378740372, -3089.8414637909073
1490.114626458114, -1219.5792124730735
811.7509553912099, -1038.8189448715068
4.369070623181542, -1.7474779944019707
2.0785874947294265, 1.4463196620722925
3.197990154793975, 2.3940009971052323
28.230969948002308, 2.078620365850863

0.00010347546218060033, 0.008183140028671683
-7740.39222829787, -17138.41713093875
-478.5011756944475, -3096.9135584992896
1493.5280851931586, -1222.3725432782633
813.6366257842889, -1041.231181353529
3.9653904920528547, -1.2853596954505688
-0.02258523862033901, -0.5085933924052161
1.3218874778367071, 1.7807770590796406
28.067204247367528, 2.183097827155148

0.0001092892139969152, 0.00819188996721574
-7758.067274552483, -17177.552444991765
-479.5937134028909, -3103.9856524830066
1496.9415424322976, -1225.1658728590862
815.5222936383848, -1043.6434145863593
3.1545700105719865, -0.6936567004335137
2.500101199183227, -1.4067363004306122
-0.03800480667821177, -0.911129508390308
27.89437913110941, 2.2868731295434324

0.00015758221055944257, 0.008179201742725505
-7775.74232079875, -17216.687759026307
-480.6862509998769, -3111.057745745359
1500.354998182318, -1227.959201221122
817.4079589652474, -1046.0556445849593
1.5749637821761875, 0.042987049011863926
4.062041638043419, -1.516667228802068
2.2413239574855415, -2.1038725214751577
27.712391107912886, 2.389899766139438

0.00015594720119438177, 0.008268216517702553
-7793.417367036715, -17255.82307304246
-481.7787884859118, -3118.1298382896225
1503.768452449968, -1230.7525283699094
819.2936217764933, -1048.4678713642663
1.1832789328732813, -1.431827044135924
5.246580855133232, -1.4773005958114567
3.9085673229841196, -2.528429529758112
27.521129268876553, 2.4921292218653703

7.113427189562831e-05, 0.008318823336913753
-7811.09241326641, -17294.958387040304
-482.87132586149795, -3125.20193011905
1507.1819052419673, -1233.5458543110103
821.1792820837029, -1050.8800949390695
2.6200933892891043, -2.1312811708948156
6.192939783240971, -1.3688481902230425
5.284759822601699, -2.755315638690673
27.320474858515347, 2.593510779723204

1.4422027478075052e-05, 0.008347045761019752
-7828.767459487875, -17334.093701019938
-483.9638631271356, -3132.2740212368753
1510.5953565649932, -1236.3391790498347
823.0649398983493, -1053.2923153240395
3.5296927313061897, -2.3779141235631447
6.962601842934843, -1.2205209642633856
6.47763061045483, -2.8844550760864696
27.11030080949616, 2.6939913169271685

-2.3883515089192847e-05, 0.008363777222676517
-7846.442505701145, -17373.22901498142
-485.0564002833202, -3139.3461116463045
1514.0088064256765, -1239.132502591805
824.9505952318391, -1055.704532533827
4.10281408336059, -2.3940017005199077
7.589388571781488, -1.0467178097741239
7.538218829681328, -2.9538526308213986
26.890471237010722, 2.7935150854653554

-4.692681837991212e-05, 0.008372369339649332
-7864.117551906262, -17412.36432892485
-486.1489373305442, -3146.4182013505288
1517.4222548306404, -1241.9258249423133
826.8362480955019, -1058.1167465828917
4.397803276685413, -2.2464168790900736
8.0941191319686, -0.8558142985178786
8.495811983572086, -2.9824696267132045
26.660840876112967, 2.8920234652367065

-5.5581869029479524e-05, 0.008374252497453457
-7881.7925981032595, -17451.499642850304
-487.2414742692972, -3153.490290352711
1520.83570178642, -1244.71914610671
828.7218985005765, -1060.528957485613
4.4280478547907345, -1.9630041331901966
8.490427166396586, -0.6532612346297834
9.369203930752258, -2.981278737445629
26.421254458246416, 2.98945468962496

-4.912307263491374e-05, 0.008369983812965826
-7899.4676442921755, -17490.634956757865
-488.33401110006537, -3160.562378656008
1524.2491472994811, -1247.5124660903136
830.6075464582505, -1062.941165256357
4.1750056558814475, -1.5539588121150492
8.787498768814377, -0.44293132339501323
10.17137455012865, -2.957262701618034
26.171546020329234, 3.0857435403292874

-2.4614800071780527e-05, 0.008359496392111618
-7917.142690473045, -17529.7702706476
-489.4265478233447, -3167.634466263672
1527.6625913762805, -1250.3057848984072
832.4931919795989, -1065.3533699092645
3.5748773494892156, -1.0167689300670528
8.9915036230162, -0.22779511637188182
10.911766793818584, -2.9151710187425532
25.911538138032583, 3.1808210069616236

2.67756305958546e-05, 0.008342040339354515
-7934.817736645905, -17568.9055845196
-490.51908443960446, -3174.70655317866
1531.0760340232252, -1253.0991025362594
834.3788350756685, -1067.7655714584428
2.441033174045632, -0.33482434686957346
9.106387296755159, -0.010302617920973495
11.597521277487957, -2.8583980963248807
25.641041073267534, 3.274613905922554

0.0001360397800209207, 0.008369109034573375
-7952.4927828107875, -17608.04089837395
-491.6116209493176, -3181.7786394040627
1534.4894752466848, -1255.8924190091109
836.2644757573771, -1070.177769917964
0.12300095760541317, -0.5866548464818205
9.13431135069873, 0.20737476975077096
12.234200860502439, -2.7894648761382532
25.359851823706254, 3.367044451604923

4.4821285016647555e-05, 0.008447785522994421
-7970.167828967731, -17647.176212210717
-492.7041573529576, -3188.850724942943
1537.9029150529982, -1258.6857343220888
838.1501140356233, -1072.589965301678
2.035549341868365, -1.920008943887644
9.07587263146891, 0.4231684242000274
12.826242381208193, -2.7103021518572836
25.067753054619917, 3.4580297689547734

-6.464488500926586e-06, 0.008482630023857981
-7987.84287511677, -17686.311526029982
-493.79669365099403, -3195.9228097983446
1541.31635344849, -1261.479048480339
840.0357499211821, -1075.0021576234124
3.1397024714398167, -2.33376516334
8.93016057797788, 0.6349612365008542
13.377252265363724, -2.622426704506891
24.76451189901998, 3.547481345520906

-3.772492734508856e-05, 0.008503342454947728
-8005.51792125794, -17725.44683983182
-494.8892298438939, -3202.994893973286
1544.7297904393474, -1264.2723614889726
841.9213834247989, -1077.4143468969546
3.8533461069555375, -2.449676548529517
8.694667303892562, 0.8404300880224465
13.890207934226645, -2.527055770183714
24.44987862896188, 3.6353044282135634

-5.345642953212475e-05, 0.008515124271435432
-8023.192967391272, -17764.582153616317
-495.98176593212105, -3210.066977470769
1548.1432260317702, -1267.0656733530573
843.8070145571115, -1079.826533135878
4.27193202356855, -2.375898419666181
8.365025682046433, 1.0368482761660922
14.367599128911063, -2.4251841996787005
24.123585159188274, 3.7213973336278006

-5.498976159155246e-05, 0.008519996245703406
-8040.868013516807, -17803.717467383518
-497.0743019161363, -3217.1390602937786
1551.556660231921, -1269.858984077637
845.6926433287176, -1082.2387163537308
4.425286539451268, -2.153719600004592
7.934505020918755, 1.2207979998146528
14.811529818559128, -2.317638146000181
23.785343356434005, 3.805650657783346

-4.1989029582981085e-05, 0.008518836660199956
-8058.543059634574, -17842.852781133555
-498.1668377963974, -3224.2111424452746
1554.9700930459144, -1272.6522936677225
847.5782697501161, -1084.6508965640298
4.309296011785026, -1.8001400688406324
7.393107294684718, 1.3876992673866897
15.223793432797871, -2.205113430545664
23.434843125297824, 3.8879463704163673

-1.2356681221133825e-05, 0.008511872434125016
-8076.218105744609, -17881.98809486645
-499.25937357335874, -3231.283223928198
1558.3835244798308, -1275.4456021282979
849.4638938317595, -1087.0630737800768
3.8844068808890198, -1.317906376447834
6.7259175228644486, 1.5309503153456907
15.60592950794987, -2.0882036038269245
23.07175023421313, 3.9681567728378595

3.953214087675236e-05, 0.008498727582302582
-8093.893151846947, -17921.12340858231
-500.35190924747224, -3238.3553047454734
1561.7969545397455, -1278.2389094643531
851.3495155840099, -1089.4752480151476
3.039580957271735, -0.6959982081263076
5.909879110879449, 1.6401629049043371
15.959267067313812, -1.9674208895095404
22.695703837215415, 4.04614329317611

0.00013457105385048068, 0.008478674733439622
-8111.5681979416195, -17960.258722281196
-501.4444448191874, -3245.4273849000065
1565.210383231651, -1281.032215680741
853.2351350171828, -1091.8874192824987
1.3483162413590506, 0.08636526136120973
4.90670106529434, 1.6969364164281162
16.284958330403676, -1.843212099844299
22.30631363737588, 4.121755086203779

0.00015427983613084637, 0.008575732086946864
-8129.243244028659, -17999.39403596319
-502.5369802889486, -3252.49946439468
1568.6238105614773, -1283.8255207823393
855.1207521415026, -1094.2995875951622
1.315615390303271, -1.5584679228536487
3.6439209056655564, 1.6620496866811636
16.58400522421303, -1.7159709279396256
21.903156622733544, 4.194827394210957

0.00011400770554036355, 0.008629022762595967
-8146.9182901081, -18038.52934962835
-503.6295156571996, -3259.571543232371
1572.037236535144, -1286.6188247739947
857.0063669671491, -1096.711752966154
2.6734411659415356, -2.222278200394689
1.9421076746043344, 1.414467756420946
16.857280429530807, -1.586047580469894
21.485773280371337, 4.265179614151216

9.733253998840476e-05, 0.008688743573103888
-8164.593336179979, -18077.664663276773
-504.72205092438014, -3266.643621415909
1575.450661158537, -1289.4121276605235
858.8919795042087, -1099.1239154084567
3.5434356928011095, -2.4612785573293285
0.2241718309880979, -0.7028336749925858
17.105544408655938, -1.4537564075604101
21.05366321663501, 4.33261304462211

3.7402792748740674e-05, 0.00871764321086318
-8182.268382244324, -18116.799976908507
-505.81458609092743, -3273.71569894813
1578.8640844374984, -1292.2054294467073
860.77758976273, -1101.536074934873
4.089853653783325, -2.472003299935408
2.623442789334798, -1.4240082638092793
17.32945921913328, -1.3193820359415562
20.606280055405048, 4.396908224398589

2.990654098442275e-06, 0.008729706274439173
-8199.94342830117, -18155.935290523637
-506.90712115727644, -3280.7877758318477
1582.277506377834, -1294.9987301373005
862.6631977526688, -1103.9482315581467
4.3641337700006675, -2.3169246866816557
4.151338098065796, -1.5196820009919585
17.529599711779266, -1.183184403723619
20.143025454847546, 4.457821741638824

-1.364004073671609e-05, 0.008733105078180828
-8217.61847435055, -18195.070604122233
-507.999656123858, -3287.8598520698556
1585.690926985346, -1297.7920297370226
864.5488034839418, -1106.360385290995
4.376148619283685, -2.021930350095264
5.316741356053551, -1.4756433364821906
17.70646267858627, -1.0454029238995222
19.663242048125884, 4.515082398024699

-1.330389658770813e-05, 0.008729300034538727
-8235.293520392484, -18234.205917704367
-509.092190991101, -3294.9319276649253
1589.104346265769, -1300.5853282506102
866.4344069663714, -1108.7725361459986
4.104117024984748, -1.595600146427423
6.249554349771882, -1.3654191863577338
17.860474336402692, -0.9062599734554218
19.166205053720446, 4.568386563738169

6.492308715624059e-06, 0.00871844389507838
-8252.968566427024, -18273.341231270115
-510.1847257594315, -3302.0040026198167
1592.5177642247627, -1303.378625682706
868.3200082097525, -1111.1846841356385
3.478202485010883, -1.0328928632358556
7.008605856197182, -1.2164603343795288
17.991996432440008, -0.7659638644859559
18.6511122322246, 4.6173925007688466

5.526345996020468e-05, 0.008699679290997069
-8270.643612454187, -18312.47654481953
-511.27726042927264, -3309.0760769372687
1595.931180867984, -1306.1719220379168
870.2056072237691, -1113.5968292723696
2.2892333201134694, -0.3116756141422338
7.626556846353466, -1.0425763417907248
18.101331202652812, -0.6247114106757181
18.1170717695207, 4.661713362308737

0.00014141255669103642, 0.008740911721323213
-8288.318658474014, -18351.61185835269
-512.3697950010451, -3316.1481506200057
1599.3445962010546, -1308.9652173208412
872.0912040180998, -1116.008971568562
0.35508142384602076, -0.8527834783647688
8.123603111877266, -0.8518840250003026
18.1887253546967, -0.48269017888790333
17.563087530553883, 4.700908467763549

5.298697349504094e-05, 0.00881187970931678
-8305.993704486524, -18390.747171869676
-513.4623294751669, -3323.2202236707253
1602.7580102295638, -1311.7585115360532
873.9767986022986, -1118.4211110364406
2.114348898994888, -2.0203094660579377
8.513001316503798, -0.6497041275377566
18.25437318130761, -0.34008049915433264
16.9880409216578, 4.734472287395758

-2.47547313986074e-07, 0.008846133221112497
-8323.66875049176, -18429.882485370534
-514.5548638520545, -3330.292296092119
1606.1714229590598, -1314.5518046880966
875.8623909859199, -1120.8332476881912
3.1677419270391187, -2.420286302519226
8.80368679393339, -0.43983920265248744
18.298418957998535, -0.19705726484983524
16.390668355889595, 4.761820418064202

-3.435868734508526e-05, 0.008866500534079596
-8341.343796489753, -18469.017798855348
-515.6473981321174, -3337.364367886853
1609.5848343950722, -1317.3450967814854
877.7479811783962, -1123.2453815359884
3.8503190040965736, -2.5302720483496186
9.001648456588036, -0.22522056758624454
18.32095876915335, -0.05379155289122505
15.76953298738584, 4.782271550329948

-5.3412063933301574e-05, 0.008877772226294534
-8359.01884248052, -18508.153112324195
-516.7399323157671, -3344.4364390575856
1612.9982445431187, -1320.1383878207043
879.6335691891513, -1125.657512591807
4.2462430831191575, -2.4498996196291585
9.110690427481762, -0.008276146919003425
18.322041699940783, 0.08954783957546149
15.122988753585211, 4.795023826175514

-5.864317580208099e-05, 0.0088818315811867
-8376.693888464106, -18547.288425777115
-517.832466403411, -3351.5085096069497
1616.4116534085929, -1322.9316778102102
881.51915502751, -1128.0696408675967
4.380901380751545, -2.217937279210674
9.132853924217214, 0.20883430983392473
18.30167043896795, 0.2327929066920674
14.44913396839525, 4.799123345483609

-4.9707981793364324e-05, 0.008879444699850409
-8394.368934440536, -18586.4237392142
-518.925000395454, -3358.580579537565
1619.8250609969045, -1325.7249667544756
883.4047387027621, -1130.4817663752726
4.247058690380253, -1.8497552643051198
9.068624548743454, 0.4240465118559373
18.259801319364257, 0.3757749606191898
13.745750446948435, 4.793421439897784

-2.449868793244637e-05, 0.008870679304854147
-8412.04398040984, -18625.5590526355
-520.0175342922986, -3365.652648852058
1623.2384673134288, -1328.5182546578817
885.2903202241266, -1132.8938891266373
3.8009866533241867, -1.346055584843605
8.916979164916436, 0.6352410524198608
18.19634380206174, 0.5183231360387885
13.010222159439621, 4.776515460446047

2.285109086482738e-05, 0.008854860933966644
-8429.71902637205, -18664.6943660411
-521.1100680943435, -3372.724717553106
1626.6518723635122, -1331.311541524777
887.1758996007604, -1135.306009133383
2.9206885819995194, -0.6919016166650843
8.675283870274509, 0.8400842236090059
18.111159386936112, 0.6602628346427104
12.239424203804667, 4.746664672860041

0.00011691357026111349, 0.008830828458579645
-8447.39407232719, -18703.829679431037
-522.2026018019869, -3379.7967856431665
1630.0652761524607, -1334.1048273595068
889.0614768417819, -1137.718126407161
1.0926971841812139, 0.13799331106058405
8.339017280706884, 1.0358262367378324
18.00405991768593, 0.8014140695792779
11.42956751394187, 4.70166731179724

0.00010914006874670322, 0.008933345260658811
-8465.069118275296, -18742.9649928054
-523.2951354156235, -3386.868853124793
1633.4786786855507, -1336.8981121663908
890.9470519562144, -1140.1302409596176
1.4329246604883021, -1.6798078132142222
7.901243073455222, 1.219004785747777
17.87480521444566, 0.941589661434261
10.575975324635609, 4.638674589223624

5.798830658437092e-05, 0.008979652453114302
-8482.744164216398, -18782.100306164248
-524.3876689356446, -3393.9409200005234
1636.8920799680636, -1339.6913959497172
892.8326249530787, -1142.5423528021881
2.719511462348619, -2.3130780701144453
7.3516647405102535, 1.384955903351313
17.72309993909971, 1.080593240328433
9.67275006293263, 4.553897599286867

3.0511417085480567e-05, 0.009007190212766471
-8500.419210150514, -18821.235619507646
-525.4802023624405, -3401.012986272882
1640.3054800052018, -1342.4846787137535
894.7181958412723, -1144.9544619463102
3.5520575319305157, -2.544248393695059
6.674896983645897, 1.5269166013009507
17.54858971314237, 1.2182170607916851
8.71225613847629, 4.442122697353506

2.0285582540904424e-05, 0.009024510084070715
-8518.094256077682, -18860.370932835664
-526.5727356963979, -3408.0850519443734
1643.7188788021117, -1345.2779604627349
896.6037646296982, -1147.366568403369
4.072919694943925, -2.548937162285291
5.847062409638998, 1.6341641950483194
17.35085630410296, 1.3542395147993966
7.68427514736019, 4.295858324479973

2.5760967151420986e-05, 0.009034705986743002
-8535.769301997934, -18899.506246148354
-527.6652689379035, -3415.1571170174907
1647.1322763639394, -1348.0712412008756
898.4893313271587, -1149.778672184667
4.327325207086757, -2.3856228233284424
4.828217988638604, 1.6874961780753528
17.12941167484342, 1.4884222255140391
6.574534922863052, 4.103707362667179

4.7777576478136827e-05, 0.00903957383352123
-8553.444347911292, -18938.641559445783
-528.7578020873713, -3422.2291814947084
1650.5456726958002, -1350.8645209323606
900.3748959424255, -1152.1907733013775
4.3217601434968635, -2.0784476859266454
3.5417341734031664, 1.6452104615260839
16.883690692732234, 1.6205066238090062
5.361927273492189, 3.8469083653420326

9.042256354567292e-05, 0.0090414482639506
-8571.119393817786, -18977.776872728016
-529.8503351451493, -3429.3012453784863
1653.9590678027714, -1353.6577996614144
902.260458484211, -1154.6028717646511
4.031047769444406, -1.6341747624417837
1.7916541996546316, 1.372666078770168
16.613042216177696, 1.7502098635809393
4.0126314351084185, 3.490757285534604

0.0001446750586686594, 0.009064658190304753
-8588.794439717447, -19016.912185995112
-530.9428681116148, -3436.373308671271
1657.3724616899044, -1356.451077392105
904.1460189611531, -1157.0149675856185
3.3789799565869356, -1.0448291131316412
0.4754933453199264, -0.8467313897723135
16.316718183082358, 1.8772198836840792
2.465740734290599, 2.9574452366950834

0.00017695153223554552, 0.009057499944979902
-8606.469485610298, -19056.047499247143
-532.0354009871434, -3443.4453713754906
1660.7858543622199, -1359.2443541285404
906.0315773818826, -1159.4270607752485
2.1300135358056105, -0.2817932862266316
2.7552067758998433, -1.4409027364587663
15.993860202092119, 2.0011893604661006
0.5954207036439293, 1.9886245614759261

0.0002341989381811639, 0.009121573533274082
-8624.144531496373, -19095.18281248417
-533.1279337721081, -3450.51743349356
1664.1992458247428, -1362.0376298748006
907.9171337549138, -1161.839151344465
0.5510272925986223, -1.0595579663099755
4.247644850368866, -1.5226984462739273
15.643483000073026, 2.1217281795167113
-0.46563393657690005, -0.94134350466863

0.0001351745464997951, 0.009193814640698171
-8641.819577375702, -19134.31812570623
-534.2204664668794, -3457.5894950278807
1667.6126360824233, -1364.8309046349443
909.8026880887633, -1164.2512393041409
2.1851790924638475, -2.1186897793086708
5.392470773483343, -1.4733539695243083
15.264453777704887, 2.2383939514044866
1.592912921654761, -2.5481437633416837

7.038313926543376e-05, 0.009230732274961103
-8659.494623248296, -19173.45343891341
-535.3129990718264, -3464.661555980838
1671.0260251401585, -1367.6241784130054
911.6882403918635, -1166.6633246651447
3.190941475168244, -2.5056574163691625
6.3108561195467185, -1.3603724643859607
14.85546631447082, 2.350679990514427
3.279353481850421, -3.2362663584956968

2.5580357483072328e-05, 0.009252945534618666
-8677.1696691142, -19212.588752105778
-536.4055315873159, -3471.7336163548034
1674.4394130028443, -1370.417451212992
913.573790672595, -1169.07540743815
3.843578414435639, -2.6094236441391643
7.058658240035646, -1.209860320106902
14.415008204215795, 2.457999878982155
4.7174364557181265, -3.6639300885789656

-3.443887848675376e-06, 0.009265373216609576
-8694.844714973435, -19251.72406528336
-537.4980640137112, -3478.805676152132
1677.8527996753455, -1373.2107230388874
915.4593389393176, -1171.4874876338235
4.217392989965448, -2.5220271739205815
7.667238918332617, -1.0350688567927866
13.941318744029829, 2.5596671512980347
5.993415288379059, -3.9625444702408523

-1.8092609808949013e-05, 0.009269990838793284
-8712.51976082603, -19290.85937844625
-538.5905963513738, -3485.8777353751825
1681.2661851625037, -1376.00399389465
917.3448852002889, -1173.899565262781
4.333648483694046, -2.279786905250162
8.156121372033224, -0.8438511312827884
13.43233405204709, 2.654868107497385
7.151867573150127, -4.182360627792112

-1.8119972012486248e-05, 0.009267590745357076
-8730.194806672007, -19329.99469159449
-539.6831286006646, -3492.949794026252
1684.679569469125, -1378.7972637842165
919.2304294637685, -1176.3116403356091
4.182036769642424, -1.8963719868074285
8.538165994115628, -0.641388267140681
12.885614351552755, 2.742624717373311
8.219185755175276, -4.348370924146607

-1.3922658513831347e-06, 0.00925819193139827
-8747.869852511396, -19369.130004728133
-540.775660761941, -3500.0218521076704
1688.0929525999884, -1381.5905327115543
921.115971737924, -1178.7237128627232
3.714447031156384, -1.3702376826373672
8.82205101530463, -0.4314024726597294
12.298245753049608, 2.8217428422464153
9.212573998127827, -4.4749842437660945

3.839371492359277e-05, 0.009240934225478144
-8765.544898344231, -19408.265317847265
-541.8681928355578, -3507.093909621734
1691.5063345598448, -1384.3838006805058
923.0015120308872, -1181.1357828545354
2.7965430584157187, -0.6819331496560748
9.013583124718119, -0.2167769626815477
11.666704577243436, 2.890738041296125
10.14402868576969, -4.571336316688043

0.0001316769648721001, 0.00921464123173644
-8783.219944170525, -19447.400630951917
-542.9607248218682, -3514.165966570731
1694.9197153534792, -1387.1770676949225
924.8870503507615, -1183.5478503214108
0.7889540075222962, 0.1943359297087332
9.11642597098079, 8.84097850155221e-05
10.986664918620278, 2.947725937564734
11.022337232752518, -4.643618850454954

9.482905268410232e-05, 0.00932515714018594
-8800.894989990305, -19486.535944042156
-544.0532567212235, -3521.238022956935
1698.333094985521, -1389.9703337586473
926.7725867055528, -1185.959915273663
1.5398369901745008, -1.7973272478200384
9.132502112591926, 0.21704782348701684
10.252716920227076, 2.99025415428439
11.854182175319414, -4.696241076949897

3.702799463543977e-05, 0.009369583017011086
-8818.570035803605, -19525.671257118043
-545.1457885339722, -3528.3100787826024
1701.7464734606324, -1392.7635988754953
928.6581211032701, -1188.3719777214633
2.7607485280288437, -2.4032268154505365
9.062186429927117, 0.4320394566586954
9.457938161611034, 3.0150334670874948
12.644796968580268, -4.732465257380081

9.784951896407608e-07, 0.009395812851116361
-8836.245081610448, -19564.806570179633
-546.2383202604618, -3535.3821340499776
1705.1598507834478, -1395.5568630492626
930.5436535518421, -1190.7840376749693
3.557131240165182, -2.6262389362193495
8.90434281011107, 0.6429357200499546
8.59321066548245, 3.017485314128515
13.398378754977443, -4.754779815791434

-1.9171731812191375e-05, 0.009411435008296137
-8853.92012741086, -19603.94188322698
-547.3308519010366, -3542.4541887612927
1708.5732269585783, -1398.350126283722
932.4291840591449, -1193.196095144292
4.052860667554805, -2.624300669943355
8.656210903310097, 0.8473825558408856
7.646064834623697, 2.9909249726746463
14.118359994539718, -4.765130729474108

-2.521001073582159e-05, 0.00941912471001463
-8871.595173204872, -19643.07719626015
-548.4233834560395, -3549.5262429187624
1711.986601990601, -1401.14338858262
934.3147126330497, -1195.6081501395072
4.2874652813295775, -2.4520911802812417
8.313114611673944, 1.0425933901198148
6.598566248840503, 2.924945012357269
14.807593931694793, -4.765071613005665

-1.713422603907109e-05, 0.009420036483885542
-8889.270218992498, -19682.212509279198
-549.5159149258108, -3556.5982965245994
1715.3999758840725, -1403.9366499496862
936.2002392813177, -1198.0202026705358
4.26417453556475, -2.1318751659556674
7.867912365717134, 1.2250447016897312
5.423035892291651, 2.80179305323026
15.46848532799636, -4.755864747703115

6.670237703345544e-06, 0.009414548906046828
-8906.945264773773, -19721.347822284177
-550.6084463106897, -3563.67034958099
1718.8133486435179, -1406.7299103886237
938.08576401171, -1200.4322527472925
3.954377401795451, -1.668511830525589
7.310012634160645, 1.389969898001185
4.071984099400168, 2.5866288806852307
16.103085103893985, -4.738551234843855

5.061075655277862e-05, 0.009402420052328395
-8924.62031054872, -19760.483135275143
-551.700977611013, -3570.742402090112
1722.2267202734415, -1409.5231699031162
939.9712868319325, -1202.8443003796312
3.2747981682761678, -1.0507897749568134
6.623563712551414, 1.5304206139639793
2.448021265519958, 2.1916690517963424
16.71316043784676, -4.7140010134185495

0.00012842296499300586, 0.009383002415800538
-8942.29535631735, -19799.61844825215
-552.7935088271149, -3577.814454054134
1725.640090778375, -1412.3164284968914
941.8568077496192, -1205.2563455774136
1.957721680988967, -0.2423853456158715
5.7838663825621905, 1.63530115305803
0.26963580865148906, 1.1928833630881306
17.300247727794343, -4.6829493441572385

0.00019862444211904984, 0.009454546613542596
-8959.970402079718, -19838.75376121524
-553.8860399593284, -3584.886505475208
1729.0534601627007, -1415.1096861735225
943.7423267724015, -1207.6683883503108
0.7235011081758016, -1.2401460662827084
4.749305516039844, 1.684527511331108
1.0682035637416643, -1.6438031375897089
17.86569330125008, -4.646023956330606

0.00013860501843842218, 0.009521824149976314
-8977.64544783582, -19877.889074164497
-554.9785710079832, -3591.9585563554706
1732.4668284308382, -1417.9029429366244
945.6278439078277, -1210.080428707999
2.2499493019379284, -2.217439018723267
3.4389584599082523, 1.6336522346215787
3.0122943440573464, -2.3237816615687987
18.410685163978997, -4.60376560061572

0.00011356019184384198, 0.00956309052916127
-8995.320493585697, -19917.024387099955
-556.071101973409, -3599.030606697054
1735.8801955871802, -1420.6961987897944
947.5133591634044, -1212.4924666601034
3.2103223107711214, -2.591401800744427
1.6389590704909989, 1.3321986136179023
4.531874698987335, -2.640999598954163
18.93627817753693, -4.5566438600647325

9.292162002202646e-05, 0.009619084399586192
-9012.99553932937, -19956.159700021664
-557.1636328559322, -3606.1026565020693
1739.2935616360974, -1423.489453736608
949.3988725466371, -1214.9045022162404
3.833880817716093, -2.6881666313284627
0.694750772574266, -0.9492490641126764
5.8184777243311245, -2.8179908396871407
19.443414297536872, -4.505069481787516

4.0994095188440064e-05, 0.00964039311051869
-9030.670585066855, -19995.295012929717
-558.2561636558779, -3613.174705772624
1742.7069265819293, -1426.2827077806166
951.2843840649181, -1217.3165353858722
4.186052165265458, -2.592881143847872
2.8760552553767678, -1.4557292243126476
6.947650766521291, -2.917393698987726
19.932938924544693, -4.4494041207111925

1.177667028974646e-05, 0.009647797528331881
-9048.345630798187, -20034.430325824116
-559.3486943735688, -3620.24675451092
1746.1202904289942, -1429.0759609253562
953.1698937256402, -1219.7285661784374
4.284180922244909, -2.339437287216049
4.33672340663577, -1.525202054572167
7.958848145420268, -2.9666672108415377
20.405614262647973, -4.3899681325050155

3.394314018969128e-07, 0.009646375738975203
-9066.020676523389, -20073.56563870494
-560.4412250093233, -3627.318802718939
1749.5336531815801, -1431.8692131743385
955.0554015361611, -1222.1405946033274
4.11493654738721, -1.9396537739351178
5.462806748329785, -1.4715328212802603
8.875981779104842, -2.9805570232783043
20.86213035155312, -4.327046863403621

7.542053897431691e-06, 0.00963684674490523
-9083.69572224248, -20112.70095157223
-561.5337555634659, -3634.390850398729
1752.9470148439561, -1434.6624645310546
956.9409075037512, -1224.552620669916
3.625608422395627, -1.3896155342125582
6.367688680472356, -1.356750963334577
9.714943570887844, -2.9679960812558557
21.303114244328786, -4.260895776564589

3.967215602161492e-05, 0.009618404719473098
-9101.370767955485, -20151.836264426045
-562.6262860363117, -3641.462897552341
1756.3603754204087, -1437.4557149989769
958.8264116356786, -1226.9646443874892
2.6678691046612366, -0.6647798451073551
7.104814476344611, -1.2054902647435015
10.486980325860522, -2.934851482484031
21.729137696902455, -4.191744665724535

0.00013669644279511162, 0.009591047277124273
-9119.045813662426, -20190.971577266442
-563.7188164281758, -3648.534944181821
1759.7737349151323, -1440.2489645815556
960.7119139391572, -1229.376665765237
0.3945540312036371, 0.23890961265154276
7.7044420051292954, -1.030476520416031
11.20042235572758, -2.885208060678651
22.140723656575084, -4.119801145936868

6.79484622814221e-05, 0.009709151389544134
-9136.720859363331, -20230.106890093473
-564.8113467393719, -3655.6069902891963
1763.187093332295, -1443.0422132822496
962.5974144213365, -1231.7886848123355
1.6344417804949738, -1.9118570894128588
8.185493467192268, -0.8393245377840347
11.861655787247186, -2.822038408837389
22.538351764122886, -4.045253566302601

4.626867650024276e-06, 0.009752199810118926
-9154.395905058222, -20269.24220290718
-565.903876970212, -3662.6790358764833
1766.6004506760655, -1445.8354611044845
964.4829130893625, -1234.200701537908
2.7952236111198396, -2.493421968581484
8.560461286721411, -0.6370938731948673
12.47570929420384, -2.74758241930234
22.922463048635365, -3.9682734534489246

-3.8157764830006715e-05, 0.009777611229923893
-9172.070950747118, -20308.377515707616
-566.9964071210062, -3669.751080945692
1770.0138069505879, -1448.6287080516101
966.3684099503122, -1236.6127159510856
3.5574523444687025, -2.7080964405900283
8.837777110636495, -0.4274405323376386
13.04662851768954, -2.6635762690548246
23.29346400755931, -3.889017570699535

-6.565507244405925e-05, 0.009792256027968474
-9189.745996430047, -20347.51282849484
-568.0889371920625, -3676.823125498816
1773.4271621599823, -1451.4219541269988
968.2539050112165, -1239.0247280608132
4.029304542108584, -2.698960986764572
9.023068042825775, -0.21321032540323262
13.577725229065553, -2.5713976210819958
23.651730129549595, -3.8076296712480375

-7.956015327841247e-05, 0.009798612091806078
-9207.421042107033, -20386.6481412689
-569.1814671836872, -3683.8951695378382
1776.8405163083414, -1454.2151993340017
970.1393982790977, -1241.4367378760544
4.245111064113925, -2.517182050988556
9.119855729777017, 0.003218000153364891
14.07174915890544, -2.4721616193704783
23.99760894206503, -3.724242000886633

-7.991014798875193e-05, 0.00979768580202454
-9225.096087778094, -20425.783454029854
-570.2739970961853, -3690.967213064731
1780.2538693997396, -1457.0084436759525
972.0248897609065, -1243.8487454057158
4.204988521865081, -2.18316585754726
9.129940946232479, 0.2197094749641715
14.531010152293307, -2.3667865708521414
24.331422665991667, -3.63897659073672

-6.518400837248569e-05, 0.009789645349155681
-9242.771133443253, -20464.918766777733
-571.3665269298596, -3698.039256081453
1783.6672214382256, -1459.8016871561638
973.9103794635524, -1246.2607506586853
3.876871930852516, -1.699780410044216
9.05358502273686, 0.43420542700690806
14.957467230710169, -2.256040216295476
24.653470538216926, -3.5519463746751048

-3.103630265589903e-05, 0.009773819308817227
-9260.446179102535, -20504.054079512603
-572.459056685011, -3705.1112985899554
1787.080572427825, -1462.594929777936
975.795867393938, -1248.6727536437795
3.1699646839513846, -1.052279228005988
8.889534891778137, 0.6445737208120983
15.352794932953836, -2.140573153257326
24.96403085141965, -3.463256159689725

3.716484796721484e-05, 0.009748087474150128
-9278.12122475596, -20543.18939223451
-573.5515863619398, -3712.183340592175
1790.4939223725862, -1465.3881715445398
977.6813535588909, -1251.0847543697107
1.7783691196060771, -0.19548340637491646
8.634897772307523, 0.8484462237894546
15.718433647172674, -2.0209435094918753
25.26336275149817, -3.373003472219487

8.381889752818184e-05, 0.00982075657585843
-9295.796270403556, -20582.3247049435
-574.6441159609432, -3719.2553820900425
1793.9072712764666, -1468.1814124592354
979.5668379652025, -1253.4967528451878
0.8688489323793522, -1.3986280295666271
8.284833378450841, 1.043008043220624
16.055628396427743, -1.8976355111728191
25.5517078246666, -3.281279299700841

2.0176482070606772e-05, 0.009879871925271733
-9313.471316045338, -20621.46001763962
-575.7366454823173, -3726.327423085473
1797.3206191433992, -1470.9746525252604
981.4523206196578, -1255.9087490788618
2.3037294016097345, -2.314053211620518
7.83197742683823, 1.2246825795732046
16.365459093719405, -1.7710736980056356
25.82929149453234, -3.1881687426398386

-1.7124387271914872e-05, 0.009912832144381722
-9331.146361681338, -20660.595330322925
-576.829174926357, -3733.39946358037
1800.7339659773206, -1473.7678917458354
983.3378015289662, -1258.3207430793839
3.2222967673831815, -2.6761573137667103
7.265411596507489, 1.3886051738320953
16.64886457364959, -1.6416339486366305
26.09632427910357, -3.0937515837529754

-3.7113582857976044e-05, 0.009933143590863655
-9348.821407311561, -20699.73064299347
-577.9217042933553, -3740.4715035766285
1804.1473117821427, -1476.5611301241622
985.2232806998018, -1260.732734855284
3.8186687167357434, -2.7658780730385755
6.5687626917394715, 1.527639745214498
16.906661873086556, -1.5096521593061683
26.353002928549493, -2.9981027881125115

-4.218048588615061e-05, 0.00994474725439026
-9366.49645293605, -20738.86595565128
-579.0142335836022, -3747.5435430761318
1807.5606565617602, -1479.3543676634924
987.1087581388298, -1263.1447244150472
4.150553179267861, -2.662362487496213
5.7164044003706245, 1.63029693068037
17.13956171163114, -1.3754312086106049
26.59951143582592, -2.9012929511911287

-3.236191678956826e-05, 0.009949454779061347
-9384.171498554806, -20778.00126829642
-580.1067627973873, -3754.615582080756
1810.9740003200304, -1482.1476043669247
988.9942338526506, -1265.5567117671292
4.231712220307833, -2.3972672048523904
4.664803767987551, 1.6755277910931794
17.34818102805864, -1.2392466134932278
26.83602194086267, -2.8033886993379866

-5.651410654883327e-06, 0.009948427521289068
-9401.846544167869, -20817.136580928945
-581.1992919349983, -3761.687620592368
1814.3873430608057, -1484.9408402376087
990.879707847822, -1267.9686969199383
4.0457890398622895, -1.9806814199550113
3.327977152433917, 1.6157558869082103
17.533053184644785, -1.101351181046782
27.06269554246555, -2.7044530483821037

4.4069127872630895e-05, 0.009943784406196218
-9419.52158977524, -20856.27189354888
-582.2918209967224, -3768.7596586128166
1817.800684787909, -1487.7340752786724
992.7651801308939, -1270.3806798818907
3.5352529184713264, -1.4059794363051894
1.469565560271357, 1.2804807780768583
17.69463629190864, -0.9619788860664762
27.279683028746994, -2.604545725754601

9.853793321046567e-05, 0.009958435098292891
-9437.196635376962, -20895.407206156295
-583.3843499828431, -3775.831696143929
1821.2140255051445, -1490.5273094932286
994.6506507083606, -1272.7926606612564
2.536253241788367, -0.6427325601052553
0.9160299203259448, -1.0364968121508467
17.833319993292093, -0.8213481475306189
27.487125534841653, -2.5037234606159893

0.00019572758115025252, 0.00995443174998922
-9454.871680973047, -20934.54251875122
-584.4768788936433, -3782.9037331875475
1824.6273652162988, -1493.3205428843737
996.536119586663, -1275.204639266291
-0.14722365296698606, -0.052194079219227016
3.004284131389358, -1.4701709456049799
17.94943096714172, -0.6796646379596235
27.685155135210326, -2.4020402459625947

8.542436837080063e-05, 0.010067201518470624
-9472.546726563505, -20973.677831333705
-585.5694077294049, -3789.9757697454925
1828.0407039251904, -1496.1137754551894
998.4215867722341, -1277.616615705209
1.7175359971352704, -2.0219121296563856
4.431995357800898, -1.527539144099876
18.0432373302303, -0.5371237474027415
27.873895374722636, -2.2995475791294324

1.5997984830711505e-05, 0.010111054229875162
-9490.221772148372, -21012.81314390381
-586.6619364904078, -3797.0478058195745
1831.4540416354953, -1498.9070072087268
1000.3070522714738, -1280.028589986186
2.8232351956967405, -2.5819142146615977
5.538206594159666, -1.4689183570872073
18.114952121663876, -0.3939127425208506
28.053461748273786, -2.196294677727897

-3.234916767457e-05, 0.010137197557398798
-9507.896817727666, -21051.94845646156
-587.7544651769301, -3804.1198414115966
1834.8673783509316, -1501.7002381480338
1002.1925160907057, -1282.4405621174087
3.553112138639279, -2.7883627976294414
6.42886326019584, -1.351574039648344
18.164736079470604, -0.2502126606140479
28.2239621521521, -2.0923286692423138

-6.487019161925782e-05, 0.010152192278471122
-9525.571863301408, -21091.083769007015
-588.8469937892489, -3811.1918765233463
1838.2807140751975, -1504.4934682761373
1004.0779782362463, -1284.8525321069044
4.002062692196364, -2.7717646459579917
7.154751811340629, -1.1988848301874795
18.192699685822436, -0.10620005559913331
28.38549729180691, -1.9876947660018434

-8.339359821207491e-05, 0.010158498454091273
-9543.24690886961, -21130.21908154022
-589.9395223276383, -3818.263911156607
1841.6940488119703, -1507.2866975960471
1005.963438714405, -1287.2644999626993
4.199704965872438, -2.580020142011446
7.744942208874964, -1.0230544422547605
18.198904543397767, 0.03795135429368392
28.53816104881943, -1.8824364274984042

-8.804391883248709e-05, 0.010157106272661488
-9560.921954432297, -21169.35439406122
-591.0320507923726, -3825.335945313149
1845.1073825649078, -1510.0799261107559
1007.8488975313921, -1289.6764656927862
4.14317016483756, -2.2316693418968527
8.217724937801261, -0.8314480329618047
18.183364138606088, 0.18206910457952943
28.682040813375114, -1.7765955100087765

-7.729582989295413e-05, 0.010148121813673514
-9578.596999989493, -21208.48970657006
-592.1245791837238, -3832.4079789947327
1848.5207153376439, -1512.8731538232407
1009.734354693414, -1292.0884293051076
3.7968597133195274, -1.7274515054033421
8.58521334685935, -0.6289913474249662
18.14604401664088, 0.32598042930310844
28.817217785716803, -1.670212404878039

-4.654186679838376e-05, 0.01013070377056879
-9596.272045541215, -21247.625019066774
-593.2171075019618, -3839.4800122031097
1851.9340471337969, -1515.6663807365019
1011.6198102066721, -1294.5003908076137
3.0617528356221166, -1.0486517833327902
8.855588394182405, -0.4192632312977107
18.086861373284123, 0.46951069339677287
28.94376724929238, -1.5633261667984661

2.099898344046739e-05, 0.010102235759322632
-9613.947091087488, -21286.760331551417
-594.3096357473569, -3846.55204494002
1855.3473779569608, -1518.45960685347
1013.5052640772842, -1296.91235020813
1.5844925186246233, -0.1395826616458209
9.034296775205947, -0.20506402204900176
18.005684048854622, 0.6124817720690718
29.06175881776732, -1.4559746333503674

4.736257529565592e-05, 0.010184184812790839
-9631.622136628328, -21325.895644024033
-595.4021639201761, -3853.6240772072
1858.7607078107148, -1521.2528321770444
1015.3907163113482, -1299.3243075144503
0.9981972863567206, -1.5454734369560124
9.124718828223546, 0.01125304815472858
17.90232888350299, 0.7547103307190627
29.171256656676533, -1.3481945373841469

-1.7508424530007067e-05, 0.0102402827436494
-9649.297182163755, -21365.03095648467
-596.4946920206858, -3860.696109006369
1862.1740366986148, -1524.0460567101354
1017.2761669149487, -1301.7362627343452
2.3515718768363967, -2.409502486459097
9.128533711868325, 0.22756431904063215
17.776559350352297, 0.8960059551345602
29.27231967656992, -1.2400216136014912

-5.8430497022303313e-05, 0.010271904050274698
-9666.972227693783, -21404.166268933357
-597.5872200491498, -3867.7681403392403
1865.5873646242562, -1526.8392804556397
1019.1616158941275, -1304.1482158755396
3.2303411253512415, -2.75985216874769
9.045888340111567, 0.44181114882439837
17.628082485006267, 1.0361691465002716
29.36500171421932, -1.131490692770917

-8.329561819351678e-05, 0.010290793758210704
-9684.64727321844, -21443.301581370142
-598.6797480058509, -3874.8401712075197
1869.0006915911094, -1529.6325034164367
1021.0470632548694, -1306.5601669457456
3.8003443280904143, -2.842045034996818
8.875411725882518, 0.6518508669755695
17.45654500451939, 1.1749890996625103
29.449351702428327, -1.022635787464669

-9.4482218627423e-05, 0.010300499961128548
-9702.322318737746, -21482.43689379508
-599.7722758910477, -3881.9122016128954
1872.4140176026633, -1532.4257255953892
1022.9325090031433, -1308.9721159526143
4.112355788065307, -2.7297214230903313
8.614077313386792, 0.855292619194591
17.261528428649324, 1.312241143410351
29.52541381885319, -0.9134901759836452

-9.241192159694269e-05, 0.010302467726718188
-9719.997364251722, -21521.572206208202
-600.8648037049849, -3888.98423155706
1875.827342662396, -1535.2189469953425
1024.81795314492, -1311.3840629037052
4.176731177860004, -2.4523029826585017
8.256878804790604, 1.0492823542886118
17.042543046566344, 1.4476837679260415
29.593227617660876, -0.8040864826857949

-7.605198925823675e-05, 0.010297140592821177
-9737.672409760382, -21560.707518609568
-601.9573314479218, -3896.056261041684
1879.2406667737694, -1538.0121676191332
1026.7033956860687, -1313.7960078065762
3.974119075277984, -2.0179828688293258
7.796228841621499, 1.230178845359197
16.799020508488606, 1.5810551269622726
29.6528281456717, -0.694456754806121

-4.225152122127622e-05, 0.01028413602345781
-9755.347455263738, -21599.84283099921
-603.0498591201157, -3903.1282900684364
1882.6539899402233, -1540.8053874695772
1028.5888366324637, -1316.2079506687373
3.4418702532012353, -1.4172392486598997
7.220882590570834, 1.3930061780258223
16.530304750648845, 1.7120688645173026
29.704246043915518, -0.5846325362687503

1.7907037924631083e-05, 0.010261785031775116
-9773.022500761823, -21638.978143377157
-604.1423867218222, -3910.2003186389743
1886.0673121651814, -1543.5986065494765
1030.4742759899427, -1318.6198914976653
2.3981630746960767, -0.6128767479965188
6.513942372534214, 1.5304217636071409
16.235640869021005, 1.8404090665543773
29.747507635233735, -0.4746449390498524

0.00014345099089948615, 0.010275986583794874
-9790.697546254654, -21678.113455743467
-605.2349142532964, -3917.2723467549463
1889.4806334520497, -1546.391824861618
1032.3597137643146, -1321.03183030086
0.03297560373049272, -0.5633519999998471
5.648842200032489, 1.630509553717264
15.914161428571894, 1.9657240676435928
29.78263499813527, -0.3645247128277524

7.521102084215857e-05, 0.010368172631092276
-9808.372591742238, -21717.24876809819
-606.327441714792, -3924.3443744179917
1892.893953804213, -1549.1850424087697
1034.2451499614021, -1323.4437670856462
1.7921458174277871, -2.130444500634913
4.580085580838513, 1.6711727004607324
15.56486948738568, 2.087618729881202
29.809646023895663, -0.2543023146334931

4.490320834054796e-05, 0.010412931295109052
-9826.047637224616, -21756.38408044134
-607.4199691065611, -3931.416401629781
1896.3072732250384, -1551.9782591936903
1036.1305845869224, -1325.8557018593772
2.846283139130873, -2.670229661423314
3.2163915437893866, 1.6013697946953482
15.186617418422491, 2.2056447566944883
29.8285544593027, -0.14400797548022654

3.958117984336448e-05, 0.01044573705609892
-9843.72268270178, -21795.519392772992
-608.5124964288541, -3938.4884283919982
1899.7205917178778, -1554.7714752191287
1038.0160176465677, -1328.267634629361
3.5450637612770315, -2.868026068702026
1.2962481729268094, 1.2266229451642294
14.778080382077603, 2.3192884628536024
29.83936994838616, -0.03367175855575955

2.25182454923831e-05, 0.010495879509243732
-9861.397728173773, -21834.65470509315
-609.6050236819196, -3945.560454706154
1903.1339092860603, -1557.5646904878656
1039.9014491460189, -1330.6795654028695
3.9717891695681526, -2.8433114077143573
1.1138239424990355, -1.1051370969097971
14.337722601252924, 2.427954914895357
29.842098061091733, 0.07667638148773155

-1.3970882047922125e-05, 0.010509654762767792
-9879.072773640593, -21873.790017401898
-610.6975508660067, -3952.6324805738554
1906.5472259329656, -1560.3579050025512
1041.786879090929, -1333.0914941871633
4.151698483765565, -2.6408624082204724
3.123322161844609, -1.482822282062802
13.863753956323224, 2.5309470400748593
29.836740308516717, 0.1870065383234225

-2.9575671490017728e-05, 0.010511028873256929
-9896.74781910228, -21912.925329699232
-611.7900779813613, -3959.7045059966977
1909.960541661828, -1563.1511187658837
1043.6723074869183, -1335.5034209894504
4.078992596540916, -2.277272452717897
4.52114385915576, -1.5294054400852406
13.35407335686981, 2.6274376036415075
29.823294147931364, 0.29728879240910383

-2.672691379240756e-05, 0.01050309593257272
-9914.422864558825, -21952.060641985234
-612.882605028229, -3966.7765309762726
1913.373856475922, -1565.9443317805476
1045.5577343395744, -1337.915345816842
3.714462049714758, -1.7509483096244995
5.608940168128105, -1.466759160049373
12.806193555272928, 2.7164309142741554
29.80175297804356, 0.40749315010606546

-1.6781164879746296e-06, 0.010485509603288203
-9932.097910010269, -21991.19595425991
-613.9751320068531, -3973.8485555141547
1916.7871703785072, -1568.7375440492078
1047.4431596544882, -1340.3272686764537
2.949969132509092, -1.0387929309376713
6.486115576421242, -1.3476148300180566
12.217139340782467, 2.796709230925684
29.77210612248436, 0.5175894818271551

6.465508843396196e-05, 0.010455346489717366
-9949.772955456629, -22030.33126652332
-615.0676589174774, -3980.9205796119163
1920.2004833728274, -1571.5307555745208
1049.3285834371975, -1342.7391895753622
1.3711371078680075, -0.07283764087418536
7.201238871473044, -1.1941049561269719
11.583306508517012, 2.866755705728995
29.734338801140797, 0.6275474586577849

7.002504390359641e-05, 0.010547861230976376
-9967.448000897908, -22069.466578775508
-616.1601857603436, -3987.9926032711182
1923.6137954621106, -1574.3239663591273
1051.214005693163, -1345.1511085206073
1.1128900810405369, -1.6844138527272767
7.782333180804547, -1.017959041779599
10.900261138735926, 2.924640012520514
29.688432088211727, 0.7373364863198116

3.813366984475008e-06, 0.010602432148071193
-9985.123046334133, -22108.60189101651
-617.2527125356905, -3995.064626493315
1927.0271066495677, -1577.117176405653
1053.099426427855, -1347.5630255192298
2.3927439124617407, -2.5046429607180145
8.247110251536819, -0.8263215772339155
10.162444405180995, 2.96784216597263
29.63436285237559, 0.8469256353287969

-3.98109246217673e-05, 0.010633913680756986
-10002.798091765326, -22147.73720324635
-618.3452392437571, -4002.1366492800544
1930.4404169383831, -1579.9103857167115
1054.9848456467143, -1349.9749405781793
3.2337296656045207, -2.8432767287835716
8.607325839577573, -0.6240038489910062
9.362721572901105, 2.9929696773539876
29.572103691071717, 0.9562835762473337

-6.77416553721722e-05, 0.010652722309911133
-10020.473137191502, -22186.872515465075
-619.4377658847815, -4009.2086716328745
1933.8537263317355, -1582.7035942949012
1056.870263355154, -1352.3868537043552
3.7783989657822463, -2.9173734858871536
8.870918726654592, -0.41452102381023403
8.491658885272697, 2.9952774295180804
29.501622856628906, 1.0653785151716695

-8.21485437881927e-05, 0.010662185399419799
-10038.148182612678, -22226.00782767273
-620.530292459, -4016.2806935533017
1937.2670348327833, -1585.4968021428049
1058.7556795585576, -1354.798764904644
4.0712473853111195, -2.7955269858802523
9.04315696893652, -0.20063667509002334
7.536290681021045, 2.967792633575192
29.42288416706675, 1.174178123507687

-8.337600501298183e-05, 0.0106636590906645
-10055.823228028868, -22265.143139869353
-621.6228189666485, -4023.352715042858
1940.6803424446666, -1588.2900092629955
1060.6410942622783, -1357.210674185903
4.1193856866691005, -2.504961297044184
9.127278076823957, 0.015316964926737698
6.477844420186895, 2.8995629013767075
29.335846902596927, 1.2826494639220705

-7.031526878367085e-05, 0.010657511316439145
-10073.498273440091, -22304.27845205498
-622.7153454079589, -4030.424736103059
1944.0936491705108, -1591.0832156580295
1062.5265074717001, -1359.6225815549444
3.900448676813382, -2.0518888406121554
9.124837750436738, 0.23122698379911402
5.287069278278759, 2.7716670006533883
29.240465687481226, 1.3907589123606567

-3.960562720954913e-05, 0.01064324888293088
-10091.173318846366, -22343.41376422965
-623.8078717831648, -4037.496756735407
1947.506955013431, -1593.876421330452
1064.4119191920709, -1362.0344870185918
3.3463201260467526, -1.4236216794330205
9.035865555740441, 0.44503725021751933
3.913011868484754, 2.5462008101232265
29.13669035645548, 1.4984720755751508

1.867685177087281e-05, 0.010618972522318576
-10108.84836424771, -22382.549076393396
-624.9003980924974, -4044.5687769414035
1950.920259976576, -1596.6696262827934
1066.2973294286487, -1364.4463905835707
2.2543585456138615, -0.5751554581152001
8.858867310070686, 0.6545989527263496
2.2482297578167483, 2.123654265004159
29.02446580465226, 1.6057537034057718

0.00012407822715678697, 0.01065036213778215
-10126.523409644142, -22421.684388546273
-625.9929243361871, -4051.640796722534
1954.3335640629564, -1599.4628305176036
1068.1827381866776, -1366.8582922565624
0.23047524662749844, -0.8565910030907493
8.59067467321413, 0.8575037881280622
-0.027498582424348453, 0.9393392205014272
28.903731819460965, 1.712567594643046

4.8794026236156816e-05, 0.010737614946076156
-10144.198455035676, -22460.819700688306
-627.085450514463, -4058.7128160802854
1957.746867275635, -1602.2560340373898
1070.0681454713704, -1369.2701920442432
1.8574786028576524, -2.2369365456513353
8.22610270778158, 1.050862712507622
1.3173817629840556, -1.755860416531566
28.7744228890191, 1.8188764935592012

3.4818958493565523e-06, 0.010779510368922517
-10161.873500422333, -22499.955012819537
-628.1779766275527, -4065.7848350161275
1961.1601696176529, -1605.049236844608
1071.9535512879113, -1371.6820899532452
2.8635226240975604, -2.7578574322207263
7.757319546635962, 1.2309705714856425
3.195738626385492, -2.3680930447974506
28.63646798856914, 1.9246419814518294

-2.322921277217998e-05, 0.010805137121756837
-10179.548545804128, -22539.090324940007
-629.2705026756835, -4072.85685353153
1964.5734710920415, -1607.8424389417373
1073.8389556414606, -1374.0939859901714
3.532681161886458, -2.9466449527094096
7.172718515264613, 1.3927357956119082
4.683508793436397, -2.665934118471252
28.489790353381412, 2.0298243689880238

-3.4949211125705806e-05, 0.010820248494069836
-10197.223591181073, -22578.22563704975
-630.3630286590795, -4079.928871627946
1967.9867717018099, -1610.6356403312423
1075.724358537151, -1376.5058801616226
3.9381206172696666, -2.9131779854192734
6.454815767770594, 1.5285946968838695
5.94980442562668, -2.8340251891839494
28.33430722690376, 2.1343825776244256

-3.244582627168169e-05, 0.010827139816176327
-10214.898636553185, -22617.360949148784
-631.4555545779652, -4087.0008893068307
1971.4000714499564, -1613.4288410155743
1077.6097599801528, -1378.9177724741346
4.101019366815567, -2.699286777274906
5.575981074861403, 1.6261625002830704
7.0643053636988595, -2.9285888918400453
28.169929582019012, 2.238274009581125

-1.4705571935350897e-05, 0.010826900351420983
-10232.573681920489, -22656.496261237167
-632.5480804325646, -4094.0729065696287
1974.81337033946, -1616.2220409971744
1079.495159975477, -1381.3296629341698
4.012736792437323, -2.3196726551184548
4.4884502440200755, 1.6621658987862011
8.064122151400946, -2.975042314710494
27.996561813617515, 2.3414544064773297

2.1670180600883618e-05, 0.010820156418513574
-10250.248727283, -22695.63157331494
-633.6406062230981, -4101.144923417677
1978.2266683732867, -1619.0152402784684
1081.3805585281746, -1383.7415515481937
3.6302058053018427, -1.7703374507445677
3.0946386712052854, 1.5815075927097635
8.972015148875697, -2.9872652789651264
27.814101399904914, 2.443877695336492

8.648359132417294e-05, 0.010808815643395493
-10267.923772640735, -22734.766885382138
-634.7331319497878, -4108.216939852465
1981.639965554388, -1621.808438861873
1083.2659556432684, -1386.1534383226372
2.835237779247647, -1.02310785433698
1.1006382852495342, 1.157744829408548
9.803231695264772, -2.9737570011564896
27.622438529229555, 2.5454958202277176

0.00016322328828279254, 0.010811219760323024
-10285.5988179937, -22773.90219743877
-635.8256576128534, -4115.288955875446
1985.0532618856973, -1624.6016367497864
1085.1513513257576, -1388.5653232638979
1.1325743718721, 0.004091861206518045
1.3161775853279707, -1.167145791966952
10.568623538092663, -2.9401417634872624
27.42145568813487, 2.64625855741246

0.0001304282413420651, 0.010920931998811088
-10303.27386334192, -22813.037509484908
-636.9181832125128, -4122.360971488071
1988.4665573701334, -1627.394833944601
1087.0367455806168, -1390.9772063783448
1.214807474341825, -1.8161055786476226
3.2495937487955198, -1.4953511684966034
11.276262026957971, -2.8903572048668025
27.211027204867857, 2.7461133100824053

5.190187841532875e-05, 0.010976913706591141
-10320.948908685417, -22852.172821520566
-638.010708748983, -4129.432986691968
1991.879852010603, -1630.1880304486942
1088.9221384127911, -1393.389087672364
2.428027309600601, -2.5981619640689955
4.616322857751627, -1.5311959947651765
11.93235448268693, -2.8272812134409913
26.99101874123841, 2.8450048775549006

-2.76726939593968e-06, 0.011009687116806676
-10338.623954024191, -22891.308133545786
-639.1032342224811, -4136.505001488277
1995.293145810016, -1632.9812262644316
1090.8075298272029, -1395.8009671521907
3.233135717836158, -2.925085782640703
5.684721654501916, -1.463924227546442
12.541801553451167, -2.7530898419677556
26.761286739741774, 2.9428752144388723

-4.07951327876966e-05, 0.011029195948923537
-10356.29899935827, -22930.44344556061
-640.1957596332215, -4143.577015878399
1998.7064387712742, -1635.7744213941644
1092.6929198288046, -1398.2128448240908
3.7533921671208894, -2.9905960034417856
6.547730957833806, -1.342390427865601
13.108554215276406, -2.669474519574206
26.52167781543279, 3.0396631663941185

-6.470025593431113e-05, 0.011038793152577879
-10373.974044687671, -22969.578757565065
-641.288284981419, -4150.649029863718
2002.1197308971898, -1638.5676158402357
1094.57830842242, -1400.6247206942996
4.0276254673657945, -2.8586315286487154
7.251532359093214, -1.1875587631994633
13.635852281457565, -2.577780565569043
26.272028080429525, 3.135304172352522

-7.506436848449201e-05, 0.011039836835385295
-10391.6490900124, -23008.71406955919
-642.3808102672865, -4157.721043445614
2005.533022190609, -1641.3608096049752
1096.4636956128827, -1403.0365947690173
4.059857995176909, -2.554240031576035
7.823048288998169, -1.010672319875326
14.126389550807186, -2.479099149787741
26.01216239436757, 3.2297299322184947

-7.092378246326882e-05, 0.011032624776943733
-10409.32413533249, -23047.849381543023
-643.4733354910354, -4164.793056625457
2008.946312654363, -1644.1540026906982
1098.3490814050128, -1405.4484670544095
3.8246763307044986, -2.081550514306452
8.279390866641752, -0.8186393761397681
14.58243156698474, -2.3743304344693303
25.741893531767147, 3.3228680355637814

-4.891365033793315e-05, 0.01101645397700228
-10426.999180647936, -23086.98469351659
-644.5658606528767, -4171.865069404612
2012.359602291269, -1646.947195099733
1100.2344658036093, -1407.8603375566488
3.24806803563204, -1.4243879659711904
8.631948683827101, -0.6161432774577014
15.00590168716843, -2.2642281849026356
25.461021255495186, 3.4146415454227927

1.6934193736583416e-06, 0.010988792742615883
-10444.674225958768, -23126.120005479945
-645.6583857530203, -4178.937081784431
2015.7728911041281, -1649.740386834396
1102.1198488134357, -1410.272206281841
2.1028216939426256, -0.5286246077092082
8.888414019617656, -0.4066256349358892
15.398445324899384, -2.1494320710646213
25.169331283545194, 3.5049685299172175

8.024134939063999e-05, 0.01103041464126177
-10462.349271264997, -23165.255317433093
-646.7509107916759, -4186.009093766267
2019.186179095734, -1652.533577896925
1104.005230439242, -1412.6840732360267
0.4011134606030629, -1.0864269712355097
9.053875249940036, -0.19280716954923188
15.761478769373845, -2.0304915635149894
24.866594133692978, 3.5937615321770475

6.673874911533749e-06, 0.011105275629367327
-10480.024316566636, -23204.390629376085
-647.8434357690488, -4193.081105351469
2022.5994662688533, -1655.3267682895885
1105.89061068575, -1415.095938425246
1.9159462327106516, -2.3415956693159954
9.131426750399442, 0.02300345525989111
16.09622682067177, -1.9078839506966037
24.552563821943135, 3.680926963276076

-3.9133043357299684e-05, 0.011144236128705609
-10497.699361863712, -23243.52594130896
-648.9359606853462, -4200.153116541369
2026.012752626248, -1658.1199580146465
1107.7759895576726, -1417.507801855515
2.876664821555304, -2.8443141918286687
9.12249941764501, 0.23870336262821257
16.403752303108167, -1.7820281247202299
24.226976396193297, 3.766364418624757

-6.834144239831515e-05, 0.01116779911750382
-10515.374407156216, -23282.66125323176
-650.0284855407739, -4207.225127337305
2029.4260381706647, -1660.9131470743487
1109.6613670597212, -1419.9196635328149
3.5172247150899643, -3.023685731737346
9.027004043708578, 0.452235535813419
16.684979556510516, -1.653295281112851
23.88954829283417, 3.849965915046157

-8.399424342652005e-05, 0.01118082498685706
-10533.049452444187, -23321.79656514448
-651.1210103355364, -4214.297137740583
2032.8393229048356, -1663.7063354709278
1111.546743196493, -1422.3315234630938
3.901869380380086, -2.9809159012635775
8.843322082733582, 0.6614395277312354
16.94071317560235, -1.522017397265003
23.539974477467982, 3.9316150119055617

-8.687518678738498e-05, 0.011185208407188438
-10550.724497727639, -23360.93187704718
-652.2135350698372, -4221.369147752533
2036.2526068314796, -1666.4995232066099
1113.432117972617, -1424.7433816523267
4.048002638834917, -2.7549684790664744
8.568142037154862, 0.86388280006201
17.171653100366104, -1.3884940378849495
23.177926334379563, 4.011185798701735

-7.636194678405488e-05, 0.011181598327045556
-10568.39954300657, -23400.0671889399
-653.3060597438786, -4228.44115737446
2039.6658899532997, -1669.2927102836084
1115.3174913926923, -1427.1552381063684
3.9441771785151922, -2.3585486183174296
8.19609959961906, 1.056634906526424
17.378406854159778, -1.2529978859856685
22.803049262780796, 4.088541726356623

-5.009444217639346e-05, 0.011169732203390077
-10586.074588281008, -23439.20250082266
-654.3985843578623, -4235.513166607671
2043.0791722729898, -1672.0858967041288
1117.2028634612977, -1429.5670928310635
3.543339239865488, -1.7850043429919609
7.719118726477175, 1.2359210565838106
17.561499512660106, -1.1157792979085934
22.414959928817865, 4.163534252104423

-1.7230212850816922e-06, 0.01114807010104986
-10603.749633550966, -23478.3378126955
-655.4911089119885, -4242.585175453462
2046.492453793266, -1674.8790824703585
1119.0882341829956, -1431.9789458322443
2.7159841117914394, -1.000478923390497
7.125229919095433, 1.3965269665988873
17.72138183998706, -0.9770701057138467
22.013243111225254, 4.236001260254173

9.816356855987307e-05, 0.011112102652514532
-10621.42467881646, -23517.47312455846
-656.5836334064568, -4249.657183913127
2049.905734516745, -1677.67226758448
1120.9736035623146, -1434.3907971157103
0.8510690264524404, 0.09189628547705178
6.3963582548153495, 1.5306566396510752
17.85843692070933, -0.8370868365766954
21.59744806446779, 4.30576521098728

8.978202889451275e-05, 0.011225925768183398
-10639.099724077507, -23556.608436411563
-657.6761578414657, -4256.729191987943
2053.319014446054, -1680.4654520486627
1122.8589716037677, -1436.8026466872354
1.3062485840231948, -1.9434481205808358
5.503794112448216, 1.6254312620537756
17.972985524307283, -0.6960334838095126
21.167084302154628, 4.372630952014547

5.1304702059257906e-05, 0.011279236303064844
-10656.77476933411, -23595.743748254845
-658.7686822172119, -4263.801199679194
2056.7322935838633, -1683.258635865067
1124.7443383118575, -1439.2144945525617
2.4580409553945493, -2.6912044864898235
4.397446240236367, 1.6563166444405184
18.065290385236782, -0.5541039199923037
20.72161667029058, 4.436383115185178

3.563622647297504e-05, 0.01131367312553051
-10674.44981458629, -23634.87906008833
-659.8612065338924, -4270.873206988139
2060.145571932798, -1686.0518190358403
1126.629703691084, -1441.6263407174474
3.2287816642308527, -3.0062756060249347
2.9730831452003303, 1.5637503121899983
18.135559665041978, -0.41148398078891546
20.260459581409545, 4.4967830452795585

4.240668646413139e-05, 0.011341341694329495
-10692.124859834066, -23674.014371912064
-660.9537307917038, -4277.9452139160585
2063.5588494954686, -1688.845001563122
1128.5150677458396, -1444.038185187562
3.725373202932343, -3.062676400045483
0.8994848583529582, 1.081435873320324
18.183949630953126, -0.2683533405737464
19.78297022218684, 4.553565117187885

2.2578139156092773e-05, 0.011385460851557522
-10709.79990507745, -23713.14968372607
-662.0462549908386, -4285.0172204642095
2066.972126274474, -1691.6381834490353
1130.400430480546, -1446.4500279685374
3.9814608849528144, -2.919976944535297
1.4988901752743795, -1.2177084683703339
18.21056660830849, -0.12488725131395488
19.288440491021415, 4.606432273073605

-3.844076333897648e-06, 0.0113924725949584
-10727.474950316458, -23752.284995530386
-663.1387791314908, -4292.089226633837
2070.385402272401, -1694.4313646956998
1132.2857918996, -1448.8618690660032
3.998094112208956, -2.601032246000092
3.366775672896769, -1.5060906715627964
18.215468285375433, 0.01874181901931939
18.776087361869543, 4.655050580353422

-9.827709085667032e-06, 0.011387435678397768
-10745.149995551104, -23791.42030732504
-664.2313032138532, -4299.161232426194
2073.7986774919127, -1697.224545305221
1134.1711520073793, -1451.273708485559
3.7467583829919753, -2.1077017151868813
4.705274034832952, -1.532486815413453
18.198664422806157, 0.1623626002867762
18.245041291623966, 4.699042534579577

5.018896518864755e-06, 0.011371745077293874
-10762.825040781401, -23830.55561911007
-665.3238272381174, -4306.233237842513
2077.2119519355256, -1700.0177252797407
1136.0565108082376, -1453.685546232779
3.1471098150768237, -1.4199463892323794
5.755607267956882, -1.4614570566017473
18.160116991284593, 0.3058034679467439
17.69433213996889, 4.737978747739152

5.169417492884841e-05, 0.011342953609946763
-10780.500086007363, -23869.690930885485
-666.4163512044742, -4313.30524288403
2080.6252256057414, -1702.810904621319
1137.9418683065098, -1456.0973823132076
1.942525008015026, -0.47292799879121644
6.605187269976181, -1.3381493431995708
18.09973972969702, 0.44889087508938597
17.12287191028415, 4.771367509723782

0.00010972244031156288, 0.011397578713875107
-10798.175131229003, -23908.826242651343
-667.5088751131132, -4320.377247551979
2084.0384985050937, -1705.6040833320098
1139.8272245065057, -1458.5092167323837
0.5490354815205617, -1.283656023754632
7.298156382649441, -1.1824571080464465
18.017397104601518, 0.5914477288539041
16.529433382443084, 4.798641516624307

3.559189317677315e-05, 0.01146864509043011
-10815.850176446334, -23947.961554407673
-668.6013989642234, -4327.449251847578
2087.451770636109, -1708.3972614138765
1141.712579412517, -1460.9210494958254
1.9669642505257254, -2.4450511131731547
7.86045055966126, -1.0051939527787928
17.912902606846917, 0.7332916624286279
15.91262334334392, 4.819140748188618

-1.2941494467953733e-05, 0.011507263374287379
-10833.52522165937, -23987.096866154498
-669.693922757993, -4334.521255772043
2090.8650420012955, -1711.1904388689752
1143.5979330288726, -1463.3328806089482
2.8848940616665004, -2.9303376749342913
8.308628237410986, -0.8130638224535444
17.786016383463423, 0.8742332143983139
15.270848614810458, 4.832090141387317

-4.53427052715718e-05, 0.01153069600853163
-10851.200266868134, -24026.232177891838
-670.7864464946085, -4341.593259326583
2094.278312603151, -1713.98361569935
1145.483285359768, -1465.744710077189
3.498018264562414, -3.09990799755068
8.653731730418059, -0.6106422651393394
17.63644216452577, 1.0140738720894507
14.602272370652, 4.836570039609935

-6.439792539215888e-05, 0.011543453883804494
-10868.875312072632, -24065.367489619748
-671.8789701742562, -4348.665262512419
2097.6915824441617, -1716.7767919070368
1147.368636409422, -1468.1565379059566
3.8626354260505935, -3.0472295088422476
8.903215902168654, -0.40130997963662346
17.463823321556163, 1.1526038514365642
13.904757069288877, 4.831476253556325

-7.083084924478509e-05, 0.011547306575436287
-10886.550357272885, -24104.502801338247
-672.9714937971205, -4355.737265330719
2101.104851526799, -1719.5699674940602
1149.2539861820426, -1470.568364100634
3.9925987451935145, -2.8085065005283356
9.06199220923158, -0.18775186703219665
17.26773793660624, 1.2895995517163097
13.175788539446506, 4.815464982019103

-6.399624342536027e-05, 0.01154279989488678
-10904.225402468897, -24143.63811304735
-674.0640173633865, -4362.809267782689
2104.5181198535297, -1722.3631424624334
1151.139334681814, -1472.9801886665791
3.873684243172313, -2.3943942907962223
9.13301246697733, 0.027744446324800307
17.04769271462409, 1.4248205979994764
12.412372892696588, 4.786875036346243

-4.145784206147832e-05, 0.011529515672577246
-10921.90044766068, -24182.773424747127
-675.1565408732355, -4369.881269869519
2107.9313874268023, -1725.1563168141636
1153.024681912901, -1475.392011609121
3.4546577269381302, -1.7953776490660815
9.1175822395812, 0.24308682691482414
16.803115516085764, 1.558006355168263
11.610893175248442, 4.743614941333851

3.5854628820233074e-06, 0.011505568040845933
-10939.575492848258, -24221.908736437552
-676.2490643268536, -4376.953271592386
2111.3446542490515, -1727.949490551246
1154.9100278794465, -1477.8038329336105
2.5933003999976645, -0.9711561352006504
9.015490751127155, 0.45621996333477455
16.533346216059826, 1.6888717619298992
10.766904440410885, 4.682993639698967

0.00010917143962744797, 0.011466053471675688
-10957.250538031649, -24261.044048118718
-677.3415877244204, -4384.02527295247
2114.757920322709, -1730.7426636756634
1156.7953725855757, -1480.2156526453002
0.49319972953066765, 0.18190234783241158
8.824989965093181, 0.6649753644025973
16.23762550029618, 1.8171022821775489
9.874831051696606, 4.601456583969886

7.345471438465461e-05, 0.011588978198997991
-10974.925583210843, -24300.179359790593
-678.4341110661165, -4391.097273950937
2118.171185650183, -1733.5358361893943
1158.6807160353935, -1482.6274707494213
1.3864878283395197, -2.066194425928071
8.542617032290932, 0.8668993162392434
15.915081060758776, 1.9423476872631598
8.927501682447366, 4.494154322790548

2.972008220432527e-05, 0.011639086261873292
-10992.600628385877, -24339.314671453267
-679.5266343521221, -4398.169274588948
2121.58445023388, -1736.329008094406
1160.5660582329856, -1485.0392872511995
2.4817415554429108, -2.783213746471576
8.162814119241398, 1.0590202562474795
15.564710467844934, 2.0642143275125706
7.91539932448466, 4.354194413674133

4.797795832468244e-06, 0.011669766657333358
-11010.275673556756, -24378.44998310672
-680.6191575826158, -4405.241274867666
2124.9977140761894, -1739.1221793926522
1162.451399182481, -1487.4511021558387
3.2198562276335534, -3.086459395282195
7.677237633855152, 1.2374900585591149
15.185359894631693, 2.1822555288627035
6.825375805783092, 4.171243564073536

-5.5196300933428e-06, 0.011688648451054426
-11027.950718723485, -24417.58529475101
-681.7116807577758, -4412.313274788243
2128.410977179501, -1741.9153500860862
1164.3367388878578, -1489.862915468511
3.693813319334677, -3.1333171810317673
7.073516628196828, 1.3969616591173641
14.775697367277868, 2.2959593344922453
5.638270910397123, 3.9286384836463313

-2.2638504250319595e-06, 0.011698573380685931
-11045.625763886099, -24456.720606386163
-682.8042038777796, -4419.385274351824
2131.8242395461707, -1744.7085201766404
1166.2220773531415, -1492.2747271943692
3.9325294705465685, -2.97930740327852
6.332914568852158, 1.529382246744487
14.334178755186695, 2.404732600307278
4.3240247569341745, 3.596506653454958

1.5216518681119623e-05, 0.011700884512906191
-11063.300809044582, -24495.855918012192
-683.8967269428038, -4426.457273559558
2135.237501178554, -1747.5016896662455
1168.1074145823368, -1494.6865373385394
3.9342132270349297, -2.645119678393894
5.425494138857603, 1.6213190578145487
13.859003992200757, 2.507880052716581
2.8301615593923053, 3.1114085909922022

4.9461931607014384e-05, 0.011696412285503003
-11080.975854198981, -24534.991229629148
-684.9892499530233, -4433.529272412576
2138.6507620790003, -1750.2948585568226
1169.992750579428, -1497.0983459061797
3.6672018279399894, -2.1303388509025947
4.298465114337084, 1.6467987363974819
13.348059894345086, 2.604576212064383
1.0507973511634752, 2.287070537986748

0.00010561266535277687, 0.011688054720755134
-11098.650899349273, -24574.126541237056
-686.0817729086134, -4440.6012709120005
2142.0640222498464, -1753.0880268502824
1171.8780853483825, -1499.51015290232
3.044206475824904, -1.4106470647754557
2.839623746323413, 1.5409088176792323
12.79884419347518, 2.6938269744750425
-0.7676701796264004, -0.09697657210111997

0.0001933398505225488, 0.011672310070993118
-11116.325944495506, -24613.26185283592
-687.1742958097475, -4447.673269058964
2145.477281693411, -1755.8811945485259
1173.7634188931495, -1501.9219583320044
1.773294397107363, -0.40841143823951886
0.6681225562384936, 0.9801098961384589
12.20836261239869, 2.774415801201501
1.1584134537124582, -2.316857306913134

0.00022765154200452673, 0.011774915208253718
-11134.000989637656, -24652.397164425794
-688.2668186565987, -4454.745266854586
2148.8905404120096, -1758.674361653512
1175.6487512176575, -1504.3337622002553
0.6779282133639418, -1.459076422489477
1.687171347813047, -1.2649451385329094
11.572986164389016, 2.84482624014362
2.9222769982265775, -3.1077666495949208

0.00013571456288919817, 0.011849998257281568
-11151.676034775768, -24691.532476006705
-689.3593414493395, -4461.817264299984
2152.3037984079424, -1761.467528167057
1177.5340823258155, -1506.7455645120767
2.011182073396468, -2.545978499057467
3.4908422121598925, -1.5171682537626856
10.888247707755918, 2.9031266864856127
4.40695486097103, -3.5772610298139558

7.314674433429816e-05, 0.011891871697221654
-11169.351079909837, -24730.667787578685
-690.4518641881409, -4468.889261396264
2155.7170556835, -1764.260694091036
1179.4194122215124, -1509.1573652724512
2.8888336843614955, -3.0144514625075094
4.800075032059613, -1.5342148360842005
10.148542497515692, 2.946793018081767
5.714976366746703, -3.8991458386455733

2.8876889473379658e-05, 0.011917500691510296
-11187.02612503988, -24769.80309914174
-691.5443868731735, -4475.96125814453
2159.1303122409595, -1767.0538594273135
1181.3047409086687, -1511.5691644863327
3.4756493176802286, -3.173870518608806
5.83163537100586, -1.4591168583170986
9.34666982809532, 2.9724230644181873
6.897421434648328, -4.133975216223385

-6.675999694037996e-07, 0.011931695381520063
-11204.701170165921, -24808.938410695904
-692.6369095046074, -4483.033254545884
2162.543568082591, -1769.847024177746
1183.1900683911144, -1513.9809621586523
3.820889275505545, -3.1107472133670773
6.667308856560567, -1.3337857019584218
8.473096695740013, 2.975250006259464
7.983724176235924, -4.310559997294843

-1.660853139082326e-05, 0.011936381349194357
-11222.376215287954, -24848.073722241214
-693.7294320826119, -4490.1052506014175
2165.956823210653, -1772.640188344181
1185.0753946726634, -1516.3927582943654
3.9350834988410246, -2.8586160660050965
7.349101759251861, -1.1770534017895073
7.514700436546266, 2.948252819905538
8.992721840384565, -4.44506648338122

-1.848314476603919e-05, 0.01193216388921836
-11240.051260405999, -24887.209033777697
-694.8219546073541, -4497.177246312217
2169.3700776273913, -1775.4333519284596
1186.9607197571313, -1518.8045528983325
3.801250138772345, -2.4260156064479403
7.901930244300839, -0.9992847671673635
6.452442583368491, 2.8803711606156805
9.93737704492606, -4.547557946143445

-3.822947353766192e-06, 0.011918592290770004
-11257.726305520076, -24926.344345305388
-695.914477079003, -4504.24924167937
2172.783331335045, -1778.226514932411
1188.8460436483156, -1521.2163459753929
3.3637201347777688, -1.8003202778842038
8.341783985476155, -0.8069615124367947
5.256567611655262, 2.752422606104933
10.827091196252011, -4.624764590321042

3.479403602012904e-05, 0.011893551605534554
-11275.401350630189, -24965.479656824307
-697.0069994977238, -4511.321236703955
2176.196584335837, -1781.0196773578575
1190.7313663499974, -1523.6281375303865
2.465731597000085, -0.9338442423173502
8.679351545936571, -0.6045376606229058
3.8749821107220055, 2.5257320045577294
11.668958948577936, -4.681431105970689

0.0001547065692932588, 0.011860822917808019
-11293.076395736347, -25004.614968334474
-698.0995218636832, -4518.393231387039
2179.6098366319848, -1783.8128392066121
1192.6166878659428, -1526.0399275681302
-0.09191833824058084, 0.10004409934605192
8.921848040107188, -0.39532372999435944
2.1967973714289424, 2.097416409884608
12.468502686642179, -4.721040399245782

8.137346668475008e-05, 0.01198816030144511
-11310.751440838569, -25043.750279835927
-699.1920441770454, -4525.465225729696
2183.023088225693, -1786.606000480479
1194.5020081998946, -1528.451716093412
1.458686973515485, -2.1855577894350398
9.074008506033667, -0.18196374227813739
-0.11032889253317918, 0.8490370669988213
13.23012898276966, -4.746232307707045

2.5306494880458015e-05, 0.012042253116680482
-11328.42648593687, -25082.88559132869
-700.2845664379751, -4532.537219732985
2186.436339119156, -1789.399161181254
1196.3873273555816, -1530.8635031110039
2.501216962266258, -2.873827583570278
9.138643557121, 0.033277200644457085
1.3920120212005136, -1.7847154979101083
13.957426226892764, -4.759060377057669

-1.4204103987197588e-05, 0.012072917063098022
-11346.10153103126, -25122.02090281279
-701.3770886466357, -4539.609213397968
2189.849589314558, -1792.1923213107282
1198.2726453367122, -1533.2752886256558
3.2079357587336768, -3.1647827251641787
9.116936375443307, 0.2483170163587123
3.251090258083263, -2.379716154105452
14.653366686852584, -4.761156903865585

-3.941369776897609e-05, 0.012090791680331725
-11363.776576121752, -25161.156214288265
-702.4696108031902, -4546.681206725698
2193.2628388142075, -1794.9854808706793
1200.1579621469793, -1535.6870726420937
3.659814623698015, -3.201339769164037
9.008559988746923, 0.46110039537506026
4.729239461856221, -2.672190270824269
15.320447919774187, -4.753843129028003

-5.182798616463042e-05, 0.012098760028947166
-11381.451621208347, -25200.291525755125
-703.5621329078006, -4553.753199717221
2196.6760876201383, -1797.778639862877
1202.0432777901092, -1538.0988551650814
3.881411511734841, -3.03517987928968
8.811644715282954, 0.6694490594331923
5.989293953167614, -2.837886841641337
15.960794512498497, -4.7382052482761505

-5.1330199042126624e-05, 0.012097860833844174
-11399.126666291066, -25239.4268372134
-704.6546549606277, -4560.825192373582
2200.089335734501, -1800.5717982890865
1203.9285922697243, -1540.5106361992362
3.868151529910084, -2.6847967191509894
8.522587962356864, 0.8708882710751359
7.0992002481360945, -2.931225393802839
16.576233057508162, -4.715148306470797

-3.6254670220851354e-05, 0.012088054477721344
-11416.80171136992, -25278.562148663106
-705.7471769618321, -4567.8971846958175
2203.502583159438, -1803.3649561510645
1205.8139055894487, -1542.9224157492165
3.5850866034346303, -2.1472831868164075
8.135656986523067, 1.0624096539373045
8.095392019809283, -2.9770335557209275
17.168348548870174, -4.685435323626239

-1.99983723684277e-06, 0.012068039785863271
-11434.476756444925, -25317.69746010429
-706.8396989115739, -4574.969176684964
2206.9158298970838, -1806.158113450551
1207.6992177529041, -1545.33419381966
2.9372369564426157, -1.3935378342310505
7.642268409406661, 1.2401009659353732
9.000290746338715, -2.988937634502401
17.738527567478176, -4.64971628895772

6.764208502479379e-05, 0.012033479264232634
-11452.151801516087, -25356.83277153697
-707.9322208100161, -4582.041168342051
2210.329075949564, -1808.951270189289
1209.5845287636985, -1547.7459704151793
1.5879436143846801, -0.3305992002670796
7.029692058809985, 1.39849927974793
9.828951087069001, -2.975309998191635
18.287991874282202, -4.608550037237379

0.00011299462335054898, 0.01211163406883822
-11469.826846583424, -25395.96808296119
-709.024742657342, -4589.1131596681
2213.7423213189936, -1811.7444263690081
1211.4698386254202, -1550.1577455403726
0.7932582260513867, -1.6230981843341978
6.278599223384259, 1.5293258134405312
10.592106057204857, -2.9417047827947376
18.81782490347362, -4.562421020406945

6.306531774823226e-05, 0.012177503223041451
-11487.501891646942, -25435.103394376936
-710.1172644536807, -4596.185150664129
2217.155566007475, -1814.5375819914314
1213.3551473416435, -1552.5695191998082
2.0500518153116283, -2.646649471955357
5.357948442581792, 1.6186489023072645
11.297749123336128, -2.892017514331156
19.32899289802477, -4.51175234642832

3.643208519181902e-05, 0.012217027748186074
-11505.176936706655, -25474.238705784264
-711.2097861991875, -4603.257141331155
2220.5688100171064, -1817.330737058273
1215.2404549159246, -1554.9812913980402
2.8891430021048525, -3.098256098060561
4.21248802085728, 1.6391647750676628
11.952034413483753, -2.829099142065414
19.822362044599515, -4.456916037836301

2.8118636478820035e-05, 0.012244045014610567
-11522.851981762575, -25513.37401718321
-712.3023078940192, -4610.329131670224
2223.9820533499683, -1820.1238915712545
1217.1257613518032, -1557.3930621396069
3.4503946168193864, -3.2468671339575668
2.7225091876061316, 1.5208170004610242
12.559824732562248, -2.755107586096181
20.298712492210228, -4.398241202707568

4.225144098917362e-05, 0.012267962592481979
-11540.527026814716, -25552.50932857377
-713.394829538331, -4617.401121682273
2227.395296008139, -1822.9170455321125
1219.0110666528012, -1559.804831429065
3.776684331124502, -3.172544653103512
0.4549951972255071, 0.8725517763999655
13.125043021013026, -2.6717216196932445
20.75874987377099, -4.336020623799995

1.5226093576172525e-05, 0.012304454531780227
-11558.202071863087, -25591.644639955968
-714.487351132277, -4624.4731113683365
2230.8085379936865, -1825.7101989424864
1220.896370822427, -1562.2165992708437
3.875372700978101, -2.90617117483698
1.83951542498772, -1.29997481401708
13.65090766334926, -2.5802774692378323
21.203114869614446, -4.270516118049962

-5.14844405970739e-06, 0.012304262420943736
-11575.877116907694, -25630.779951329863
-715.5798726760123, -4631.5451007294105
2234.2217793086634, -1828.503351804058
1222.7816738641884, -1564.6283656694102
3.7266940708985574, -2.4540495468081747
3.593124798175585, -1.5254968151131039
14.140095624465097, -2.4818596237673765
21.63239120986399, -4.2019629362186155

-4.042618453850196e-06, 0.012291339777002067
-11593.552161948552, -25669.915262695446
-716.6723941696893, -4638.617089766483
2237.6350199551202, -1831.2965041185041
1224.6669757815914, -1567.0401306292124
3.270256479069407, -1.8000734457803242
4.878542955233374, -1.5353333421786985
14.594858898396863, -2.377363257190722
22.047112422616838, -4.130573405508272

2.3983848283729668e-05, 0.0122648328505404
-11611.227206985675, -25709.050574052766
-717.7649156134611, -4645.689078480548
2241.048259935093, -1834.0896558874904
1226.5522765780445, -1569.4518941546737
2.3324857064321565, -0.8880614315681357
5.894366490845115, -1.457272753822926
15.017109732964364, -2.2675383453431954
22.447767565213034, -4.056539963570846

0.00012437581530746504, 0.012262550325294046
-11628.902252019074, -25748.185885401843
-718.8574370074786, -4652.761066872583
2244.4614992506117, -1836.882807112678
1228.4375762569907, -1571.863656250203
-0.06245439706718291, -0.4987029770657725
6.718168930259067, -1.3305462245349098
15.408484271895611, -2.1530216390150283
22.834806111090177, -3.98003770559543

3.7158192996775475e-05, 0.012364456382258871
-11646.577297048767, -25787.321196742687
-719.9499583518939, -4659.83305494357
2247.874737903693, -1839.6759577957203
1230.3228748218578, -1574.275416920184
1.5223429169478995, -2.3026224748187203
7.390294504863501, -1.1731575288905844
15.770390903994334, -2.0343603388485367
23.208642131592626, -3.901226536824466

-1.991473798848115e-05, 0.012411546127537114
-11664.252342074762, -25826.456508075342
-721.042479646857, -4666.905042694479
2251.2879758963495, -1842.469107938263
1232.2081722760547, -1576.6871761689806
2.5154708256650573, -2.9640555587052906
7.934835895073132, -0.9951275450882223
16.104047623984332, -1.912029929575065
23.569657901782048, -3.8202529959718863

-6.019647282162933e-05, 0.012440147357648201
-11681.927387097052, -25865.59181939982
-722.135000892518, -4673.97703012628
2254.7012132305817, -1845.2622575419425
1234.0934686229768, -1579.0989340009394
3.192106127104313, -3.242515177003395
8.36731310670343, -0.8027711566372104
16.41051143567882, -1.7864478100177197
23.91820705985101, -3.7372518010329285

-8.720019415596074e-05, 0.012456539418389262
-11699.602432115667, -25904.727130716157
-723.2275220890255, -4681.0490172399395
2258.114449908375, -1848.0554066083891
1235.9787638660052, -1581.5106904204442
3.6227159750078637, -3.2682864671035667
8.698116195399043, -0.6004527298506189
16.690701609041373, -1.6579839376847068
24.254617353429293, -3.6523471808346746

-0.00010200676166522793, 0.012463060689424791
-11717.27747713062, -25943.862442024372
-724.3200432365282, -4688.1210040364185
2261.5276859317223, -1850.8485551392266
1237.864058008504, -1583.9224454317496
3.8278051564366, -3.089385175587327
8.934252537399402, -0.39143122097119165
16.945418260517076, -1.5269692647119395
24.579193036192788, -3.5656540274464543

-0.00010433696505374968, 0.01246052511853033
-11734.952522141914, -25982.997753324482
-725.4125643351738, -4695.192990516672
2264.940921302596, -1853.64170313607
1239.749351053821, -1586.3341990391343
3.800104225861216, -2.72207021555719
9.080300661017604, -0.17831975700336888
17.175357329341136, -1.3937025070717113
24.89221697099611, -3.477278896142604

-9.24027864294947e-05, 0.012448700060788576
-11752.62756714955, -26022.13306461654
-726.5050853851094, -4702.264976681651
2268.354156022958, -1856.434850600523
1241.6346430052927, -1588.7459512468631
3.5012917214062114, -2.1607752003114484
9.138943538693903, 0.03663481965662255
17.381122725335487, -1.2584556485078975
25.193952482615344, -3.387320876836929

-6.128781914635005e-05, 0.012425972388059403
-11770.302612153562, -26061.26837590052
-727.597606386481, -4709.336962532302
2271.767390094764, -1859.2279975341955
1243.5199338662335, -1591.1577020591799
2.8279630802303526, -1.371052208356652
9.111249916401928, 0.2513592936423476
17.563236223509342, -1.1214784756291183
25.484644995364928, -3.2958723568028994
