0.0, 0.0
0.3074866310160428, 0.0
0.7185828877005348, 0.0
0.9832887700534759, 0.0
1.3810160427807487, 0.0
4.949866310160428, 0.0
9.04144385026738, 0.0
18.32419786096257, 0.0
29.709224598930483, 0.0

1.0297140212691866e-05, 2.396651062153792e-06
0.0, 0.0
0.0, 0.0
0.0, 0.0
0.0, 0.0
4.801571500997323, 0.2734159658005472
8.99732984836128, 0.20481497463652745
18.31347302608054, 0.14332431479652635
29.70514528320684, 0.11067799847095237

3.790192221200902e-05, 7.065755404997479e-06
0.0, 0.0
0.0, 0.0
0.0, 0.0
0.0, 0.0
4.33880273462392, 0.528349305686649
8.86418527077495, 0.40759447297970985
18.281275375929884, 0.2864805368910049
29.692905268279105, 0.22132559619699788

8.514787425555025e-05, 1.4119094357097134e-05
0.0, 0.0
0.0, 0.0
0.0, 0.0
0.0, 0.0
3.4931688689639424, 0.7345931306058658
8.639519300313175, 0.6061461492762326
18.227535188996935, 0.42929907847189874
29.672498342494332, 0.3319123289506095

0.00016214511148128778, 2.7780823931786173e-05
0.0, 0.0
0.0, 0.0
0.0, 0.0
0.0, 0.0
2.0540998768420153, 0.8043789464750735
8.318882178671148, 0.7979300926980605
18.152135321183014, 0.5716073243147923
29.643914133155295, 0.4424076045664811

0.00022847401794720825, 0.00011524387382013461
0.0, 0.0
0.0, 0.0
0.0, 0.0
0.0, 0.0
0.8708752006597781, -0.6696984788733162
7.895331433488898, 0.9797852584519617
18.0549097556383, 0.7132280299537431
29.60713807447658, 0.5527806382027263

0.00014449700658387895, 0.00014172743019591426
0.0, 0.0
0.0, 0.0
0.0, 0.0
0.0, 0.0
2.8734174646948616, -0.8613628907255406
7.358462316283743, 1.1474811987824254
17.935641483067, 0.8539776107458793
29.562151357265474, 0.6630003873145339

0.00010581762382002249, 0.00015290486871664873
0.0, 0.0
0.0, 0.0
0.0, 0.0
0.0, 0.0
3.96658379451031, -0.7260824986097368
6.692617701893043, 1.2948916431312851
17.794059721233552, 0.9936642723558672
29.508930870191477, 0.7730354862367331

9.096035540905825e-05, 0.0001603615971040757
0.0, 0.0
0.0, 0.0
0.0, 0.0
0.0, 0.0
4.607836437484197, -0.5037592500324839
5.873337791969455, 1.4122700871687992
17.62983646952449, 1.1320859399351535
29.447449144121702, 0.8828541794540976

9.509634146687032e-05, 0.00016668480406870862
0.0, 0.0
0.0, 0.0
0.0, 0.0
0.0, 0.0
4.9107485701165805, -0.243342736246396
4.859384707084761, 1.4820191819194686
17.442582146347085, 1.2690279032201635
29.377674278176286, 0.992424251131177

0.00011756062334047327, 0.00017352151558681377
0.0, 0.0
0.0, 0.0
0.0, 0.0
0.0, 0.0
4.913249795026163, 0.03224702018098459
3.5706639853650066, 1.4654127399755297
17.231840171926876, 1.4042600974681254
29.299569849135324, 1.1017129513921458

0.00016141089070345957, 0.00018354663732588966
0.0, 0.0
0.0, 0.0
0.0, 0.0
0.0, 0.0
4.6145112340714975, 0.30563111791418307
1.795877055952578, 1.2332201961006617
16.99708031148429, 1.5375339206544016
29.213094805465623, 1.2106869192591567

0.00021195953437716305, 0.00022191604119198928
0.0, 0.0
0.0, 0.0
0.0, 0.0
0.0, 0.0
3.9744154200317183, 0.5553220948948119
0.6978816978789427, -0.9045949008758316
16.737690519562168, 1.6685784566777535
29.118203345076413, 1.31931210181827

0.0002375876656285306, 0.00024045640290861354
0.0, 0.0
0.0, 0.0
0.0, 0.0
0.0, 0.0
2.8741720361888476, 0.7362940718569849
2.888285160764508, -1.423526029566038
16.452966943488967, 1.7970959370764206
29.0148447751884, 1.4275536693484434

0.0003192778521396542, 0.0002673590229091871
0.0, 0.0
0.0, 0.0
0.0, 0.0
0.0, 0.0
0.8209857858929711, 0.6130929299900044
4.342004308103703, -1.511217728104016
16.142101663646514, 1.9227562055988396
28.902963355316995, 1.535375924624058

0.0002486256532273758, 0.00035877537190479763
0.0, 0.0
0.0, 0.0
0.0, 0.0
0.0, 0.0
2.0631068931248167, -0.8985718386257652
5.459837073586848, -1.4771746169942845
15.804167562934355, 2.045189907108947
28.78249812046423, 1.642742207599866

0.0001726983253012761, 0.00037659735892977864
0.0, 0.0
0.0, 0.0
0.0, 0.0
0.0, 0.0
3.4838174626267135, -0.8858041694386508
6.356220422539776, -1.381996357360891
15.438099508496107, 2.163979986241306
28.653382677884494, 1.74961479475863

0.0001268136090839578, 0.00038636029425338645
0.0, 0.0
0.0, 0.0
0.0, 0.0
0.0, 0.0
4.3269422411744145, -0.7149794493482838
7.084541810919834, -1.2498026509006648
15.042671015146858, 2.2786509681301426
28.515544999375397, 1.855954793807254

0.00010100783094493488, 0.00039270889129380425
0.0, 0.0
0.0, 0.0
0.0, 0.0
0.0, 0.0
4.792372178780736, -0.4796977532209824
7.674929414155238, -1.0930431716287257
14.616464829121247, 2.3886552205849654
28.3689071950081, 1.9617220303223442

9.190346027881844e-05, 0.0003973065412357729
0.0, 0.0
0.0, 0.0
0.0, 0.0
0.0, 0.0
4.945360448032706, -0.21255849583702374
8.146161069109091, -0.9191822565260857
14.157835310790531, 2.493355022020833
28.213385256497443, 2.0668749237197495

9.855933951730982e-05, 0.00040113769704755415
0.0, 0.0
0.0, 0.0
0.0, 0.0
0.0, 0.0
4.802034703117499, 0.06732739096996818
8.510572967496968, -0.7331870220789348
13.664859739248032, 2.591998772948429
28.048888772226253, 2.1713703527900736

0.00012179875975958264, 0.00040510231508279835
0.0, 0.0
0.0, 0.0
0.0, 0.0
0.0, 0.0
4.342776988543923, 0.3422149166585724
8.776420603057257, -0.5386482878082375
13.135274287969517, 2.6836888268285555
27.875320611938786, 2.2751635096331677

0.00016495990842255734, 0.00041056058893215475
0.0, 0.0
0.0, 0.0
0.0, 0.0
0.0, 0.0
3.496125308386749, 0.5844827194182903
8.94912523292762, -0.33835948055537723
12.56638829495491, 2.7673370317681636
27.692576578120725, 2.3782077405567668

0.00023856321989383628, 0.00042142923923447383
0.0, 0.0
0.0, 0.0
0.0, 0.0
0.0, 0.0
2.040746017767526, 0.7127983674115501
9.031960629394064, -0.13465265350703792
11.954967000377147, 2.841601752469046
27.500545020441372, 2.4804543722945502

0.00029791514967359936, 0.000507232738931468
0.0, 0.0
0.0, 0.0
0.0, 0.0
0.0, 0.0
0.9131536749234328, -0.7293625455161278
9.026420500575375, 0.07038126682533893
11.297067105477094, 2.9047960842025313
27.299106408297188, 2.5818525215420656

0.0002116931662002038, 0.0005366030949002748
0.0, 0.0
0.0, 0.0
0.0, 0.0
0.0, 0.0
2.8661325300242284, -0.9878266144344054
8.932374368848034, 0.2747250563803872
10.587799208859307, 2.9547495201212692
27.088132850456905, 2.6823488855270634

0.00016833572976797048, 0.0005494014283938108
0.0, 0.0
0.0, 0.0
0.0, 0.0
0.0, 0.0
3.9508399467459294, -0.8973194362585609
8.748054208369224, 0.47628180920750296
9.820973059017758, 2.988591170209371
26.86748757068192, 2.78188751419946

0.00014763217041301895, 0.0005573149634863434
0.0, 0.0
0.0, 0.0
0.0, 0.0
0.0, 0.0
4.592341073320259, -0.7019194323928712
8.469869044792548, 0.6727040306377229
8.98854498115928, 3.0023933245543906
26.637024348972936, 2.880409563394334

0.000144518243558243, 0.0005629071901787579
0.0, 0.0
0.0, 0.0
0.0, 0.0
0.0, 0.0
4.899027418869326, -0.4542515024484276
8.091995975148047, 0.8611649598703955
8.079709028422528, 2.9905479864417974
26.396586896381116, 2.9778530183693985

0.00015744729083992068, 0.0005674067124835012
0.0, 0.0
0.0, 0.0
0.0, 0.0
0.0, 0.0
4.9066561379131155, -0.17858084892318746
7.605624674864178, 1.038003966405257
7.079296855781144, 2.944586814985902
26.146008158509396, 3.0741523853108355

0.0001867725046887871, 0.0005717404293387252
0.0, 0.0
0.0, 0.0
0.0, 0.0
0.0, 0.0
4.612810224588803, 0.10783100177552762
6.9975825234309745, 1.1981059714360573
5.964693727114829, 2.850695509116546
25.885109541172525, 3.1692383471427177

0.00023487700822313057, 0.0005770223931873186
0.0, 0.0
0.0, 0.0
0.0, 0.0
0.0, 0.0
3.9752679876100845, 0.3851248914494826
6.247703088926978, 1.3336782177327158
4.69909527734931, 2.6836117840614526
25.61370004818886, 3.26303737839702

0.0003082890630563692, 0.000585506069979247
0.0, 0.0
0.0, 0.0
0.0, 0.0
0.0, 0.0
2.8701524615705583, 0.6125904575200347
5.323253993589012, 1.4314664602293785
3.2136537203201687, 2.387543818347467
25.33157531921459, 3.355471312937336

0.0004335170818916508, 0.0006089323377131734
0.0, 0.0
0.0, 0.0
0.0, 0.0
0.0, 0.0
0.7672074138285533, 0.5604130033617125
4.164990989777974, 1.4649718104670963
1.3417988461274486, 1.780147720814879
25.038516553029716, 3.446456857131572

0.0004007058233791693, 0.0007105018712218057
0.0, 0.0
0.0, 0.0
0.0, 0.0
0.0, 0.0
2.0656079581616686, -0.9944995549577321
2.6401501356291877, 1.3633042902120838
-0.06093157139174317, -0.8960176159002288
24.73428929510694, 3.5359050390654527

0.00036804523888449617, 0.0007457259281941434
0.0, 0.0
0.0, 0.0
0.0, 0.0
0.0, 0.0
3.4668339312312906, -1.0374576854215032
0.19971734412320166, 0.6328218656886077
2.2237145088205974, -2.1090534820177718
24.418642065590465, 3.6237205844642726

0.00030157796697166076, 0.0007881296120893015
0.0, 0.0
0.0, 0.0
0.0, 0.0
0.0, 0.0
4.306396016946307, -0.9015302679344357
2.09995763479265, -1.3177422634308713
3.8934500543939077, -2.5382335760881283
24.091304843911185, 3.709801217534589

0.00025678873844707886, 0.0008012633528496881
0.0, 0.0
0.0, 0.0
0.0, 0.0
0.0, 0.0
4.77388221264787, -0.6856872594109941
3.771999558489825, -1.5154799676469948
5.271051682028866, -2.7678760518539334
23.751987364303947, 3.794036864197467

0.0002333988135972654, 0.0008093915482922737
0.0, 0.0
0.0, 0.0
0.0, 0.0
0.0, 0.0
4.931406413281401, -0.4247776692084277
5.011307877999733, -1.5279249942656514
6.464866565605782, -2.8990358541261663
23.400377182854474, 3.876308735087877

0.00022810689980610354, 0.0008150279813315994
0.0, 0.0
0.0, 0.0
0.0, 0.0
0.0, 0.0
4.793386443473733, -0.13845757988800378
5.9931515900796235, -1.4595741656020396
7.526145364444742, -2.9700627426657515
23.036137479224386, 3.9564882715518372

0.00024085058456284393, 0.0008195129011588914
0.0, 0.0
0.0, 0.0
0.0, 0.0
0.0, 0.0
4.338525782132332, 0.15642767928543502
6.788639888609213, -1.3450624181869804
8.484274800588388, -3.00006363595175
22.658904546936824, 4.0344359254786015

0.0002746050928212544, 0.0008242878767796797
0.0, 0.0
0.0, 0.0
0.0, 0.0
0.0, 0.0
3.4923388739189587, 0.4350763046350515
7.435479673373241, -1.200763915011068
9.358100491805137, -3.0000828971348668
22.268284917571098, 4.109999740994826

0.00034010260066915336, 0.0008330421884554763
0.0, 0.0
0.0, 0.0
0.0, 0.0
0.0, 0.0
2.0225152948518117, 0.6232659708346331
7.956368339254327, -1.03595060411533
10.160630991066968, -2.9771432602694614
21.863852050937012, 4.183013697598634

0.00038839687094300234, 0.0009180496697761211
0.0, 0.0
0.0, 0.0
0.0, 0.0
0.0, 0.0
0.9501764775849575, -0.7918602759604909
8.365948298189284, -0.8565418003654166
10.901326076324166, -2.9360190501054877
21.445142505429537, 4.253295763507421

0.0002963423313564293, 0.0009507753727850684
0.0, 0.0
0.0, 0.0
0.0, 0.0
0.0, 0.0
2.853228718677828, -1.1148115740258793
8.673976239286228, -0.6666710247384988
11.587336636821497, -2.8801213346624057
21.011651469546603, 4.320645592382291

0.0002453256831210021, 0.0009657475799515735
0.0, 0.0
0.0, 0.0
0.0, 0.0
0.0, 0.0
3.927647166859577, -1.0682396475607856
8.886942021814187, -0.46945223601984093
12.224232041430069, -2.8119829569789645
20.56282755927524, 4.384841798968371

0.00021644765315883966, 0.0009748082554155908
0.0, 0.0
0.0, 0.0
0.0, 0.0
0.0, 0.0
4.568160449450886, -0.8994963610711361
9.00895131831023, -0.26740259384935383
12.816453936977753, -2.733543719866008
20.098066754849363, 4.445638726169008

0.0002047481463204171, 0.0009806619471716728
0.0, 0.0
0.0, 0.0
0.0, 0.0
0.0, 0.0
4.877942568158066, -0.6645315237160753
9.042209365092587, -0.06270412004557437
13.367612766007982, -2.646327489943638
19.61670522644848, 4.502762545359675

0.00020861523303051355, 0.000984555273580975
0.0, 0.0
0.0, 0.0
0.0, 0.0
0.0, 0.0
4.890520199617511, -0.3887936762099733
8.987258605604703, 0.14261114265672134
13.880689222128046, -2.5515572427307505
19.118010797842828, 4.555906523017705

0.00022825353754972965, 0.0009873337611412273
0.0, 0.0
0.0, 0.0
0.0, 0.0
0.0, 0.0
4.601852217058873, -0.08933111764455347
8.843035760402836, 0.346506113615026
14.358175647694088, -2.45023260959469
18.601172720821136, 4.604725231213885

0.00026581573578824, 0.00098989563647154
0.0, 0.0
0.0, 0.0
0.0, 0.0
0.0, 0.0
3.9676021295927746, 0.21574682827784325
8.60676279719114, 0.5467804700542103
14.80217802229242, -2.3431838005369943
18.065289328377716, 4.648827401220464

0.0003275280309738637, 0.0009940022396080978
0.0, 0.0
0.0, 0.0
0.0, 0.0
0.0, 0.0
2.8586765207859934, 0.4903445106689591
8.273643003510673, 0.7408745454616106
15.214491255422258, -2.231110116161344
17.509352994172023, 4.687767012822517

0.0004408277477526688, 0.0010104099122412568
0.0, 0.0
0.0, 0.0
0.0, 0.0
0.0, 0.0
0.7021953542639634, 0.5100233683178982
7.836275700167929, 0.9255834259366474
15.59665588652812, -2.114608102484297
16.932231629255238, 4.721032059573421

0.00038797214527144444, 0.001104398170306231
0.0, 0.0
0.0, 0.0
0.0, 0.0
0.0, 0.0
2.0653567254831295, -1.0921227071078596
7.283595466382836, 1.0965817478166924
15.950001495304475, -1.9941925547073676
16.332645654526228, 4.7480302028863965

0.000336373323286042, 0.001126870508116275
0.0, 0.0
0.0, 0.0
0.0, 0.0
0.0, 0.0
3.4442344508181915, -1.1890835299564293
6.598898501324735, 1.2475338346504756
16.275680415567365, -1.8703124761391596
15.709138994790232, 4.768070213098536

0.0003131537039650775, 0.0011403167683035102
0.0, 0.0
0.0, 0.0
0.0, 0.0
0.0, 0.0
4.2782616243243705, -1.087516571900436
5.755873383469077, 1.3681973712855855
16.574694455760806, -1.7433634364151724
15.060042230677482, 4.78033769898029

0.0003104118727916988, 0.0011499503695259474
0.0, 0.0
0.0, 0.0
0.0, 0.0
0.0, 0.0
4.746599027739319, -0.8909582182318473
4.7094638945536325, 1.4396309983107245
16.847916192085748, -1.6136972551234188
14.383424979149561, 4.78386274207147

0.0003266308544068114, 0.0011581511765446216
0.0, 0.0
0.0, 0.0
0.0, 0.0
0.0, 0.0
4.908123551614677, -0.6361864324172244
3.3694655918813217, 1.4183056486729633
17.096106014953296, -1.4816296990860154
13.677033289546973, 4.777475865725102

0.00036488751366857034, 0.0011682034439579054
0.0, 0.0
0.0, 0.0
0.0, 0.0
0.0, 0.0
4.77540312862834, -0.3432276323797595
1.478759151498765, 1.1414160819143102
17.319925899401508, -1.3474466820146829
12.93820581444274, 4.7597468608848486

0.00039693662983978647, 0.0012048153967983287
0.0, 0.0
0.0, 0.0
0.0, 0.0
0.0, 0.0
4.325398815629242, -0.028017060849573627
1.093073637209685, -1.0679628580912215
17.519950587695906, -1.2114093225336298
12.163759118527377, 4.728897651411143

0.0004136853563985311, 0.0012158022558231556
0.0, 0.0
0.0, 0.0
0.0, 0.0
0.0, 0.0
3.480582887119748, 0.2875866102304957
3.1089416361393636, -1.4813920820660238
17.696676699235166, -1.0737581244897003
11.349826802574134, 4.682674513836568

0.00046995926964925815, 0.0012252035364975463
0.0, 0.0
0.0, 0.0
0.0, 0.0
0.0, 0.0
1.997111466122515, 0.536934747162699
4.5020591923340625, -1.559299980302119
17.850530172574253, -0.9347164890556845
10.491627273194746, 4.618154109250306

0.0005084229139972104, 0.0013115369646144238
0.0, 0.0
0.0, 0.0
0.0, 0.0
0.0, 0.0
0.983783710235358, -0.85849075171131
5.584052051921368, -1.525540176016659
17.981872341851158, -0.7944936863142882
9.583116469078691, 4.531436556119694

0.0004134103177614051, 0.0013488707687645696
0.0, 0.0
0.0, 0.0
0.0, 0.0
0.0, 0.0
2.8353630225642243, -1.2430163147938411
6.455161596767905, -1.4330775023281743
18.091004829060143, -0.6532874075539865
8.616445965014243, 4.417134365470356

0.00035860522703980776, 0.0013672437320483989
0.0, 0.0
0.0, 0.0
0.0, 0.0
0.0, 0.0
3.8974729710494143, -1.2391788081241604
7.163933061908877, -1.304126565842686
18.17817351717778, -0.5112859980904737
7.581073061370864, 4.267466629137356

0.00032620457119859387, 0.00137875865811677
0.0, 0.0
0.0, 0.0
0.0, 0.0
0.0, 0.0
4.535700944043711, -1.096475799770662
7.738270384204881, -1.1504762328048848
18.243571784695703, -0.3686704351736085
6.462200419632683, 4.070516035431579

0.00031134538844884577, 0.0013863814487151817
0.0, 0.0
0.0, 0.0
0.0, 0.0
0.0, 0.0
4.847895419210541, -0.8738475824194639
8.195738355636573, -0.9793192344356249
18.287342963300834, -0.2256161233502564
5.237795610839523, 3.8064773757945405

0.0003124629731742997, 0.0013915407185538865
0.0, 0.0
0.0, 0.0
0.0, 0.0
0.0, 0.0
4.865294628096798, -0.597782641057984
8.547929526004149, -0.7954990146354104
18.309582116217427, -0.08229455615449581
3.872212905342967, 3.4381737470607474

0.00032988416646906516, 0.001395304928740326
0.0, 0.0
0.0, 0.0
0.0, 0.0
0.0, 0.0
4.582224111330741, -0.2850130334546123
8.802600060087848, -0.6025464732746424
18.310337200438774, 0.06112511392864003
2.3003353150986774, 2.880038084817977

0.0003660965914761601, 0.0013992645074288614
0.0, 0.0
0.0, 0.0
0.0, 0.0
0.0, 0.0
3.952261777565711, 0.048233338069103536
8.964807041412975, -0.4032250639080619
18.28960964634779, 0.20447455837625816
0.3875937999184007, 1.829270372445365

0.0004233523895529905, 0.0014088094114190538
0.0, 0.0
0.0, 0.0
0.0, 0.0
0.0, 0.0
2.8410962916440847, 0.3707834544982748
9.037535226820465, -0.19985172803109338
18.247354370110383, 0.3475847730670531
-0.26172930647243103, -1.2232095761624684

0.0005275957616482858, 0.0014251161932502612
0.0, 0.0
0.0, 0.0
0.0, 0.0
0.0, 0.0
0.6282275833646443, 0.4633799702672465
9.022027329290543, 0.0054899249674004655
18.18347921990683, 0.4902845614755526
1.7729451028355725, -2.6446254987115383

0.00046025260990346093, 0.0015228308917436856
0.0, 0.0
0.0, 0.0
0.0, 0.0
0.0, 0.0
2.0597342949537722, -1.1916446234076976
8.917913200438845, 0.2107851127696486
18.097843820807128, 0.632398960095437
3.4276947424579736, -3.2965087826986315

0.00039851209759413336, 0.0015481237591970817
0.0, 0.0
0.0, 0.0
0.0, 0.0
0.0, 0.0
3.4146498533499297, -1.3408895299803583
8.723171968589345, 0.41393485586910156
17.99025778036301, 0.7737475768728125
4.845849449812927, -3.7091712944367985

0.00036374642542099517, 0.0015628020403846454
0.0, 0.0
0.0, 0.0
0.0, 0.0
0.0, 0.0
4.241872359539432, -1.2728254636855751
8.433919133165647, 0.6125821579545964
17.860478351832818, 0.9141428164442208
6.107703173897109, -3.9997045908586073

0.00034787817078867333, 0.0015721610153311017
0.0, 0.0
0.0, 0.0
0.0, 0.0
0.0, 0.0
4.7103135501011195, -1.0950839566516242
8.043958905154312, 0.803876131666579
17.70820737923041, 1.0533879252408187
7.2552817751193945, -4.214538081118785

0.0003483232100979107, 0.001578154831849604
0.0, 0.0
0.0, 0.0
0.0, 0.0
0.0, 0.0
4.875591536179601, -0.8462366529391606
7.543963557443416, 0.9841010200970416
17.53308738594128, 1.191274782584899
8.313757881351066, -4.3772238542140975

0.0003647252906124863, 0.0015818625817595076
0.0, 0.0
0.0, 0.0
0.0, 0.0
0.0, 0.0
4.74848101294182, -0.5465845926552249
6.919974087849827, 1.1480169544728787
17.334696698430154, 1.327581372556826
9.299674526203853, -4.501502500235344

0.0003985417261138431, 0.0015841310541863682
0.0, 0.0
0.0, 0.0
0.0, 0.0
0.0, 0.0
4.30426729033556, -0.21097334297508494
6.15049905627738, 1.2875365951203108
17.112543435839836, 1.4620688458400894
10.224634240057748, -4.596155758778208

0.0004540953873296763, 0.0015860668099988528
0.0, 0.0
0.0, 0.0
0.0, 0.0
0.0, 0.0
3.4624680109549217, 0.14193240533645002
5.2002600421349285, 1.3886413599321488
16.866058140256964, 1.5944780559712912
11.097172737715338, -4.66716963823373

0.0005444926697075193, 0.0015908755608419268
0.0, 0.0
0.0, 0.0
0.0, 0.0
0.0, 0.0
1.967561862310934, 0.4538301921389202
4.004069491096958, 1.4224399703267803
16.59458475207662, 1.724525422094306
11.923802805851698, -4.7188254156676575

0.0006150901877634024, 0.001678567526535721
0.0, 0.0
0.0, 0.0
0.0, 0.0
0.0, 0.0
1.0103366268438558, -0.9274691367954874
2.4092015898694528, 1.3066081692051092
16.297369536566144, 1.8518979243392575
12.709638526600184, -4.754301542090882

0.0005693759929659254, 0.0017380037718282935
0.0, 0.0
0.0, 0.0
0.0, 0.0
0.0, 0.0
2.810773950059556, -1.3716010816113091
-0.24355307619639638, 0.036173303363967624
15.973547406493603, 1.9762469702667924
13.458789805825027, -4.776029132109937

0.0004848569808767568, 0.001780232166486533
0.0, 0.0
0.0, 0.0
0.0, 0.0
0.0, 0.0
3.859269438549501, -1.409458791603458
2.3443840838225847, -1.388235749107735
15.622125087678135, 2.0971808233428106
14.174623271071509, -4.785913653643993

0.00043439805090435203, 0.0017972303367447928
0.0, 0.0
0.0, 0.0
0.0, 0.0
0.0, 0.0
4.494284826319442, -1.2922890556232105
3.9383326113900567, -1.5648469361458306
15.24196030337148, 2.214255134616406
14.859941379794586, -4.785479397858087

0.00040502169213103834, 0.0018073974983651056
0.0, 0.0
0.0, 0.0
0.0, 0.0
0.0, 0.0
4.808267229389724, -1.081947300267799
5.13808098169782, -1.5753244683809922
14.831735597958184, 2.326960851531925
15.51710897864808, -4.775966995768367

0.00039319129925595697, 0.001813312468936883
0.0, 0.0
0.0, 0.0
0.0, 0.0
0.0, 0.0
4.830387298163834, -0.8058844850992828
6.093723984831041, -1.5082826174465305
14.389925086505269, 2.4347085757047857
16.14814512308983, -4.758401290765638

0.00039833455039646145, 0.0018162055930258999
0.0, 0.0
0.0, 0.0
0.0, 0.0
0.0, 0.0
4.553345966018892, -0.4801394824394927
6.869695361865616, -1.3960389850612973
13.914751711827803, 2.536807980200869
16.754791197612647, -4.733639828872968

0.0004222673174606305, 0.001816975776131127
0.0, 0.0
0.0, 0.0
0.0, 0.0
0.0, 0.0
3.928624921185827, -0.11884613640157296
7.500986435635047, -1.2540673892425858
13.404131505819223, 2.6324402396851996
17.338562462537368, -4.702408294016721

0.00047135004629824144, 0.0018169852198837854
0.0, 0.0
0.0, 0.0
0.0, 0.0
0.0, 0.0
2.816580819738834, 0.2521908653083802
8.008882796994962, -1.0912851628486944
12.855599661305355, 2.720620344111983
17.900787737785812, -4.665326922391133

0.0005776620182110947, 0.001826570078352113
0.0, 0.0
0.0, 0.0
0.0, 0.0
0.0, 0.0
0.540769993987971, 0.41813602553503326
8.407201539867382, -0.9134600092169924
12.266210517027362, 2.800144379364053
18.442640421169923, -4.622930540472865

0.0005048871966100232, 0.001925526504454623
0.0, 0.0
0.0, 0.0
0.0, 0.0
0.0, 0.0
2.0517126435493833, -1.292224667104615
8.705168605954382, -0.7246568438118877
11.632399037106133, 2.869513784522597
18.965163051380525, -4.575683998533703

0.00044233475981977053, 0.0019523141608977872
0.0, 0.0
0.0, 0.0
0.0, 0.0
0.0, 0.0
3.379815482019491, -1.4919812266979302
8.90890306424987, -0.5279576473271732
10.949783826507938, 2.9268232196114012
19.46928699488114, -4.523994223114261

0.0004055601974120404, 0.0019678434458502833
0.0, 0.0
0.0, 0.0
0.0, 0.0
0.0, 0.0
4.198097289220442, -1.4569312713981728
9.022230230552092, -0.32586489351061676
10.212878639511652, 2.969588786445808
19.955848491978447, -4.468219775396087

0.0003869818778220621, 0.0019774447657091195
0.0, 0.0
0.0, 0.0
0.0, 0.0
0.0, 0.0
4.665158641724727, -1.2979790633137154
9.047125330565944, -0.12055427831119185
9.414652493369696, 2.9944726669822948
20.42560179441034, -4.408678497518725

0.0003841210890631996, 0.0019830703284424
0.0, 0.0
0.0, 0.0
0.0, 0.0
0.0, 0.0
4.833240351125453, -1.0552070331980001
8.983924342298415, 0.08594412901738283
8.545826003193556, 2.996816934607888
20.879229989911686, -4.345653688027167

0.0003965977208390014, 0.001985739184318996
0.0, 0.0
0.0, 0.0
0.0, 0.0
0.0, 0.0
4.71123725359137, -0.7490387620938269
8.831359991735622, 0.29159218154694094
7.5936759596124075, 2.969797316291649
21.3173540096436, -4.279399137340059

0.00042575644102005317, 0.0019861561615020563
0.0, 0.0
0.0, 0.0
0.0, 0.0
0.0, 0.0
4.272672217402191, -0.3930870450030638
8.58643239202969, 0.49418479301412815
6.539840484779146, 2.9027386866192955
21.74054018207845, -4.210143268879732

0.00047572226835460767, 0.0019851247807703646
0.0, 0.0
0.0, 0.0
0.0, 0.0
0.0, 0.0
3.433874210077315, -0.002574780339471086
8.244080129930706, 0.69115063282565
5.355842156895779, 2.7773112666990625
22.14930661254188, -4.13809257134721

0.0005595416578252198, 0.001985123238119483
0.0, 0.0
0.0, 0.0
0.0, 0.0
0.0, 0.0
1.9259347175436972, 0.37319485790108475
7.796556529439886, 0.8792578518207506
3.992440405507712, 2.557162962549339
22.544128605714928, -4.063434464060374

0.0006159181366452369, 0.0020692758617455362
0.0, 0.0
0.0, 0.0
0.0, 0.0
0.0, 0.0
1.0417455837438623, -1.0024617875876716
7.232299877593735, 1.0541189887598563
2.3472161689282425, 2.1487805545294854
22.92544329996288, -3.98633970468439

0.0005501395808826539, 0.0021133287164942353
0.0, 0.0
0.0, 0.0
0.0, 0.0
0.0, 0.0
2.7854886271264316, -1.500905299204935
6.533818664003853, 1.209253010031302
0.11826507528433226, 1.0637952165546567
23.29365363868524, -3.906964421678573

0.000513496162101745, 0.0021414541754924575
0.0, 0.0
0.0, 0.0
0.0, 0.0
0.0, 0.0
3.8165442668585667, -1.5791237633634425
5.673393179852602, 1.33405593090673
1.1947252497296446, -1.7142018860274277
23.64913182380278, -3.8254518459128675

0.0004972382276325597, 0.002157522396563374
0.0, 0.0
0.0, 0.0
0.0, 0.0
0.0, 0.0
4.445770331259734, -1.4871118806404071
4.603007037095868, 1.4085537442302083
3.103194557163559, -2.361639268996904
23.992222346504644, -3.7419337969101836

0.0005013211493543071, 0.002169165233177692
0.0, 0.0
0.0, 0.0
0.0, 0.0
0.0, 0.0
4.76008543319997, -1.288633941102858
3.2243260959003748, 1.3852857510713368
4.606634755000085, -2.6713243414563896
24.323244614201798, -3.6565319621420995

0.0005283527912891448, 0.002180952770976392
0.0, 0.0
0.0, 0.0
0.0, 0.0
0.0, 0.0
4.785957611564033, -1.0117465045782008
1.2388875285358827, 1.0688870673588589
5.883781404625568, -2.845757689758247
24.642495245419322, -3.5693590020918737

0.0005403192060102818, 0.002216916860191414
0.0, 0.0
0.0, 0.0
0.0, 0.0
0.0, 0.0
4.514344618985693, -0.6721692687898829
1.3282863320072777, -1.1621627643611123
7.006742198005924, -2.9444415183649864
24.95025008400401, -3.480519509566481

0.000543068975286755, 0.002223773293393215
0.0, 0.0
0.0, 0.0
0.0, 0.0
0.0, 0.0
3.8945249708576135, -0.281880707550611
3.2465092547673393, -1.5318102789717751
8.013655692236377, -2.9938845147996456
25.24676597281664, -3.390110845851716

0.0005776424611246038, 0.0022248981191068076
0.0, 0.0
0.0, 0.0
0.0, 0.0
0.0, 0.0
2.780947685972983, 0.1388729508130771
4.601907307370874, -1.6074220337466343
8.927797082880842, -3.0084317066555823
25.532282323977174, -3.2982238749846613

0.0006759528582941139, 0.0022333418556367587
0.0, 0.0
0.0, 0.0
0.0, 0.0
0.0, 0.0
0.4241227197383821, 0.37297458931515765
5.661364428861368, -1.5761822712095013
9.764702411652108, -2.996817083699144
25.807022514833125, -3.2049436076285223

0.0005876882299596345, 0.0023365225518408098
0.0, 0.0
0.0, 0.0
0.0, 0.0
0.0, 0.0
2.0425763996156627, -1.3969242514050766
6.516725585061955, -1.4870867626578903
10.535400320997317, -2.964797717439805
26.071195123042973, -3.1103497681742653

0.0005171343024804779, 0.00236649930561369
0.0, 0.0
0.0, 0.0
0.0, 0.0
0.0, 0.0
3.340475787825956, -1.6442484622963889
7.213528838582356, -1.361364555142069
11.24807805905603, -2.9163925826944204
26.324995022896235, -3.0145172947429004

0.00047201891177005805, 0.0023841106005337417
0.0, 0.0
0.0, 0.0
0.0, 0.0
0.0, 0.0
4.14762103845692, -1.6405998269769657
7.778263886682646, -1.2104853107036817
11.909023746755503, -2.854532549848223
26.56860439374401, -2.9175167835876956

0.00044503475320927855, 0.002394870402587955
0.0, 0.0
0.0, 0.0
0.0, 0.0
0.0, 0.0
4.611914217214256, -1.4993277989752536
8.227714530685365, -1.0415273995243972
12.523196978561455, -2.781429823576394
26.8021936247695, -2.8194148863597794

0.0004336913697950036, 0.0024008235641007373
0.0, 0.0
0.0, 0.0
0.0, 0.0
0.0, 0.0
4.782039073025161, -1.2617733198166683
8.572990871377437, -0.8592931690859416
13.094593244035996, -2.698801481028728
27.025922120815235, -2.7202746666641597

0.0004375443659523154, 0.002402997614285116
0.0, 0.0
0.0, 0.0
0.0, 0.0
0.0, 0.0
4.664928448506648, -0.9483551418548312
8.821524196726138, -0.6672999983022501
13.626487027070672, -2.6080116327188447
27.239939026068882, -2.620155920285436

0.00045786781568214627, 0.0024020199747553043
0.0, 0.0
0.0, 0.0
0.0, 0.0
0.0, 0.0
4.232302881933783, -0.5713444684230837
8.978136244019263, -0.46830776001692087
14.12159983798452, -2.5101655745219627
27.444383875566487, -2.5191154636245443

0.0004987640768264408, 0.0023984793514471494
0.0, 0.0
0.0, 0.0
0.0, 0.0
0.0, 0.0
3.397227026967598, -0.14234285519569925
9.045628705034526, -0.26463257305355975
14.582219861149468, -2.4061742906284818
27.63938718254195, -2.4172073942305543

0.0005737305575835193, 0.00239430309293496
0.0, 0.0
0.0, 0.0
0.0, 0.0
0.0, 0.0
1.8763745923234778, 0.2989133785196636
9.025090271088626, -0.058356879794774864
15.010289320816717, -2.2967999350594632
27.825070968365686, -2.314483326766101

0.0006160758803020575, 0.0024770369854169028
0.0, 0.0
0.0, 0.0
0.0, 0.0
0.0, 0.0
1.0676650433605213, -1.081897497190642
8.916009321838384, 0.1485075245271871
15.407469647102872, -2.1826887078924995
28.001549239842884, -2.21099260731132

0.0005407604556270634, 0.002520129594891539
0.0, 0.0
0.0, 0.0
0.0, 0.0
0.0, 0.0
2.7541011013012278, -1.6316083584952277
8.716221759293079, 0.3538671557057133
15.775190932486424, -2.0643951347737555
28.16892841336133, -2.1067825077458466

0.0004990523833914281, 0.0025426100658787988
0.0, 0.0
0.0, 0.0
0.0, 0.0
0.0, 0.0
3.766258429797637, -1.748341740815362
8.421682419393747, 0.5553726076015204
16.11469022292975, -1.942400371184672
28.32730770884787, -2.0018984013923604

0.00047746267196892755, 0.0025563605292973006
0.0, 0.0
0.0, 0.0
0.0, 0.0
0.0, 0.0
4.388725168069309, -1.6802740696232605
8.025997149380139, 0.7501805471083464
16.427041609406075, -1.817126222700288
28.476779521468313, -1.8963839228672144

0.00047224875452105114, 0.002564563990359454
0.0, 0.0
0.0, 0.0
0.0, 0.0
0.0, 0.0
4.702770085277243, -1.4929902109283817
7.519568694831022, 0.9345769946049272
16.713179984563496, -1.6889460612521745
28.617429752510933, -1.7902811169218225

0.0004824696282909774, 0.0025686596570397516
0.0, 0.0
0.0, 0.0
0.0, 0.0
0.0, 0.0
4.7323733145812765, -1.2150646526406532
6.888034091012177, 1.1033029718832055
16.973920014009753, -1.5581934525562553
28.74933810716077, -1.6836305763235317

0.0005089539394027018, 0.0025694819758567368
0.0, 0.0
0.0, 0.0
0.0, 0.0
0.0, 0.0
4.4667638680868675, -0.8615264889266853
6.109226094525258, 1.248188361029409
17.209971418967314, -1.4251690682561933
28.872578363527506, -1.5764715696871159

0.0005547459881793418, 0.002567694714345659
0.0, 0.0
0.0, 0.0
0.0, 0.0
0.0, 0.0
3.8530481753554033, -0.4419927688451735
5.1465657011624115, 1.3549281824262163
17.421951365964528, -1.2901462964735786
28.987218615469676, -1.4688421603656647

0.0006280469667296197, 0.0025644033218264408
0.0, 0.0
0.0, 0.0
0.0, 0.0
0.0, 0.0
2.739733650189421, 0.029347577496310943
3.9317787982685863, 1.393556128809714
17.61039455594758, -1.1533758530436329
29.09332149121899, -1.3607793173895772

0.0007712353353059784, 0.002571702534377356
0.0, 0.0
0.0, 0.0
0.0, 0.0
0.0, 0.0
0.28750298130512547, 0.32542328164039974
2.301271251645649, 1.2757839500390453
17.775761458009864, -1.0150896185475384
29.190944349217425, -1.2523190193783984

0.0007258640503092969, 0.0027018607049362196
0.0, 0.0
0.0, 0.0
0.0, 0.0
0.0, 0.0
2.0271457287930743, -1.5030538132325997
-0.12512900524865284, -0.3478396623663968
17.91844500643522, -0.8755038711717057
29.280139449353275, -1.1434963522625228

0.0006318818058133493, 0.002751074688666982
0.0, 0.0
0.0, 0.0
0.0, 0.0
0.0, 0.0
3.293733773126093, -1.7960363423914447
2.4387771145631474, -1.433392235799693
18.038776033495985, -0.7348220426887689
29.360954101188195, -1.0343455999147422

0.0005747790754181529, 0.002774601160715482
0.0, 0.0
0.0, 0.0
0.0, 0.0
0.0, 0.0
4.088581587192591, -1.8226526177366629
4.000903443131649, -1.61009092085888
18.13702777984687, -0.5932370998214083
29.433430812645764, -0.9249003271685703

0.0005390944753947024, 0.002788636213735764
0.0, 0.0
0.0, 0.0
0.0, 0.0
0.0, 0.0
4.549386089799113, -1.6972902894773554
5.183984353142877, -1.630023422458221
18.213419509880985, -0.4509336403404424
29.497607424682105, -0.8151934594030464

0.000520660832927319, 0.0027964021356337563
0.0, 0.0
0.0, 0.0
0.0, 0.0
0.0, 0.0
4.721579916811644, -1.4632134916643977
6.128036288534157, -1.5742724342430714
18.268119315975753, -0.3080897753187269
29.55351722656204, -0.7052573594949867

0.0005183632507639652, 0.0027993075342864636
0.0, 0.0
0.0, 0.0
0.0, 0.0
0.0, 0.0
4.609792364479242, -1.1410334161971212
6.895652851875274, -1.4725895379133689
18.30124621454782, -0.16487885394941715
29.601189054709042, -0.5951239021741107

0.00053315693895658, 0.002798089770134108
0.0, 0.0
0.0, 0.0
0.0, 0.0
0.0, 0.0
4.183896711619264, -0.7416629336016531
7.520586961241634, -1.3401209705483348
18.31287160352047, -0.02147107612378219
29.640647376886996, -0.4848245459023253

0.00056905302794142, 0.0027932551834097172
0.0, 0.0
0.0, 0.0
0.0, 0.0
0.0, 0.0
3.353646595678895, -0.2730573123127531
8.023459407074416, -1.1857158878615364
18.303020124204057, 0.12196496611100188
29.671912362445294, -0.374390402696754

0.000640108078382886, 0.002786319074611868
0.0, 0.0
0.0, 0.0
0.0, 0.0
0.0, 0.0
1.8204030463623282, 0.23475585335403487
8.41768381461785, -1.0151340439142642
18.271669950784332, 0.2652607811383147
29.694999938955444, -0.2638523063282552

0.0006746601392997818, 0.0028702079556328077
0.0, 0.0
0.0, 0.0
0.0, 0.0
0.0, 0.0
1.0835197821887912, -1.1647315881908116
8.71221640257687, -0.8324461314913341
18.218752508284318, 0.4082464684461887
29.709921834534455, -0.15324087948288845

0.0005976628541184837, 0.00291572819830823
0.0, 0.0
0.0, 0.0
0.0, 0.0
0.0, 0.0
2.7141976779358257, -1.7626935851054786
8.91298008289628, -0.6407380978467673
18.144151582253492, 0.5507491714233176
29.71668560127977, -0.04258660029267843

0.0005524406531656515, 0.0029398993103945067
0.0, 0.0
0.0, 0.0
0.0, 0.0
0.0, 0.0
3.707271738180776, -1.915100771416298
9.023645055447247, -0.4425087011033637
18.04770189885275, 0.6925914802714567
29.715294634282085, 0.06808013518942967

0.0005265547241967775, 0.002954523080709047
0.0, 0.0
0.0, 0.0
0.0, 0.0
0.0, 0.0
4.322917648446068, -1.8686612311566104
9.046053274097186, -0.23991952662395682
17.929187141361528, 0.8335897467497508
29.705748189269144, 0.17872895357204646

0.00051638897046857, 0.002962839001638798
0.0, 0.0
0.0, 0.0
0.0, 0.0
0.0, 0.0
4.636878215498077, -1.69066462041467
8.980415395347002, -0.03497404872876976
17.788337246359745, 0.9735522267649871
29.688041383999067, 0.2893294423002125

0.0005209372587909149, 0.002966262366867082
0.0, 0.0
0.0, 0.0
0.0, 0.0
0.0, 0.0
4.670675459866688, -1.41016700470636
8.825334458502486, 0.17033096805568437
17.624824915994036, 1.1122770053667845
29.662165186426876, 0.399851086746545

0.0005408402088278286, 0.002965508482323427
0.0, 0.0
0.0, 0.0
0.0, 0.0
0.0, 0.0
4.4118424821131095, -1.0415075291093854
8.577662837141803, 0.37384964311364455
17.43826123870771, 1.2495496410617601
29.628106390588457, 0.5102632063245459

0.0005787987508343173, 0.0029609610480517104
0.0, 0.0
0.0, 0.0
0.0, 0.0
0.0, 0.0
3.8053594627733474, -0.5919711214828143
8.232155042744195, 0.5730917083295767
17.228190268503468, 1.3851404474440312
29.585847580115388, 0.6205348892764603

0.000642439081322868, 0.002953054857308779
0.0, 0.0
0.0, 0.0
0.0, 0.0
0.0, 0.0
2.693799787274899, -0.06972318418349882
7.78081556223821, 0.764933410494171
16.994082364558913, 1.5188013088399637
29.535367078995098, 0.730634925727045

0.000777333750536093, 0.00295420804459617
0.0, 0.0
0.0, 0.0
0.0, 0.0
0.0, 0.0
0.12556331854392186, 0.26623764782960885
7.211717628376469, 0.945128037817369
16.735326029778925, 1.650261897873769
29.476638888785974, 0.8405317384736827

0.0007021596573092811, 0.0030611240927832474
0.0, 0.0
0.0, 0.0
0.0, 0.0
0.0, 0.0
2.002614913906121, -1.6090873247087407
6.506781075285951, 1.1073703603370662
16.451217882216962, 1.7792251184026628
29.409632608499663, 0.9501933104515323

0.0006599999417372702, 0.003094976734111341
0.0, 0.0
0.0, 0.0
0.0, 0.0
0.0, 0.0
3.238597214442466, -1.94437451686522
5.637214435845435, 1.2412489871061028
16.14095033205625, 1.9053615699586233
29.334313337120424, 1.0595871102017813

0.0006425989247470707, 0.003116126803164438
0.0, 0.0
0.0, 0.0
0.0, 0.0
0.0, 0.0
4.021652139022228, -1.998808599781556
4.552698240090393, 1.3268574807533984
15.803596542874184, 2.028302805556173
29.250641576698296, 1.1686800203888836

0.0006453605316592448, 0.00313086204128766
0.0, 0.0
0.0, 0.0
0.0, 0.0
0.0, 0.0
4.47955267501955, -1.8896167128924968
3.14834664551974, 1.3156002975141357
15.438091773629274, 2.147632912540913
29.158573120609553, 1.2774382619165634

0.0006710867190182042, 0.003144350547458972
0.0, 0.0
0.0, 0.0
0.0, 0.0
0.0, 0.0
4.6540476336359005, -1.6601950532223195
1.0886046170771493, 0.9905995102063518
15.043210029717853, 2.2628778398955736
29.058058923102713, 1.3858273120246882

0.0006751621296728717, 0.003179990983810794
0.0, 0.0
0.0, 0.0
0.0, 0.0
0.0, 0.0
4.548258381234749, -1.3306972737789606
1.488071218991404, -1.2195233215150278
14.617534579938432, 2.3734916960491867
28.9490449509689, 1.4938118173913055

0.0006734555717155807, 0.0031848277647740725
0.0, 0.0
0.0, 0.0
0.0, 0.0
0.0, 0.0
4.130474214075691, -0.9104905123024124
3.341540158191915, -1.5744217133383054
14.15942030668892, 2.4788388777557837
28.83147201638493, 1.6013555016596852

0.0006986839405214646, 0.003181674565914772
0.0, 0.0
0.0, 0.0
0.0, 0.0
0.0, 0.0
3.307487326255683, -0.40356468013937774
4.669325363337013, -1.6584829329153998
13.666945021266153, 2.5781703400132674
28.705275592800632, 1.708421065841969

0.0007623701210740277, 0.0031737978321615254
0.0, 0.0
0.0, 0.0
0.0, 0.0
0.0, 0.0
1.7659350421235056, 0.17142045085059782
5.711853853735144, -1.637988488991041
13.137845452586845, 2.670591513630876
28.570385610951682, 1.8149700825995303

0.000787557600636089, 0.0032601128913325073
0.0, 0.0
0.0, 0.0
0.0, 0.0
0.0, 0.0
1.0931462298127554, -1.2448329640475546
6.55534928236503, -1.5594244440601253
12.569431495586999, 2.755017927344943
28.426726229864176, 1.920962881434505

0.0007077838382652561, 0.0033090884858963084
0.0, 0.0
0.0, 0.0
0.0, 0.0
0.0, 0.0
2.669335468853873, -1.8892057609593258
7.243217681074634, -1.44339541469158
11.958468782564173, 2.8301122804795757
28.274215575503074, 2.0263584230366085

0.0006587762001078602, 0.0033359289483693043
0.0, 0.0
0.0, 0.0
0.0, 0.0
0.0, 0.0
3.642233025888674, -2.0769245323749015
7.800904690351182, -1.3011837638653914
11.301014286093162, 2.894192976604552
28.112765460262466, 2.1311141693957185

0.0006289459366919122, 0.0033524123781788254
0.0, 0.0
0.0, 0.0
0.0, 0.0
0.0, 0.0
4.250122872722978, -2.052655212098011
8.244598097831693, -1.1398108198684784
10.592179287929081, 2.9450965481312212
27.942281083878, 2.2351859479153933

0.0006147904116158981, 0.0033618855630856664
0.0, 0.0
0.0, 0.0
0.0, 0.0
0.0, 0.0
4.563497558889605, -1.884980482810558
8.585027792098998, -0.9640634715661301
9.825775122344327, 2.979961954538429
27.762660699113276, 2.3385277999970993

0.0006153105223687065, 0.003365805572784812
0.0, 0.0
0.0, 0.0
0.0, 0.0
0.0, 0.0
4.601527435959761, -1.6032077345517195
8.829359367338188, -0.7774542928770489
8.993760727838946, 2.9948757001512716
27.573795241811887, 2.441091814842476

0.0006311346723848905, 0.00336486588876386
0.0, 0.0
0.0, 0.0
0.0, 0.0
0.0, 0.0
4.350158821004117, -1.2207901619068333
8.982213051551899, -0.5827366156732733
8.085333889833022, 2.9842511478063205
27.375567922624796, 2.5428279472820234

0.0006649767157410578, 0.0033593406296423467
0.0, 0.0
0.0, 0.0
0.0, 0.0
0.0, 0.0
3.7524206784515086, -0.7423956832522235
9.046225153601654, -0.3822127952984124
7.085331078971768, 2.9396528450927715
27.16785377638656, 2.6436838175151527

0.0007246538540557901, 0.0033493549401338372
0.0, 0.0
0.0, 0.0
0.0, 0.0
0.0, 0.0
2.645224121492078, -0.16939893938370018
9.022337032583668, -0.17794143003569474
5.971145516121041, 2.847318677560215
26.950519164243385, 2.7436044901952177

0.0008623211557711774, 0.0033517954086248495
0.0, 0.0
0.0, 0.0
0.0, 0.0
0.0, 0.0
-0.0627130341904045, 0.14600320201095754
8.909893493149035, 0.02810180272850742
4.705995820250745, 2.6820812428153515
26.72342122247529, 2.8425322296543585

0.0007753938524211358, 0.003458265368712956
0.0, 0.0
0.0, 0.0
0.0, 0.0
0.0, 0.0
1.9746198030330009, -1.7130357574110295
8.706576428263922, 0.2338742728163975
3.221119512385522, 2.388378941971429
26.486407246928312, 2.9404062260923225

0.0007304644492919474, 0.003494722857760154
0.0, 0.0
0.0, 0.0
0.0, 0.0
0.0, 0.0
3.178328317623791, -2.0896257634367386
8.40815803275326, 0.4370953707379895
1.3503461843336797, 1.7848980430156212
26.23931400587379, 3.03716229223582

0.0007067503998004757, 0.003521729957788972
0.0, 0.0
0.0, 0.0
0.0, 0.0
0.0, 0.0
3.9478605457199056, -2.172042539388975
8.008007455833011, 0.6350122805878575
-0.07218800976986414, -0.8836944030315718
25.98196699585066, 3.132732538398038

0.0006916324024483501, 0.0035373315029736552
0.0, 0.0
0.0, 0.0
0.0, 0.0
0.0, 0.0
4.401625616583798, -2.0787059529960774
7.496193189532192, 0.8240273791527626
2.213201893751114, -2.1082727583332375
25.714179614391824, 3.2270450082060442

0.0006929226215174724, 0.0035451271996320075
0.0, 0.0
0.0, 0.0
0.0, 0.0
0.0, 0.0
4.578038809156859, -1.8536942067887745
6.85783573003996, 0.9990254461643686
3.8836610681635544, -2.5412546133074136
25.435752236318265, 3.32002326664461

0.0007101844996504986, 0.003547465544734584
0.0, 0.0
0.0, 0.0
0.0, 0.0
0.0, 0.0
4.478404501768075, -1.5168125654527944
6.069881602809895, 1.1519948021022244
5.261857527255536, -2.7734070150123777
25.146471181894174, 3.4115859366898253

0.0007453169773114782, 0.0035451379479270488
0.0, 0.0
0.0, 0.0
0.0, 0.0
0.0, 0.0
4.0694468236681525, -1.0757377734301603
5.094005942118534, 1.2687200577921256
6.456153292512767, -2.906460363071818
24.846107562956096, 3.5016461768256457

0.0008038302860090887, 0.0035386468443768465
0.0, 0.0
0.0, 0.0
0.0, 0.0
0.0, 0.0
3.2550445520569973, -0.53011533710795
3.857674617283443, 1.3187522696132037
7.51786710883889, -2.9790808918232154
24.53441598897813, 3.590111089091557

0.0009039255655175147, 0.0035296790424585067
0.0, 0.0
0.0, 0.0
0.0, 0.0
0.0, 0.0
1.7060714260131244, 0.11373744639253554
2.181445927143802, 1.208012115394729
8.476418890115502, -3.0104755573403317
24.21113311159471, 3.6768810456610375

0.0009642966178780857, 0.003644707350315565
0.0, 0.0
0.0, 0.0
0.0, 0.0
0.0, 0.0
1.0972487777218634, -1.3273015830687804
0.16090828666962848, -0.624770701505436
9.350664857498833, -3.0117381157140852
23.875975979873242, 3.7618489181115162

0.0008599814619834125, 0.003709810422455003
0.0, 0.0
0.0, 0.0
0.0, 0.0
0.0, 0.0
2.618433485569598, -2.015445923819816
2.5703412719271044, -1.4798706520822895
10.153616875854397, -2.9899207728472184
23.528640164018302, 3.84489918905817

0.0007957203120559979, 0.003742953726733118
0.0, 0.0
0.0, 0.0
0.0, 0.0
0.0, 0.0
3.5699068909335163, -2.236700223063612
4.089855984578235, -1.6591126707722132
10.894735366711425, -2.949817513808471
23.168797639850645, 3.925906944742488

0.0007535532155694072, 0.0037631787653889404
0.0, 0.0
0.0, 0.0
0.0, 0.0
0.0, 0.0
4.16925064583532, -2.2332926479080553
5.249255661223175, -1.6861743214327467
11.581171556109018, -2.894853543931414
22.796094398157393, 4.004736726253745

0.0007285051527455356, 0.00377491395074785
0.0, 0.0
0.0, 0.0
0.0, 0.0
0.0, 0.0
4.481693070165742, -2.074950966633014
6.178238265391763, -1.6378020764845576
12.21849550482349, -2.827572292631399
22.41014770462122, 4.081241191195087

0.0007189379524419638, 0.0037799863752722295
0.0, 0.0
0.0, 0.0
0.0, 0.0
0.0, 0.0
4.524011255564944, -1.7911436744718945
6.934873338939566, -1.5431661999722288
12.811149548156719, -2.7499216634726875
22.01054295116943, 4.1552595515371005

0.000725133337349079, 0.0037792065480873006
0.0, 0.0
0.0, 0.0
0.0, 0.0
0.0, 0.0
4.280548823955826, -1.3943645103876854
7.551274950848663, -1.4170198187422511
13.362744675945777, -2.6634318744089946
21.596830024288938, 4.2266157435492

0.000749615455858194, 0.003772795031704364
0.0, 0.0
0.0, 0.0
0.0, 0.0
0.0, 0.0
3.6923679132835705, -0.8865603419738717
8.047231120269378, -1.2680828799994677
13.876261975441956, -2.5693309968513054
21.16851909678446, 4.2951162719240195

0.0008002589139137642, 0.003760562831120134
0.0, 0.0
0.0, 0.0
0.0, 0.0
0.0, 0.0
2.59046529589724, -0.2620010751512957
8.435662106696318, -1.1020740697096587
14.354194051957245, -2.4686228383784603
20.72507572615596, 4.360547654161034

0.0009302832036631711, 0.0037710040015101172
0.0, 0.0
0.0, 0.0
0.0, 0.0
0.0, 0.0
-0.1432855938023164, -0.1166552149093539
8.725200342271199, -0.9230528778747793
14.798647046816564, -2.3621410982720246
20.265915112174795, 4.422673369638692

0.0008318710527781128, 0.0038694012431992565
0.0, 0.0
0.0, 0.0
0.0, 0.0
0.0, 0.0
1.9412012908952083, -1.8178765850160585
8.921537882237663, -0.7341020873695048
15.211415907293771, -2.2505880367825646
19.790395316670107, 4.481230183525445

0.0007784599453370289, 0.003906334907861211
0.0, 0.0
0.0, 0.0
0.0, 0.0
0.0, 0.0
3.11161043106734, -2.2330459677037884
9.028166416882044, -0.5377160584193453
15.59404108190671, -2.134562739170861
19.297809205252943, 4.535923699788066

0.0007462264211971695, 0.003928568940731244
0.0, 0.0
0.0, 0.0
0.0, 0.0
0.0, 0.0
3.866755280968305, -2.341648269002877
9.046778382381753, -0.3360467063981033
15.947852153389631, -2.0145821923475395
18.787374853357733, 4.586422984035641

0.0007299579666474983, 0.003941820587168475
0.0, 0.0
0.0, 0.0
0.0, 0.0
0.0, 0.0
4.315861678861031, -2.2628815952699735
8.977447894465472, -0.13108021742999024
16.27400171305382, -1.8910972955402015
18.258223994020046, 4.632353945678557

0.0007280030054330521, 0.00394824740458564
0.0, 0.0
0.0, 0.0
0.0, 0.0
0.0, 0.0
4.494011884582567, -2.0413376282717843
8.81864094924864, 0.07521322814224919
16.573491983941043, -1.7645052408398174
17.709387986560774, 4.6732911112702284

0.0007404341517307272, 0.003948804830692554
0.0, 0.0
0.0, 0.0
0.0, 0.0
0.0, 0.0
4.40068972203091, -1.696368998790462
8.567058214818895, 0.2807252160048966
16.84719599768942, -1.6351592304161569
17.139780619571592, 4.70874729973889

0.0007689943289359148, 0.003943812408187456
0.0, 0.0
0.0, 0.0
0.0, 0.0
0.0, 0.0
4.001019752830212, -1.2338983631772098
8.217269268536624, 0.48301558612788925
17.09587459615525, -1.5033762127984989
16.54817681960136, 4.738160512686393

0.0008185331930053349, 0.0039330884455582174
0.0, 0.0
0.0, 0.0
0.0, 0.0
0.0, 0.0
3.195864527876292, -0.6491537134128773
7.7610315206015, 0.6790251165354809
17.320190181887547, -1.3694431234959719
15.933185994442947, 4.760877069706287

0.0009057597951296788, 0.0039163730373156245
0.0, 0.0
0.0, 0.0
0.0, 0.0
0.0, 0.0
1.6387393863356738, 0.06461301602415127
7.186057399409444, 0.864586109060444
17.520717898891434, -1.2336219806935431
15.293218241795866, 4.776129593839462

0.0009466234351491994, 0.004004430884608236
0.0, 0.0
0.0, 0.0
0.0, 0.0
0.0, 0.0
1.0970035757031422, -1.4123000529427185
6.473686506376658, 1.0334778231117785
17.69795474451395, -1.0961540963917462
14.626440905147916, 4.7830077913032

0.0008942206923966791, 0.004057162074378517
0.0, 0.0
0.0, 0.0
0.0, 0.0
0.0, 0.0
2.5627786531904064, -2.140233159886046
5.594069636986994, 1.1753330565076179
17.852326971661885, -0.9572635982502901
13.930721776738377, 4.780418927631419

0.0008706951455772998, 0.00408793098927969
0.0, 0.0
0.0, 0.0
0.0, 0.0
0.0, 0.0
3.491804331427915, -2.393201647848727
4.494591527065277, 1.2700340011053468
17.98419620564202, -0.8171603920098767
13.203553585515058, 4.767033446230509

0.0008682162937126002, 0.0041088530181542125
0.0, 0.0
0.0, 0.0
0.0, 0.0
0.0, 0.0
4.081743572470305, -2.4099491920918372
3.0636798566521417, 1.2671332866940597
18.093864465160678, -0.6760426938874691
12.441951532052741, 4.741208289869642

0.0008893066478660438, 0.004126796866559128
0.0, 0.0
0.0, 0.0
0.0, 0.0
0.0, 0.0
4.39271778389279, -2.2607862284940508
0.9243721769306581, 0.9209014555187717
18.18157817284449, -0.5340992587234129
11.6423108588966, 4.700875603184151

0.0008826470825861818, 0.004164694055922375
0.0, 0.0
0.0, 0.0
0.0, 0.0
0.0, 0.0
4.439202000716995, -1.9751062201149139
1.6233915080305001, -1.2760311966022602
18.247531316149345, -0.39151136531619796
10.800203317945426, 4.643375919658494

0.0008738900108724518, 0.004170229820813234
0.0, 0.0
0.0, 0.0
0.0, 0.0
0.0, 0.0
4.204004352789872, -1.5642845625640904
3.4224978929909904, -1.6209360504853507
18.291867867817633, -0.2484546189760853
9.91007669671333, 4.565198318476308

0.0008887314217422164, 0.004166188993449644
0.0, 0.0
0.0, 0.0
0.0, 0.0
0.0, 0.0
3.6262035951107463, -1.027520937393112
4.726815254462064, -1.7114223893628608
18.31468355613196, -0.10510062728482363
8.964793648557848, 4.461556218307253

0.0009324116527222263, 0.004154102678944103
0.0, 0.0
0.0, 0.0
0.0, 0.0
0.0, 0.0
2.53100899840101, -0.3513137475417271
5.755081170483242, -1.6985967819358467
18.31602703024988, 0.03838142437129768
7.954888777482046, 4.325653163358981

0.0010514753963685554, 0.004172251426441432
0.0, 0.0
0.0, 0.0
0.0, 0.0
0.0, 0.0
-0.0808257821819866, -0.32402927539733056
6.58874102144888, -1.6273625009574373
18.295900438258762, 0.18182324727269622
6.8672977768936425, 4.1473133131936475

0.0009536617947037753, 0.004267529605370854
0.0, 0.0
0.0, 0.0
0.0, 0.0
0.0, 0.0
1.9050586609334128, -1.9216504437105377
7.269362355923812, -1.517879748124873
18.254259413299955, 0.32505593415220746
5.683008685475906, 3.910158613521365

0.0008986254900135883, 0.004307972692312213
0.0, 0.0
0.0, 0.0
0.0, 0.0
0.0, 0.0
3.0405717401324677, -2.373283917309843
7.8214865298994445, -1.381314186009557
18.191012494213577, 0.4679084386441772
4.372250959193781, 3.5849151791563347

0.0008646090686292122, 0.0043333589619879214
0.0, 0.0
0.0, 0.0
0.0, 0.0
0.0, 0.0
3.7798494055320586, -2.5072547738070305
8.260787673501294, -1.224664601813439
18.106020062085076, 0.6102060473534089
2.883187443734943, 3.1097413292426097

0.0008469453859814858, 0.0043499107437072575
0.0, 0.0
0.0, 0.0
0.0, 0.0
0.0, 0.0
4.223223265425423, -2.442893911067348
8.59767243090633, -1.052722994633879
17.999092661305728, 0.7517687545130008
1.1113517034523896, 2.3051352947103

0.0008435726955772926, 0.004362804114877016
0.0, 0.0
0.0, 0.0
0.0, 0.0
0.0, 0.0
4.402483341107698, -2.225028773292293
8.839085644876816, -0.8690122559944905
17.86998865327451, 0.8924094933770708
-0.7691460448623145, 0.006244305717465935

0.0008446260134976733, 0.0043691517509063605
0.0, 0.0
0.0, 0.0
0.0, 0.0
0.0, 0.0
4.3153196993198435, -1.8723897351113368
8.989485515227212, -0.6762925012912532
17.718411143191908, 1.0319321839895856
1.107640831768164, -2.2967496455367375

0.0008617121597324306, 0.004365329799912108
0.0, 0.0
0.0, 0.0
0.0, 0.0
0.0, 0.0
3.925307588119718, -1.3889508554012169
9.051380893040147, -0.4768653120576117
17.5440040866784, 1.1701295339454267
2.878943152843645, -3.1035315526156135

0.0009001478128586746, 0.004353900900491551
0.0, 0.0
0.0, 0.0
0.0, 0.0
0.0, 0.0
3.1302929925035734, -0.7651285447179653
9.025605397668215, -0.27277874814125347
17.346347436818046, 1.3067805207111864
4.367733247801679, -3.580317677203404

0.0009771179451331282, 0.004334328322241672
0.0, 0.0
0.0, 0.0
0.0, 0.0
0.0, 0.0
1.5647223665559125, 0.02058496447331736
8.911405471327226, -0.06598674647921815
17.124951166721996, 1.4416474674414
5.678311302779401, -3.906902797330918

0.0010034814350758532, 0.004424529681601893
0.0, 0.0
0.0, 0.0
0.0, 0.0
0.0, 0.0
1.0949550472909555, -1.4994162375381495
8.706365249205591, 0.14150249281481564
16.879247931465883, 1.5744725859472055
6.862476629682963, -4.14524345106248

0.0009418763405595485, 0.004478548984468837
0.0, 0.0
0.0, 0.0
0.0, 0.0
0.0, 0.0
2.503824086370287, -2.263644457075206
8.406149208443239, 0.34745796704960485
16.60858403804451, 1.7049738342859602
7.949983808824924, -4.324659191429588

0.0009060421855209567, 0.004509564632470263
0.0, 0.0
0.0, 0.0
0.0, 0.0
0.0, 0.0
3.40839101481156, -2.5466194899649888
8.00399444797945, 0.5491956380265458
16.312208461320136, 1.8328399786910343
8.959832738846673, -4.461552491838825

0.0008875629573261854, 0.0045288285839630805
0.0, 0.0
0.0, 0.0
0.0, 0.0
0.0, 0.0
3.9874185316597885, -2.5825697183445575
7.489790586896698, 0.7432114410711632
15.989259393142623, 1.9577245853917589
9.90507943075498, -4.566115105939772

0.0008840087253985667, 0.00453979794315918
0.0, 0.0
0.0, 0.0
0.0, 0.0
0.0, 0.0
4.295908061239145, -2.4420789929929483
6.848389195126787, 0.9245155870112384
15.63874759701153, 2.0792385431945193
10.795184363380189, -4.645154836451278

0.0008951205909204206, 0.004543988101640286
0.0, 0.0
0.0, 0.0
0.0, 0.0
0.0, 0.0
4.345989549056743, -2.1542832743833658
6.056282997563053, 1.0852597199211091
15.259535690787065, 2.1969406665472007
11.63728217616121, -4.703466721164508

0.0009223411141006391, 0.0045420914159179345
0.0, 0.0
0.0, 0.0
0.0, 0.0
0.0, 0.0
4.118923283430622, -1.7292839382334027
5.07426022178292, 1.211415163887467
14.850312137849746, 2.310325728775554
12.436923561811776, -4.744568152581601

0.0009697232549662451, 0.0045343526745043475
0.0, 0.0
0.0, 0.0
0.0, 0.0
0.0, 0.0
3.5519453241119865, -1.1629389981649563
3.8276225182516868, 1.2725644409525498
14.409558248022083, 2.418808991670315
13.198535850138663, -4.771123679552866

0.0010485995069872836, 0.0045211148269438265
0.0, 0.0
0.0, 0.0
0.0, 0.0
0.0, 0.0
2.46356956815131, -0.43345266117906195
2.128724177913045, 1.1723327729348036
13.935505783817826, 2.521705867446774
13.925723099286511, -4.785205239893751

0.0011957300536782215, 0.004570662144779455
0.0, 0.0
0.0, 0.0
0.0, 0.0
0.0, 0.0
-0.00540813617908013, -0.486799564363543
0.2737824864179605, -0.7103830842756476
13.426081693093009, 2.6182046733497377
14.621469447323209, -4.788459231796221

0.0010760775770930066, 0.004675837820278645
0.0, 0.0
0.0, 0.0
0.0, 0.0
0.0, 0.0
1.865218471433325, -2.027777805239242
2.6139597672922257, -1.5188233876457213
12.878834754803897, 2.7073293404425063
15.288281430334045, -4.782217978271838

0.0010053800899775954, 0.004721795810946837
0.0, 0.0
0.0, 0.0
0.0, 0.0
0.0, 0.0
2.964417355280047, -2.513100868504452
4.11419612344909, -1.707455270107796
12.290836428552863, 2.7878873289440347
15.928290416618175, -4.767576573103034

0.0009578303441679458, 0.004749955557370332
0.0, 0.0
0.0, 0.0
0.0, 0.0
0.0, 0.0
3.686980372003338, -2.670835048912271
5.262994479017677, -1.7439839025757786
11.65854398131776, 2.8583951949382285
16.543328277510803, -4.745447349146613

0.0009272912667149268, 0.004767073265743739
0.0, 0.0
0.0, 0.0
0.0, 0.0
0.0, 0.0
4.124379665610863, -2.6198978755530944
6.184908534304688, -1.7038105339139826
10.977606082135306, 2.9169684968551057
17.134984233494144, -4.7165993822568675

0.0009116070665879287, 0.004775712220527109
0.0, 0.0
0.0, 0.0
0.0, 0.0
0.0, 0.0
4.305108840422249, -2.405154106169347
6.936296828541351, -1.6160538617656348
10.242577849133877, 2.9611529297071244
17.704648316374342, -4.681687753420382

0.0009105352413313764, 0.0047769523203267
0.0, 0.0
0.0, 0.0
0.0, 0.0
0.0, 0.0
4.22512456128412, -2.0446172311216904
7.54850050580109, -1.4955510371496819
9.446486942218355, 2.9876538218964455
18.25354515453573, -4.6412756231847245

0.0009256197243633175, 0.004771023928894723
0.0, 0.0
0.0, 0.0
0.0, 0.0
0.0, 0.0
3.846631505805154, -1.5402431179484775
8.040889110870717, -1.3511113718694525
8.580141002558003, 2.991878862686635
18.782760610425125, -4.595851153581062

0.0009616997651015388, 0.004757331803600059
0.0, 0.0
0.0, 0.0
0.0, 0.0
0.0, 0.0
3.064933769127014, -0.8774916431601766
8.426123661408345, -1.1885282231966532
7.6309544986576014, 2.9671103067205693
19.29326304861884, -4.545840666215254

0.0010369713916658493, 0.004734174010807146
0.0, 0.0
0.0, 0.0
0.0, 0.0
0.0, 0.0
1.496896331437779, -0.01895844432531828
8.712655975575931, -1.0119194118417827
6.580801901654723, 2.902864285621648
19.785920509607745, -4.491619004877176

0.0010590991556471353, 0.004826516349627457
0.0, 0.0
0.0, 0.0
0.0, 0.0
0.0, 0.0
1.077444563534084, -1.5821477697262647
8.906037765382708, -0.8244112220076993
5.401657254178969, 2.7812052898179687
20.26151471415476, -4.43351779069675

0.0009982420982736359, 0.004882610418536349
0.0, 0.0
0.0, 0.0
0.0, 0.0
0.0, 0.0
2.4332029226409317, -2.3840311720648564
9.009638973539582, -0.6285281850105434
4.045289789508813, 2.5667755358156437
20.72075257536496, -4.37183206409209

0.0009619068498742636, 0.00491567556759628
0.0, 0.0
0.0, 0.0
0.0, 0.0
0.0, 0.0
3.3148799551651713, -2.6969130361797737
9.025034731091369, -0.42644050630426605
2.4122327040408993, 2.169726270618927
21.164275811809592, -4.306825680982616

0.0009429957440517502, 0.004937751954813886
0.0, 0.0
0.0, 0.0
0.0, 0.0
0.0, 0.0
3.884489872918289, -2.7520914615109215
8.952175155891693, -0.22014209792834538
0.21245253075590623, 1.1428104057855872
21.59266901755243, -4.23873573713008

0.0009311332689194652, 0.004954793398186157
0.0, 0.0
0.0, 0.0
0.0, 0.0
0.0, 0.0
4.19232656401074, -2.6205646740535276
8.789383444878341, -0.011601521265258465
1.1118334256460942, -1.6771078179673673
22.006466443960914, -4.1677762310232165

0.0009304058943833463, 0.004959614223001419
0.0, 0.0
0.0, 0.0
0.0, 0.0
0.0, 0.0
4.248425252659428, -2.331258186181858
8.533182845312636, 0.19708230604398777
3.040214664114617, -2.3502461137450466
22.406157748767605, -4.094141117726744

0.0009449967542433451, 0.004956584367675903
0.0, 0.0
0.0, 0.0
0.0, 0.0
0.0, 0.0
4.0328183266330315, -1.893053356676655
8.177906696306126, 0.40348409805425917
4.553562442346181, -2.669144899220785
22.79219290002452, -4.018006872117485

0.0009776753918883459, 0.004945871223840883
0.0, 0.0
0.0, 0.0
0.0, 0.0
0.0, 0.0
3.4815271132034975, -1.298710585964221
7.714976015176909, 0.6045596244827074
5.837177799699645, -2.8487163042904213
23.16498638487158, -3.939534652931089

0.0010373169033249343, 0.004926225170051268
0.0, 0.0
0.0, 0.0
0.0, 0.0
0.0, 0.0
2.4089610089083298, -0.5179474090908149
7.1315889508533745, 0.7961434516362687
6.964958415670329, -2.9509724059997944
23.524920839251866, -3.858872141814265

0.0011615392149516661, 0.004946916480652817
0.0, 0.0
0.0, 0.0
0.0, 0.0
0.0, 0.0
0.030693934632152524, -0.5803389665347167
6.408230019324783, 0.9719683761943264
7.975764248438172, -3.0031345955757303
23.872350191808856, -3.776155114755856

0.0010903359278601114, 0.005038599485931933
0.0, 0.0
0.0, 0.0
0.0, 0.0
0.0, 0.0
1.8047614085867758, -2.124554601265344
5.513455937846368, 1.1214522239823423
8.893206838351253, -3.019865397584123
24.207602390643274, -3.6915087917022107

0.0010563128900091159, 0.005082126277974503
0.0, 0.0
0.0, 0.0
0.0, 0.0
0.0, 0.0
2.8718247248456845, -2.646568138427507
4.391110458983762, 1.2236179230973105
9.733008822862649, -3.0100682252834154
24.53098178831599, -3.605048997400159

0.0010445799995057172, 0.005110889801736885
0.0, 0.0
0.0, 0.0
0.0, 0.0
0.0, 0.0
3.580049530789756, -2.829638629367744
2.9189110578992774, 1.2237240830254577
10.506313692133864, -2.9796000972364145
24.84277126658035, -3.516883161016117

0.001057574333422285, 0.005135045236999527
0.0, 0.0
0.0, 0.0
0.0, 0.0
0.0, 0.0
4.013477410444557, -2.793402116278252
0.6440288097003318, 0.8109262928363251
11.221384677560536, -2.9325432488921384
25.143234102693942, -3.4271111894026505

0.001033436583266135, 0.005175833050901061
0.0, 0.0
0.0, 0.0
0.0, 0.0
0.0, 0.0
4.197774376974602, -2.5829978546083967
1.812234001534528, -1.3511247401264102
11.88456247136749, -2.87187069097894
25.432615613175503, -3.335826232628669

0.0010135772570895902, 0.005182871066861426
0.0, 0.0
0.0, 0.0
0.0, 0.0
0.0, 0.0
4.127457340746471, -2.2157821233226236
3.54070442967248, -1.675370195114697
12.500844144126122, -2.7998239353313528
25.71114460958522, -3.243115357111613

0.001014372136006014, 0.0051790886404299
0.0, 0.0
0.0, 0.0
0.0, 0.0
0.0, 0.0
3.763747235053373, -1.6914633981380647
4.811430178756503, -1.7684469309169124
13.074252606635694, -2.7181412166735055
25.97903469607689, -3.1490601411285075

0.0010381315493999692, 0.0051654399879360584
0.0, 0.0
0.0, 0.0
0.0, 0.0
0.0, 0.0
3.0002944558998665, -0.9905280945594319
5.817431774788821, -1.762168030757824
13.608082920853647, -2.628202388417183
26.23648542813482, -3.053737200825148

0.0011027440630796185, 0.005139914835836349
0.0, 0.0
0.0, 0.0
0.0, 0.0
0.0, 0.0
1.4393810689426279, -0.05846693458530627
6.634359022182199, -1.6976982270613648
14.105072395657025, -2.5311247673531776
26.483683345821618, -2.957218658004123

0.0011139852201450225, 0.00523459783253466
0.0, 0.0
0.0, 0.0
0.0, 0.0
0.0, 0.0
1.044115029886705, -1.6579223954294844
7.301368546180008, -1.5944199708696032
14.5675215814484, -2.427828725025863
26.72080289572604, -2.8595725578551785

0.0010459809421710813, 0.005292722464900429
0.0, 0.0
0.0, 0.0
0.0, 0.0
0.0, 0.0
2.3497367465132384, -2.4997725137105604
7.841788191392034, -1.463239414970518
14.997382491033777, -2.3190838863172614
26.948007249304457, -2.7608632426856117

0.001000939090091816, 0.005326745029189138
0.0, 0.0
0.0, 0.0
0.0, 0.0
0.0, 0.0
3.209411165572758, -2.8430012238951923
8.270581566898947, -1.3110615561936427
15.396324565059523, -2.2055424758707267
27.165449053464922, -2.661151680326837

0.0009716933411899689, 0.005347711547157052
0.0, 0.0
0.0, 0.0
0.0, 0.0
0.0, 0.0
3.7702963803912835, -2.9176798273705544
8.597687565036393, -1.1426452763171433
15.765784808441376, -2.0877639200773084
27.373271115381215, -2.5604957571950986

0.0009559548742940692, 0.005359089237080465
0.0, 0.0
0.0, 0.0
0.0, 0.0
0.0, 0.0
4.078325920601891, -2.795404767811941
8.829709199369947, -0.9615030707983266
16.107006397145767, -1.9662333864292811
27.571607015649505, -2.458950545967557

0.0009532752605898561, 0.0053622899334306645
0.0, 0.0
0.0, 0.0
0.0, 0.0
0.0, 0.0
4.141591329718526, -2.5049206745004287
8.97082816372825, -0.770392047586273
16.421068857437575, -1.8413759906553402
27.76058166137658, -2.3565685486253765

0.0009646239363470338, 0.005357711103479371
0.0, 0.0
0.0, 0.0
0.0, 0.0
0.0, 0.0
3.9390473292171433, -2.053850479348169
9.02330563315166, -0.5716114235874499
16.708911943774073, -1.7135678560096101
27.940311786361345, -2.253399917444999

0.0009930927284815582, 0.005344884675016975
0.0, 0.0
0.0, 0.0
0.0, 0.0
0.0, 0.0
3.405669909653283, -1.4317539685106202
8.987730159364304, -0.36720455717605727
16.97135472091552, -1.5831448494686438
28.110906403883348, -2.1494926565804757

0.0010477263466391446, 0.005321972885001846
0.0, 0.0
0.0, 0.0
0.0, 0.0
0.0, 0.0
2.352149375403743, -0.5995129968649012
8.86308208758017, -0.15911755337171926
17.209110937784754, -1.4504095785479578
28.272467216677907, -2.044892806610736

0.0011630441254855681, 0.0053417859575284315
0.0, 0.0
0.0, 0.0
0.0, 0.0
0.0, 0.0
0.05574543830679868, -0.6634145826630219
8.646631375165178, 0.05065101597475298
17.42280148903975, -1.315637069708969
28.425088987655602, -1.9396446143332509

0.001090036700631902, 0.005432772213924696
0.0, 0.0
0.0, 0.0
0.0, 0.0
0.0, 0.0
1.7370719040895335, -2.219054923254984
8.333641802267486, 0.2598770196631108
17.612964531923218, -1.1790794390888748
28.56885987051688, -1.8337906905113586

0.0010494436213088858, 0.005476174924851197
0.0, 0.0
0.0, 0.0
0.0, 0.0
0.0, 0.0
2.7716002183135915, -2.7764800750671683
7.916799728760547, 0.4658703985342587
17.780063758337597, -1.040969759099831
28.703861708021197, -1.727372153109807

0.0010268256649216267, 0.005502980073117179
0.0, 0.0
0.0, 0.0
0.0, 0.0
0.0, 0.0
3.465222709791565, -2.984081785084633
7.385181563346217, 0.6650855171835187
17.924495249859092, -0.9015252745331593
28.8301703154667, -1.6204287529314951

0.001018751365722682, 0.005518998755938152
0.0, 0.0
0.0, 0.0
0.0, 0.0
0.0, 0.0
3.8947666570217527, -2.962115604850233
6.722337052954249, 0.8523984619360208
18.046593051818355, -0.760950160488806
28.947855735833762, -1.5129989922598819

0.001024495714400963, 0.0055265126479404425
0.0, 0.0
0.0, 0.0
0.0, 0.0
0.0, 0.0
4.083137369742436, -2.7559298232866705
5.9024518704167575, 1.0195734580769522
18.14663367797266, -0.6194379222426342
29.056982468807487, -1.4051202369163622

0.0010450110591273686, 0.005526535035671474
0.0, 0.0
0.0, 0.0
0.0, 0.0
0.0, 0.0
4.023507033966177, -2.382200735765676
4.881595595189204, 1.1514006517757762
18.224839712141417, -0.4771735106065646
29.157609677201894, -1.2968288212912904

0.0010834294406087703, 0.005519462990064206
0.0, 0.0
0.0, 0.0
0.0, 0.0
0.0, 0.0
3.6762207245387732, -1.8388081232268696
3.5728770505298604, 1.2130184853347583
18.281382625996947, -0.3343352191773086
29.249791372685237, -1.188160147097453

0.0011483163280734973, 0.00550591727246758
0.0, 0.0
0.0, 0.0
0.0, 0.0
0.0, 0.0
2.9334015249499563, -1.1009322555988905
1.7368301424419639, 1.0780459699418699
18.316384900389824, -0.19109641957617218
29.33357658219354, -1.0791487766581074

0.0012381740529360022, 0.00550772756182451
0.0, 0.0
0.0, 0.0
0.0, 0.0
0.0, 0.0
1.3841104135270579, -0.09549856748623774
0.8515032857334197, -1.026590137150756
18.329921510041316, -0.04762718288185953
29.409009495807346, -0.9698285215194462

0.0012301067257506747, 0.005613699563635787
0.0, 0.0
0.0, 0.0
0.0, 0.0
0.0, 0.0
1.004670712698292, -1.7299622690459096
2.9203755655452155, -1.605292293638099
18.322020801300706, 0.09590416711200361
29.476129595225693, -0.8602325275495444

0.0011534264683844718, 0.0056778085819874785
0.0, 0.0
0.0, 0.0
0.0, 0.0
0.0, 0.0
2.2606459104911947, -2.610340501263553
4.334756263193921, -1.771805394359766
18.292664777783433, 0.23932952238590569
29.534971761926958, -0.7503933586277313

0.0011013048616878296, 0.005715786669965123
0.0, 0.0
0.0, 0.0
0.0, 0.0
0.0, 0.0
3.097841154852554, -2.9830541196426665
5.4332237289043865, -1.8045234210945522
18.241788896488906, 0.3824795182065007
29.585566380320895, -0.6403430695984978

0.0010658985892013043, 0.005739437753986514
0.0, 0.0
0.0, 0.0
0.0, 0.0
0.0, 0.0
3.6496004346678004, -3.076942913154178
6.319550817355153, -1.765467003736868
18.169281325836813, 0.5251820472334601
29.627939430884993, -0.530113274086152

0.0010445086500591178, 0.005752568090429866
0.0, 0.0
0.0, 0.0
0.0, 0.0
0.0, 0.0
3.957684926794746, -2.9640629295811856
7.0432457295463, -1.6804101079496998
18.07498160472463, 0.667260686913336
29.662112566774848, -0.41973521297474636

0.0010364342837096397, 0.005756731568622708
0.0, 0.0
0.0, 0.0
0.0, 0.0
0.0, 0.0
4.028338616760147, -2.672894886590797
7.632553390791674, -1.5629820180828955
17.9586786789798, 0.8085330157674993
29.688103176806038, -0.30923982156805907

0.0010424740208297516, 0.005752348061171322
0.0, 0.0
0.0, 0.0
0.0, 0.0
0.0, 0.0
3.8395395662053704, -2.209751255021239
8.105171139209572, -1.4214620599506378
17.820108259838285, 0.9488087761514498
29.705924435787807, -0.19865779542144293

0.0010656045164716033, 0.005738842352910218
0.0, 0.0
0.0, 0.0
0.0, 0.0
0.0, 0.0
3.3254275196813414, -1.5609100711606476
8.472740544913878, -1.261379445405342
17.658949423821188, 1.0878878301965824
29.715585342650648, -0.08801965523695694

0.001114903897152377, 0.005713965044558521
0.0, 0.0
0.0, 0.0
0.0, 0.0
0.0, 0.0
2.29341781261205, -0.6780237342380594
8.743029763192359, -1.0867070821290732
17.474820344209665, 1.2255578431344782
29.717090746556746, 0.02264418867987344

0.0012222955931133024, 0.005734005702935895
0.0, 0.0
0.0, 0.0
0.0, 0.0
0.0, 0.0
0.07290530691574582, -0.7399974102298424
8.92109066932406, -0.9004849764434553
17.267273006136925, 1.3615916098234713
29.71044136078516, 0.13330337163170333

0.0011491300900824987, 0.005825866672031921
0.0, 0.0
0.0, 0.0
0.0, 0.0
0.0, 0.0
1.66510863013246, -2.309951373775531
9.00989433693671, -0.7051821118719394
17.03578668562737, 1.495743907946863
29.695633760958394, 0.24392750744956188

0.0011054925032775282, 0.00587093821066469
0.0, 0.0
0.0, 0.0
0.0, 0.0
0.0, 0.0
2.6663138671645377, -2.9011787497114847
9.010666001323942, -0.5029299084486565
16.779759959929113, 1.6277477960390296
29.67266036980545, 0.35448612296154014

0.0010786034676955037, 0.005898774994273922
0.0, 0.0
0.0, 0.0
0.0, 0.0
0.0, 0.0
3.344524279473164, -3.1325411938633145
8.92301791093311, -0.29569336248196215
16.49850100317775, 1.7573102492605917
29.641509438880146, 0.46494859927674714

0.0010651599921887777, 0.005915158478221371
0.0, 0.0
0.0, 0.0
0.0, 0.0
0.0, 0.0
3.7696170648490313, -3.124618588891275
8.744913499143559, -0.08541954245050498
16.19121568199479, 1.884106835307462
29.602165017661118, 0.5752841100092754

0.0010642550323224826, 0.0059222860067335474
0.0, 0.0
0.0, 0.0
0.0, 0.0
0.0, 0.0
3.961813139708748, -2.922824558173043
8.472454677652905, 0.12580517474431413
15.856992896702327, 2.007775149547627
29.55460690964715, 0.6854615566594057

0.0010763668113153667, 0.005920951968235224
0.0, 0.0
0.0, 0.0
0.0, 0.0
0.0, 0.0
3.912995463169009, -2.543062242465456
8.099435070426253, 0.3355520399296994
15.494786425899882, 2.127906631699732
29.498810615953516, 0.7954495020254208

0.0011035593417859186, 0.005910998450516894
0.0, 0.0
0.0, 0.0
0.0, 0.0
0.0, 0.0
3.5827518136807877, -1.9810765759441122
7.616522457259733, 0.5407392983605319
15.103392264588921, 2.2440362292736378
29.43474726619769, 0.9052161013463557

0.0011512407090960891, 0.005891047507064148
0.0, 0.0
0.0, 0.0
0.0, 0.0
0.0, 0.0
2.861968808075766, -1.2066784831377617
7.0097675960349815, 0.7370858229112683
14.68142006683345, 2.3556291524352093
29.36238353621148, 1.0147290306685344

0.0012399868172267264, 0.005856769874544596
0.0, 0.0
0.0, 0.0
0.0, 0.0
0.0, 0.0
1.3258697078597976, -0.1271284365523281
6.257725973043463, 0.9180149479651828
14.227256750172096, 2.462063631141086
29.281681551874684, 1.1239554117181791

0.0012755337958599193, 0.005954273103716633
0.0, 0.0
0.0, 0.0
0.0, 0.0
0.0, 0.0
0.9608205568137327, -1.8013766059410607
5.325274889280475, 1.0720896315430601
13.739019475884438, 2.5626080533848388
29.19259877717579, 1.2328617316244137

0.0012397439221746643, 0.0060163610156907035
0.0, 0.0
0.0, 0.0
0.0, 0.0
0.0, 0.0
2.1664386621248686, -2.717847313644645
4.147763420610097, 1.1755545299395291
13.214493876263338, 2.656390063425183
29.09508788123078, 1.3414137559802335

0.0012283961380667914, 0.0060555624674399735
0.0, 0.0
0.0, 0.0
0.0, 0.0
0.0, 0.0
2.980254555635662, -3.1187415726210728
2.5750554001429493, 1.1603985939576358
12.651051592169999, 2.7423541829630564
28.98909659373871, 1.4495764450465742

0.0012460192940182634, 0.006092769855531048
0.0, 0.0
0.0, 0.0
0.0, 0.0
0.0, 0.0
3.5222768394755, -3.2311748864572403
-0.11056637767346592, 0.32246736261303144
12.04553787236977, 2.8192020756851592
28.874567546524958, 1.557313867724418

0.001203530745680424, 0.006133392077995005
0.0, 0.0
0.0, 0.0
0.0, 0.0
0.0, 0.0
3.83015319678512, -3.1274521763139953
2.204929773501275, -1.475205663492165
11.394114546984676, 2.8853058162712837
28.751438094306955, 1.6645891070142542

0.0011823258897851554, 0.0061433100808339705
0.0, 0.0
0.0, 0.0
0.0, 0.0
0.0, 0.0
3.908313720458868, -2.8356706807404164
3.8066477552796774, -1.7487510444135346
10.692034417535723, 2.9385778416395327
28.619640115622648, 1.7713641579834853

0.0011789648356668142, 0.006141793766575913
0.0, 0.0
0.0, 0.0
0.0, 0.0
0.0, 0.0
3.7338480174247533, -2.3607059056822672
5.012998230253916, -1.8310893056264186
9.93330588632198, 2.9762682095952697
28.479099795171273, 1.877599818372525

0.0011944646769001324, 0.00612947165269234
0.0, 0.0
0.0, 0.0
0.0, 0.0
0.0, 0.0
3.240221994831272, -1.68548987514595
5.976271741267173, -1.8226951200554915
9.1101731675092, 2.994633215394923
28.329737383125796, 1.9832555715680473

0.001237262671555855, 0.0061040985772881275
0.0, 0.0
0.0, 0.0
0.0, 0.0
0.0, 0.0
2.231759779558272, -0.7521002181462828
6.760993837756823, -1.7590513293857883
8.212268306332959, 2.9883606953191633
28.171466928552416, 2.088289459436084

0.001336733369705578, 0.006125723452103399
0.0, 0.0
0.0, 0.0
0.0, 0.0
0.0, 0.0
0.08303585835036523, -0.8135791374652297
7.401924337844216, -1.6575816904907514
7.225134229766629, 2.9494947606655098
28.004195984944307, 2.1926579435297144

0.0012639003315497337, 0.006219740968690317
0.0, 0.0
0.0, 0.0
0.0, 0.0
0.0, 0.0
1.5880520465652392, -2.398587007335862
7.9201701474768145, -1.5283849860027787
6.127419389209959, 2.8652070402883623
27.827825281693016, 2.2963157504787515

0.0012186299221599774, 0.006267727400244958
0.0, 0.0
0.0, 0.0
0.0, 0.0
0.0, 0.0
2.5550990433147094, -3.021960536096372
8.329401876006472, -1.3779798430356507
4.884866533463747, 2.712457950647553
27.642248358967706, 2.3992157056940804

0.0011898086612193103, 0.006298122235160113
0.0, 0.0
0.0, 0.0
0.0, 0.0
0.0, 0.0
3.217258553380111, -3.2761713762066913
8.638723276297785, -1.2109207652990015
3.434896160143489, 2.441978487458021
27.447351172415956, 2.5013085621731728

0.0011746570210655447, 0.006317054822383532
0.0, 0.0
0.0, 0.0
0.0, 0.0
0.0, 0.0
3.637601325449328, -3.2818581878140662
8.854147762979212, -1.0306031887284082
1.6330810751328286, 1.9047856868941553
27.243011657210058, 2.60254281002948

0.0011720340977308906, 0.006330003312088597
0.0, 0.0
0.0, 0.0
0.0, 0.0
0.0, 0.0
3.8337057261495384, -3.084377984800006
8.979403528185074, -0.8397122582524833
-0.40629984521454265, -0.4004279298170054
27.02909924657057, 2.7028644652094376

0.001172248841977776, 0.006332371157052156
0.0, 0.0
0.0, 0.0
0.0, 0.0
0.0, 0.0
3.796219460395508, -2.698791982668381
9.01637044058402, -0.6404999611931153
1.9506986834414526, -2.022845081965656
26.805474340069814, 2.8022168364497255

0.001188229282470277, 0.006322878322291995
0.0, 0.0
0.0, 0.0
0.0, 0.0
0.0, 0.0
3.4840677249174545, -2.118654581265196
8.965284584957649, -0.43497706980527073
3.6757156552171475, -2.5035163895180292
26.57198771659596, 2.9005402671212295

0.0012245594256656987, 0.006301843172686834
0.0, 0.0
0.0, 0.0
0.0, 0.0
0.0, 0.0
2.787128047165891, -1.308302160124641
8.824766861284406, -0.22506719379833254
5.085008039938305, -2.755526141277981
26.32847988444032, 2.99777184872939

0.0013019436710018568, 0.006264133697854431
0.0, 0.0
0.0, 0.0
0.0, 0.0
0.0, 0.0
1.2667980275374282, -0.15402590263745503
8.591683636200854, -0.012756083217399041
6.300721332308221, -2.9001071712219866
26.074780361468118, 3.0938451020304654

0.001325461545529168, 0.006363262531623513
0.0, 0.0
0.0, 0.0
0.0, 0.0
0.0, 0.0
0.9116249394401964, -1.870799936811675
8.26080259859581, 0.19973051030964867
7.378778049202337, -2.980431085214468
25.810706875112416, 3.188689618187547

0.0012787018762229062, 0.00642578353588804
0.0, 0.0
0.0, 0.0
0.0, 0.0
0.0, 0.0
2.0665485401973496, -2.8214260656966426
7.8241435890536355, 0.40967269823607216
8.350586512840087, -3.017412525441935
25.53606446507328, 3.282230651687062

0.0012512596944132723, 0.006463389420134353
0.0, 0.0
0.0, 0.0
0.0, 0.0
0.0, 0.0
2.856323961145738, -3.249346590522687
7.269805108062776, 0.6134348985366438
9.236037943561053, -3.0229496348612916
25.250644485684703, 3.3743886765479867

0.0012382468182848333, 0.0064869161058877115
0.0, 0.0
0.0, 0.0
0.0, 0.0
0.0, 0.0
3.388191014772294, -3.379732468001558
6.579761358300671, 0.8056621269866225
10.048749033246727, -3.004529435153025
24.954223494840353, 3.4650788912130266

0.0012384471411996175, 0.00649995553960635
0.0, 0.0
0.0, 0.0
0.0, 0.0
0.0, 0.0
3.695778382271287, -3.2849900710918765
5.72535369460135, 0.9775166051551438
10.798563734704734, -2.9672027853822325
24.646562009359013, 3.554210654410793

0.0012524302713113372, 0.006504077835547903
0.0, 0.0
0.0, 0.0
0.0, 0.0
0.0, 0.0
3.7817715284152347, -2.9927797573297217
4.656627862867129, 1.1120235738504247
11.492890558016711, -2.9145567497812745
24.327403107115114, 3.6416868445981954

0.0012827961924369914, 0.006500050515276202
0.0, 0.0
0.0, 0.0
0.0, 0.0
0.0, 0.0
3.622414096582933, -2.5065894752967655
3.270038140158584, 1.1675057876441157
12.137479787630259, -2.8492422417934185
23.996470852803892, 3.7274031308533124

0.0013373812655542018, 0.0064895207306197794
0.0, 0.0
0.0, 0.0
0.0, 0.0
0.0, 0.0
3.1505998090734733, -1.8058541299929813
1.240329106312669, 0.9602087787267252
12.73690455066892, -2.7732816640755793
23.653468519785623, 3.8112471397771706

0.00138571746712049, 0.006493987929487404
0.0, 0.0
0.0, 0.0
0.0, 0.0
0.0, 0.0
2.1680009347600158, -0.8226365969071181
1.3636550211055418, -1.2424129723591477
13.2948735930125, -2.688258703484958
23.298076574241772, 3.8930974992307448

0.0014617402382944567, 0.0065232417103869515
0.0, 0.0
0.0, 0.0
0.0, 0.0
0.0, 0.0
0.0866668282265212, -0.8835734459173705
3.2274815513902935, -1.6927717247524263
13.814442891119617, -2.595440924607297
22.929950381846755, 3.9728227345611185

0.001378390089069892, 0.006621580273604986
0.0, 0.0
0.0, 0.0
0.0, 0.0
0.0, 0.0
1.506790562605609, -2.483768244042028
4.561123344798406, -1.8388606740871936
14.298163579724642, -2.4958620400542983
22.548717592324294, 4.050279980826569

0.0013225005022701286, 0.006673071042203077
0.0, 0.0
0.0, 0.0
0.0, 0.0
0.0, 0.0
2.438896182065014, -3.137611163564414
5.60977406667999, -1.866537959202099
14.748188445821834, -2.3903788260667302
22.153975133732846, 4.1253134909340865

0.0012832301731893548, 0.006705580015059269
0.0, 0.0
0.0, 0.0
0.0, 0.0
0.0, 0.0
3.0842452821680157, -3.4137891935379683
6.460017817861662, -1.8270665449323946
15.166350505879345, -2.279711584857456
21.745285754390487, 4.197752913073362

0.0012572628970183592, 0.006725179769514773
0.0, 0.0
0.0, 0.0
0.0, 0.0
0.0, 0.0
3.499320566089926, -3.432729879493582
7.15522276183897, -1.7432201618072762
15.55422195054767, -2.1644736661613106
21.322174023702697, 4.267411260254624

0.001243519197255702, 0.006734205091496125
0.0, 0.0
0.0, 0.0
0.0, 0.0
0.0, 0.0
3.6991255966439827, -3.239600239232749
7.720744707548948, -1.6274786960566838
15.913159172357066, -2.0451934561702596
20.884121682971774, 4.334082506575595

0.0012422704306959682, 0.006733442771081216
0.0, 0.0
0.0, 0.0
0.0, 0.0
0.0, 0.0
3.6731322472924077, -2.848537355767868
8.17268051675839, -1.487596926823609
16.24433770003396, -1.9223310529129625
20.430562210527153, 4.397538727934204

0.001255349960995458, 0.006722553049688142
0.0, 0.0
0.0, 0.0
0.0, 0.0
0.0, 0.0
3.3797137661430496, -2.2508135920635497
8.521676917662449, -1.328835105692432
16.548779657277397, -1.7962911251555658
19.96087443151028, 4.457526678840593

0.0012879513329581646, 0.006699616249612744
0.0, 0.0
0.0, 0.0
0.0, 0.0
0.0, 0.0
2.7078879902411934, -1.405017217130792
8.774823615553888, -1.1550151059288185
16.82737558474924, -1.6674329829090042
19.47437495729262, 4.513763664524058

0.001361642971526314, 0.00665817811604275
0.0, 0.0
0.0, 0.0
0.0, 0.0
0.0, 0.0
1.2042254452997325, -0.17495327189402005
8.936669262900653, -0.9690851163668768
17.080901940723372, -1.536078580165257
18.97030917969115, 4.56593252303884

0.0013814211285829892, 0.006759484288604787
0.0, 0.0
0.0, 0.0
0.0, 0.0
0.0, 0.0
0.8592471167824556, -1.9395700620513434
9.009778813232897, -0.7734542807116955
17.31003522685887, -1.4025189679263317
18.44784046368332, 4.613675464578983

0.001333454155641874, 0.006823346716979724
0.0, 0.0
0.0, 0.0
0.0, 0.0
0.0, 0.0
1.9626279651153766, -2.9214741687549006
8.995017702185201, -0.5702128007034208
17.515363428258294, -1.2670195600125
17.906037050903436, 4.656586423753497

0.0013030133908659301, 0.00686192295798443
0.0, 0.0
0.0, 0.0
0.0, 0.0
0.0, 0.0
2.7273383875279347, -3.374872099316915
8.8916465209994, -0.361296371989736
17.697395423812445, -1.1298244248511344
17.343856046710403, 4.694201536419237

0.0012856077335234356, 0.006885862968165417
0.0, 0.0
0.0, 0.0
0.0, 0.0
0.0, 0.0
3.2482776428368214, -3.5223706375326844
8.697249648876882, -0.14863248795329445
17.856568707611586, -0.9911598626129693
16.76012366876878, 4.725987110481301

0.0012798865865261968, 0.00689864651483927
0.0, 0.0
0.0, 0.0
0.0, 0.0
0.0, 0.0
3.555109657684942, -3.436240500879059
8.407479521238326, 0.06570000436627897
17.99325569092348, -0.851237450838682
16.153510622739073, 4.751324208995242

0.001285903990761868, 0.006901603392362916
0.0, 0.0
0.0, 0.0
0.0, 0.0
0.0, 0.0
3.648800790927218, -3.143575241512537
8.015546516085548, 0.2792589662679422
18.10776883549666, -0.7102566586646603
15.52250102544367, 4.769488631852645

0.0013049793305371852, 0.006894874826543049
0.0, 0.0
0.0, 0.0
0.0, 0.0
0.0, 0.0
3.5048185091705037, -2.6463411320668944
7.511292940916696, 0.4889061897169478
18.200364799643474, -0.5684071213725619
14.865352654225292, 4.779624525358276

0.0013405582358896391, 0.006877375238033939
0.0, 0.0
0.0, 0.0
0.0, 0.0
0.0, 0.0
3.055598801546626, -1.9203939378177848
6.879491289797983, 0.6902065998087673
18.27124773473179, -0.42587065328337126
14.180045327792659, 4.780708988081817

0.0014025744670125107, 0.0068454673187988944
0.0, 0.0
0.0, 0.0
0.0, 0.0
0.0, 0.0
2.100125580235982, -0.8873342718416644
6.096500132626357, 0.8761864727728137
18.320571836877466, -0.28282306509538824
13.464212720146802, 4.771503661249217

0.0015179682940168683, 0.006866489882716012
0.0, 0.0
0.0, 0.0
0.0, 0.0
0.0, 0.0
0.08568485462328726, -0.9547403690589241
5.122865518281345, 1.0343121440885106
18.348443230266895, -0.13943584339804282
12.71505053017308, 4.750487002351589

0.001477447557699121, 0.006962057142369305
0.0, 0.0
0.0, 0.0
0.0, 0.0
0.0, 0.0
1.4217135870773234, -2.5673201319297654
3.8833898903633775, 1.13713229804637
18.35492121474298, 0.004122251042103816
11.92919000953645, 4.7157569487369875

0.0014645596926687956, 0.0070153236276873305
0.0, 0.0
0.0, 0.0
0.0, 0.0
0.0, 0.0
2.3178550324580494, -3.2494811700515736
2.1890439474980457, 1.0965029294057662
18.340018935379916, 0.14768366826816626
11.102519009489878, 4.664886752482864

0.0014683306782593568, 0.007075290802092094
0.0, 0.0
0.0, 0.0
0.0, 0.0
0.0, 0.0
2.945608737745479, -3.5464238270453747
0.2362838527340192, -0.6971671408566846
18.303703543592782, 0.29108062815377356
10.229920869580202, 4.594703740430501

0.0014216226411556216, 0.007109743728862707
0.0, 0.0
0.0, 0.0
0.0, 0.0
0.0, 0.0
3.3549607014914336, -3.577982105349945
2.5615127538183113, -1.5863600152597017
18.245895800457934, 0.43414365587057857
9.304879325014557, 4.500934323412791

0.0013967872259878918, 0.007124422704511067
0.0, 0.0
0.0, 0.0
0.0, 0.0
0.0, 0.0
3.55836652439668, -3.3889613945148414
4.057245249025458, -1.8222998959376426
18.16646912843099, 0.5767000587870253
8.318853574800455, 4.377602913799159

0.0013875322536518995, 0.007126978657725263
0.0, 0.0
0.0, 0.0
0.0, 0.0
0.0, 0.0
3.544180299571796, -2.992476044477464
5.205204722523048, -1.895424331476182
18.06524809193262, 0.718572326556247
7.260233285632088, 4.215942125379594

0.0013941541426579567, 0.007118051286529472
0.0, 0.0
0.0, 0.0
0.0, 0.0
0.0, 0.0
3.27030492584437, -2.377461266720324
6.128307537704875, -1.8850184944817205
17.942006248594854, 0.8595764151841992
6.112462944155519, 4.002231543001966

0.001421251844302026, 0.007095884984276138
0.0, 0.0
0.0, 0.0
0.0, 0.0
0.0, 0.0
2.625051457157958, -1.4966328170003744
6.882230197220253, -1.82187104183965
17.79646330582435, 0.9995198614822918
4.850348580288392, 3.7129487254536233

0.0014908741686067005, 0.0070531733573702
0.0, 0.0
0.0, 0.0
0.0, 0.0
0.0, 0.0
1.1392853610118985, -0.1896286875357597
7.497944312917895, -1.7217484246137489
17.628281497206764, 1.1381996710099582
3.4318218113047703, 3.3017095879272307

0.001508040986227448, 0.007159750341577908
0.0, 0.0
0.0, 0.0
0.0, 0.0
0.0, 0.0
0.8023994209184587, -2.007054193759625
7.994583688072766, -1.5940345436306025
17.437061053609536, 1.2753998990459923
1.7764777566029182, 2.651495068768342

0.0014615230802993285, 0.007229514284182429
0.0, 0.0
0.0, 0.0
0.0, 0.0
0.0, 0.0
1.8537695312007243, -3.0178786069167436
8.384644750918223, -1.4448957652035883
17.222334579947763, 1.4108888354323312
-0.25952812742028236, 1.2321309886681653

0.001424487007406913, 0.007277783800975604
0.0, 0.0
0.0, 0.0
0.0, 0.0
0.0, 0.0
2.592755051261164, -3.4954001308669156
8.676458518669376, -1.2786952010633115
16.983560187514627, 1.5444157784481825
0.3867355314744598, -1.820943183077966

0.0013965289083970143, 0.007305768811636607
0.0, 0.0
0.0, 0.0
0.0, 0.0
0.0, 0.0
3.102355011286901, -3.659284022328001
8.875483748710142, -1.0987157888488666
16.720113119258656, 1.6757072142763971
2.298482657354021, -2.873608994009331

0.0013804910090926318, 0.007320805579227933
0.0, 0.0
0.0, 0.0
0.0, 0.0
0.0, 0.0
3.408337357894563, -3.5814647116888794
8.985015117622257, -0.9075717204247824
16.431275504563523, 1.8044621911230412
3.8699676080833694, -3.43379472528678

0.0013760427762603007, 0.007324964524701055
0.0, 0.0
0.0, 0.0
0.0, 0.0
0.0, 0.0
3.5100394409585944, -3.288366274425498
9.006562050604698, -0.70746721105016
16.116223793421156, 1.9303466840893126
5.234730713660952, -3.8047513907441295

0.0013842248637316453, 0.007318512934740862
0.0, 0.0
0.0, 0.0
0.0, 0.0
0.0, 0.0
3.382203030974842, -2.7804249253773614
8.940012532913872, -0.5003792499582683
15.77401327714163, 2.0529866411613518
6.458325444258058, -4.071281593641843

0.0014082108946063645, 0.00730024848694622
0.0, 0.0
0.0, 0.0
0.0, 0.0
0.0, 0.0
2.9569594819184575, -2.02985276563708
8.7836265395741, -0.2882076371489001
15.403558889897628, 2.171959288846155
7.576478602847778, -4.270589836188657

0.001457699501903823, 0.007265995523489579
0.0, 0.0
0.0, 0.0
0.0, 0.0
0.0, 0.0
2.030960669985211, -0.9474507885860404
8.533857998920201, -0.07292409815149971
15.003611200697824, 2.2867821115213602
8.611213125897526, -4.422498396906839

0.0015578754592027117, 0.0072868473544414405
0.0, 0.0
0.0, 0.0
0.0, 0.0
0.0, 0.0
0.07732686474936748, -1.0219989910201834
8.184958007440212, 0.1432451185137048
14.572726091893063, 2.396898665716094
9.577311292304675, -4.538936872409877

0.001506782517067698, 0.007381647223155552
0.0, 0.0
0.0, 0.0
0.0, 0.0
0.0, 0.0
1.3311628351537055, -2.647179524804222
7.728240453403996, 0.357549801044624
14.10922597022592, 2.501659977673808
10.485302417171011, -4.627696749298284

0.0014764169426002595, 0.007432771378997763
0.0, 0.0
0.0, 0.0
0.0, 0.0
0.0, 0.0
2.190979708712738, -3.3561611510214884
7.150749634906076, 0.5662564103394226
13.611149409814377, 2.6002998442036978
11.343024467116726, -4.6941749598188025

0.0014601782447959913, 0.00746531508836872
0.0, 0.0
0.0, 0.0
0.0, 0.0
0.0, 0.0
2.800817941841069, -3.6730075255205077
6.432726564722844, 0.7637507218190479
13.076184811419479, 2.6919014858669286
12.156513701155399, -4.742279475866477

0.0014564306168548355, 0.007485106181094612
0.0, 0.0
0.0, 0.0
0.0, 0.0
0.0, 0.0
3.204372214832175, -3.7168082449401916
5.542295937841277, 0.9404990052445892
12.501581369961775, 2.775351299972393
12.930545668807703, -4.774940221331362

0.0014655099832590736, 0.00749454394029063
0.0, 0.0
0.0, 0.0
0.0, 0.0
0.0, 0.0
3.411623190426224, -3.531946532840726
4.422391832657771, 1.0773832224553033
11.884026984332566, 2.84927313709354
13.66898201921136, -4.794416285673125

0.0014898069825316283, 0.007494938113233051
0.0, 0.0
0.0, 0.0
0.0, 0.0
0.0, 0.0
3.409850925886901, -3.1304900660976345
2.948128430059077, 1.1235802824748544
11.219476563421523, 2.9119321806190643
14.375002446086873, -4.802490195154173

0.0015380730086418178, 0.007489950023299545
0.0, 0.0
0.0, 0.0
0.0, 0.0
0.0, 0.0
3.1566045227861883, -2.4989694836991503
0.6487117658070319, 0.7782468589126568
10.502903272243003, 2.961089501381865
15.051265295443581, -4.800595923986201

0.0015546707703121552, 0.0074976832978468026
0.0, 0.0
0.0, 0.0
0.0, 0.0
0.0, 0.0
2.5398030622143914, -1.5840912382752073
1.7960020903219518, -1.4039903622249297
9.727924978032991, 2.9937727837483212
15.70002206313276, -4.789906188510055

0.0016039049726194166, 0.0074572047646011995
0.0, 0.0
0.0, 0.0
0.0, 0.0
0.0, 0.0
1.0745920474493125, -0.1999011114052333
3.507270230493189, -1.7760253754456885
8.88621839835265, 3.0058963405135817
16.323201069318966, -4.771393740128702

0.0016057527436437707, 0.007568629304121301
0.0, 0.0
0.0, 0.0
0.0, 0.0
0.0, 0.0
0.7413477397878493, -2.0712520223946567
4.77110911442025, -1.9058273785840072
7.966549268542848, 2.991590270358815
16.922469939347522, -4.745875497808831

0.0015479941887783558, 0.007638816280903252
0.0, 0.0
0.0, 0.0
0.0, 0.0
0.0, 0.0
1.7407784711986256, -3.108901619387758
5.774871612183702, -1.9289853368805852
6.953049470813824, 2.9419150648036214
17.49928313980706, -4.714044996988704

0.001506889894065894, 0.007682558058140748
0.0, 0.0
0.0, 0.0
0.0, 0.0
0.0, 0.0
2.4535107248012147, -3.6092299378782045
6.591996677141934, -1.888807055879149
5.821854970112191, 2.8421124594401923
18.054918845428883, -4.676496691645942

0.0014785529661941518, 0.0077105378591215
0.0, 0.0
0.0, 0.0
0.0, 0.0
0.0, 0.0
2.9512842028969004, -3.788783806495083
7.2608053431353845, -1.8056382592571814
4.533619489237078, 2.6647018179163506
18.590507883851213, -4.633744481871782

0.0014617679072106418, 0.007726468971797681
0.0, 0.0
0.0, 0.0
0.0, 0.0
0.0, 0.0
3.2561132416193734, -3.7190614350322804
7.804185106192022, -1.690982133854641
3.013100766104628, 2.3470224967401103
19.107056727319748, -4.586236065157922

0.0014568474964655601, 0.00773216724161909
0.0, 0.0
0.0, 0.0
0.0, 0.0
0.0, 0.0
3.365694432099805, -3.425762133419968
8.23683195710934, -1.5521328339962472
1.0700879341529133, 1.666983103071968
19.6054659872865, -4.534364195248622

0.0014615072102459438, 0.007731562312788752
0.0, 0.0
0.0, 0.0
0.0, 0.0
0.0, 0.0
3.254171714280935, -2.90763172223407
8.56850714512454, -1.3941085503314852
0.2521701222462811, -1.1706218651968336
20.08654545184798, -4.478475620762896

0.0014748174294231331, 0.0077145132657534515
0.0, 0.0
0.0, 0.0
0.0, 0.0
0.0, 0.0
2.8534815104754454, -2.1331073633889543
8.805688628227971, -1.2205925385096568
2.4304614423621094, -2.1837268337595095
20.551026430499032, -4.4188782599496355

0.001514276856896006, 0.007678907436046827
0.0, 0.0
0.0, 0.0
0.0, 0.0
0.0, 0.0
1.9579003495976068, -1.0015989333014348
8.952466250666248, -1.0344470282975262
4.055873030801181, -2.5845466628654097
20.999571974558872, -4.355847018536332

0.0016031419532854022, 0.007701026504951339
0.0, 0.0
0.0, 0.0
0.0, 0.0
0.0, 0.0
0.06648284865854912, -1.0915630155977725
9.01103132247981, -0.8380234906560526
5.40835439875754, -2.803570465691539
21.432785405794167, -4.289628548736605

0.0015474907851994802, 0.007796440924219862
0.0, 0.0
0.0, 0.0
0.0, 0.0
0.0, 0.0
1.2391800527397059, -2.724664629616455
8.981916807174922, -0.6333709869273291
6.585329175912708, -2.9297033191855184
21.851217472259197, -4.2204451780692525

0.0015101372811377166, 0.007848690982032211
0.0, 0.0
0.0, 0.0
0.0, 0.0
0.0, 0.0
2.0615382764283243, -3.4577227042804948
8.864056873425604, -0.4223950730303756
7.634301410189609, -2.998135699345973
22.255372411021884, -4.148498163345814

0.0014853931798677977, 0.007881800436231275
0.0, 0.0
0.0, 0.0
0.0, 0.0
0.0, 0.0
2.6523207538445424, -3.7928744060738198
8.654682572096812, -0.20700188160331776
8.58295929678538, -3.0267875817285783
22.645713141194268, -4.0739703996914445

0.0014714938123161368, 0.007901445299590365
0.0, 0.0
0.0, 0.0
0.0, 0.0
0.0, 0.0
3.0490986709005177, -3.847980724756034
8.349025104991096, 0.010740907683880915
9.44924264238195, -3.0261603897855935
23.022665705718932, -3.9970287104118274

0.0014681556906084507, 0.007909762274759737
0.0, 0.0
0.0, 0.0
0.0, 0.0
0.0, 0.0
3.259419283737391, -3.6667772590465053
7.939743316985712, 0.22838399963035985
10.245625106344464, -3.002997945838093
23.386623094163518, -3.917825791688796

0.0014761708109151583, 0.00790732597784445
0.0, 0.0
0.0, 0.0
0.0, 0.0
0.0, 0.0
3.26952190152928, -3.260135878121732
7.415889642944498, 0.4427417065465201
10.981228411759448, -2.961917719061705
23.737948551323164, -3.836501871576279

0.0014978005755950882, 0.007893445141253995
0.0, 0.0
0.0, 0.0
0.0, 0.0
0.0, 0.0
3.036601410024356, -2.612039212143607
6.76099502303659, 0.6492366314979422
11.662977831941364, -2.9062356376405867
24.07697845436893, -3.7531861328438536

0.001538776233158333, 0.007865382345615013
0.0, 0.0
0.0, 0.0
0.0, 0.0
0.0, 0.0
2.4479937328708568, -1.662788534743521
5.949239574875863, 0.8405071116728576
12.296285298005449, -2.8384236544476975
24.404024825472607, -3.6679979397093256

0.0016238391295153405, 0.00781306934959399
0.0, 0.0
0.0, 0.0
0.0, 0.0
0.0, 0.0
0.9980422594276952, -0.19717144692278263
4.936733924162696, 1.0028872711576358
12.885478250905933, -2.7603810429925133
24.7193775343867, -3.581047901093848

0.001659141242968562, 0.00792417521155465
0.0, 0.0
0.0, 0.0
0.0, 0.0
0.0, 0.0
0.6795465194793412, -2.1392033645441693
3.63684959132758, 1.1048121902829862
13.434081616155746, -2.6736039144033494
25.023306233091198, -3.4924387983763006

0.0016417245394003597, 0.007995667713381963
0.0, 0.0
0.0, 0.0
0.0, 0.0
0.0, 0.0
1.6253954434806066, -3.19884488595057
1.812218079406547, 1.0312240359353981
13.94501030171581, -2.579295793954041
25.31606205422573, -3.402266397152359

0.0016256076068738004, 0.008069715192157207
0.0, 0.0
0.0, 0.0
0.0, 0.0
0.0, 0.0
2.3104768416179895, -3.719469266634468
0.7752684801750729, -1.0237287220439293
14.420705097018386, -2.4784423266498234
25.59787912808273, -3.310620145703971

0.0015747700100910169, 0.008108177177377492
0.0, 0.0
0.0, 0.0
0.0, 0.0
0.0, 0.0
2.7954137112235307, -3.9131710250110108
2.845896887349892, -1.6798712552729385
14.86323100256993, -2.3718634104567893
25.868975933175935, -3.217583787961594

0.0015420555132814734, 0.008128056735828896
0.0, 0.0
0.0, 0.0
0.0, 0.0
0.0, 0.0
3.09844985770209, -3.8505829278170522
4.261724569114827, -1.8919341411642114
15.274349970312961, -2.2602506090033523
26.12955649899713, -3.1232359114268076

0.001522787489629882, 0.008134812855902038
0.0, 0.0
0.0, 0.0
0.0, 0.0
0.0, 0.0
3.21568323272183, -3.5564790533233825
5.363069849809031, -1.9593706687933337
15.65557582879916, -2.1441945659881005
26.379811483944074, -3.0276504330222966

0.0015167480291118731, 0.008129246174320296
0.0, 0.0
0.0, 0.0
0.0, 0.0
0.0, 0.0
3.120645220031915, -3.027834808425857
6.253409184358973, -1.9482727629796295
16.008216436941378, -2.0242055039197524
26.61991913979792, -2.9308970314991614

0.0015264871667870336, 0.008110055732432444
0.0, 0.0
0.0, 0.0
0.0, 0.0
0.0, 0.0
2.7450832775855813, -2.229130188271618
6.982007243249129, -1.8861348884057296
16.333406504551743, -1.9007288357575007
26.850046176534548, -2.8330415339475876

0.0015615446654048497, 0.008072068144801834
0.0, 0.0
0.0, 0.0
0.0, 0.0
0.0, 0.0
1.8805874213084108, -1.0475524638332112
7.576944469935058, -1.787517780745939
16.632133470781778, -1.7741572518935276
27.070348539957845, -2.7341462625593067

0.0016443664860317244, 0.008095625514347107
0.0, 0.0
0.0, 0.0
0.0, 0.0
0.0, 0.0
0.051382238051698226, -1.1644016131553911
8.055803460859739, -1.6612697047199585
16.905258122375358, -1.6448402262274047
27.28097211186715, -2.634270347573092

0.001589391702040367, 0.00819138463614705
0.0, 0.0
0.0, 0.0
0.0, 0.0
0.0, 0.0
1.1433166592386594, -2.801261174762
8.430141320907062, -1.513288703368293
17.153531131498394, -1.5130916112946038
27.48205333665011, -2.533470013102627

0.0015505658170104344, 0.008244797700430968
0.0, 0.0
0.0, 0.0
0.0, 0.0
0.0, 0.0
1.927356955852105, -3.555936420161226
8.707662661165571, -1.3477904152564477
17.377606448065134, -1.3791957310482608
27.673719786052274, -2.4317988312590577

0.0015232842347184848, 0.008278789977879678
0.0, 0.0
0.0, 0.0
0.0, 0.0
0.0, 0.0
2.498485099415753, -3.907969390705415
8.8933723874755, -1.167969493618937
17.57805225547804, -1.2434123110818007
27.85609067744881, -2.3293079443866778

0.0015059993263541883, 0.008298943475224814
0.0, 0.0
0.0, 0.0
0.0, 0.0
0.0, 0.0
2.888231678742895, -3.9735800941336965
8.990208361952554, -0.9763823861806211
17.755359916009343, -1.105980581410488
28.02927734258369, -2.226046270484583

0.0014984473629009948, 0.008307337450692625
0.0, 0.0
0.0, 0.0
0.0, 0.0
0.0, 0.0
3.101739396783454, -3.795689781200221
8.99937411480747, -0.7751918559401869
17.909951291194428, -0.9671227243610033
28.193383652012027, -2.122060692064174

0.001501336770650436, 0.008304457800585113
0.0, 0.0
0.0, 0.0
0.0, 0.0
0.0, 0.0
3.124257782077779, -3.3838889559824956
8.920469650638971, -0.5663424414551957
18.0421847275033, -0.8270468044009387
28.348506399997166, -2.017396229224655

0.0015167497259922645, 0.008289442839912262
0.0, 0.0
0.0, 0.0
0.0, 0.0
0.0, 0.0
2.912736226718079, -2.7195448738359875
8.751455729167196, -0.3517072503181039
18.152359928752084, -0.6859492921183395
28.494735653790073, -1.9120961986684137

0.0015501325415139102, 0.008259158790298794
0.0, 0.0
0.0, 0.0
0.0, 0.0
0.0, 0.0
2.35416843557608, -1.7363790922104567
8.488443164809851, -0.13323701166653756
18.240721885386748, -0.5440172723797733
28.632155070650676, -1.8062023603652135

0.0016267669565641766, 0.008201865546137093
0.0, 0.0
0.0, 0.0
0.0, 0.0
0.0, 0.0
0.9204869689705044, -0.1876463811611203
8.125250884768509, 0.08685374010591755
18.307463990608834, -0.40143041121401263
28.760842185486435, -1.6997550536160617

0.0016513340544392482, 0.008314685308755423
0.0, 0.0
0.0, 0.0
0.0, 0.0
0.0, 0.0
0.6123392075901802, -2.204184231662547
7.652598236805831, 0.3058066147595855
18.352730434187016, -0.25836275156189276
28.880868670480105, -1.5927933253446591

0.001620448582912057, 0.008382881710141833
0.0, 0.0
0.0, 0.0
0.0, 0.0
0.0, 0.0
1.5048173533151699, -3.283982956821253
7.056633064097664, 0.5198301224276792
18.376617921064035, -0.1149843840967597
28.992300565003315, -1.4853550516019483

0.0016029215393602437, 0.00842546333581337
0.0, 0.0
0.0, 0.0
0.0, 0.0
0.0, 0.0
2.162001669468567, -3.823715870689613
6.316098338552242, 0.7231226933795867
18.37917681452463, 0.028537033055778774
29.09519848629608, -1.3774770425516112

0.0015968596289637437, 0.008452478108913976
0.0, 0.0
0.0, 0.0
0.0, 0.0
0.0, 0.0
2.63396404538246, -4.030955870908125
5.3962696914622645, 0.9055875060137447
18.36041172920265, 0.17203481454833985
29.18961782117248, -1.2691951396868952

0.0016024749499970853, 0.00846755047161524
0.0, 0.0
0.0, 0.0
0.0, 0.0
0.0, 0.0
2.9352982888189976, -3.9753688764252066
4.233523340703486, 1.0461971524682914
18.320281582792106, 0.3153417939908403
29.275608898072118, -1.160544309654178

0.0016221150845019603, 0.00847267401254627
0.0, 0.0
0.0, 0.0
0.0, 0.0
0.0, 0.0
3.0605706538323374, -3.6807342220417643
2.6815999246092144, 1.0848150136504606
18.25869910815447, 0.4582888549222839
29.353217140887523, -1.051558733209692

0.0016667453494759357, 0.008475385039927199
0.0, 0.0
0.0, 0.0
0.0, 0.0
0.0, 0.0
2.982806299335165, -3.1421982731536833
0.06265355356267416, 0.47742134136916525
18.175529811785925, 0.6007034139653871
29.422483205745415, -0.9422718895970212

0.0016580221034960426, 0.00848435692311345
0.0, 0.0
0.0, 0.0
0.0, 0.0
0.0, 0.0
2.633772792359938, -2.320196584014419
2.091797154736038, -1.5156291568673779
18.070590345244973, 0.7424078203616219
29.48344310119417, -0.8327166366925285

0.0016782980615322755, 0.00845012007552779
0.0, 0.0
0.0, 0.0
0.0, 0.0
0.0, 0.0
1.8028710461341453, -1.0891134551428185
3.704908370750002, -1.849266407338781
17.943646251922683, 0.8832176240086552
29.536128293732403, -0.7229252882530597

0.0017493190423760218, 0.008478489519876477
0.0, 0.0
0.0, 0.0
0.0, 0.0
0.0, 0.0
0.02926546447343123, -1.2330664797486366
4.918881715625275, -1.9728883441037715
17.79440903571534, 1.0229396606913685
29.58056580195945, -0.6129296892715715

0.0016909402905140706, 0.00857683926698941
0.0, 0.0
0.0, 0.0
0.0, 0.0
0.0, 0.0
1.042204047613571, -2.8736741743328453
5.889410332851554, -1.9965302405375234
17.622532425607712, 1.1613698845960472
29.61677827490369, -0.5027612913490708

0.001647937143701323, 0.008633014463725629
0.0, 0.0
0.0, 0.0
0.0, 0.0
0.0, 0.0
1.78775307997872, -3.6486149996148995
6.6815423073915845, -1.958783417758427
17.427607694725687, 1.2982909183092082
29.644784054048657, -0.39245122334223875

0.0016163246789107212, 0.008669177983544192
0.0, 0.0
0.0, 0.0
0.0, 0.0
0.0, 0.0
2.339014162806522, -4.016770115464722
7.330174346880119, -1.8784921970392041
17.209157907817513, 1.433469266004229
29.66459722524501, -0.2820303538524649

0.001594574818171952, 0.00869094714523125
0.0, 0.0
0.0, 0.0
0.0, 0.0
0.0, 0.0
2.721711392924573, -4.092604683190301
7.856455366830751, -1.7665513300462663
16.966630890207465, 1.5666520209554666
29.67622765894743, -0.17152935480432

0.0015823584430755212, 0.008700428098965736
0.0, 0.0
0.0, 0.0
0.0, 0.0
0.0, 0.0
2.938677837294874, -3.9181515973159424
8.274065741208643, -1.6299702177921256
16.699390643633905, 1.6975629404442034
29.679681038581254, -0.06097876511198795

0.0015802936344965662, 0.00869808565566904
0.0, 0.0
0.0, 0.0
0.0, 0.0
0.0, 0.0
2.9742679637991594, -3.5016802019783833
8.592107518679914, -1.4736192317493515
16.406706852597537, 1.825897715092764
29.674958877173705, 0.04959094609381665

0.0015903544684979954, 0.008682956806719181
0.0, 0.0
0.0, 0.0
0.0, 0.0
0.0, 0.0
2.785345241178954, -2.8219117507376414
8.816590220473879, -1.3010973038481954
16.087742015561304, 1.9513181969055629
29.66205852246153, 0.16014931642985716

0.0016178803159862542, 0.00865160078805086
0.0, 0.0
0.0, 0.0
0.0, 0.0
0.0, 0.0
2.2589257148314523, -1.8058685026421224
8.95124054395227, -1.1152129831480466
15.741535583737855, 2.0734452673829016
29.64097315061334, 0.2706658270023752

0.0016891506305293195, 0.008590655249331024
0.0, 0.0
0.0, 0.0
0.0, 0.0
0.0, 0.0
0.8436805115670214, -0.17276290284649107
8.99794205798228, -0.91827858305459
15.366984281529007, 2.191849906909131
29.61169174866921, 0.38110983828748596

0.0017087544090041, 0.008707327880641488
0.0, 0.0
0.0, 0.0
0.0, 0.0
0.0, 0.0
0.5394052341231311, -2.2650319315282283
8.956941797717365, -0.7123103666538969
14.962817485540407, 2.306041831423761
29.574199085164143, 0.491450523151377

0.0016751529674156323, 0.008776504305140556
0.0, 0.0
0.0, 0.0
0.0, 0.0
0.0, 0.0
1.3788256186793495, -3.3636988290191447
8.826880591780704, -0.499184091188315
14.527566039665041, 2.4154548025494496
29.52847566510642, 0.6016567960167567

0.0016529921853911925, 0.008819820228598653
0.0, 0.0
0.0, 0.0
0.0, 0.0
0.0, 0.0
2.0079741601255603, -3.921653005443835
8.604657379069586, -0.2807781719227069
14.059522263235337, 2.5194274959390865
29.474497672369594, 0.711697247883378

0.0016404390228838388, 0.0088469983361476
0.0, 0.0
0.0, 0.0
0.0, 0.0
0.0, 0.0
2.4669145294288963, -4.142032209649138
8.285091642716914, -0.05913715337020842
13.5566880256804, 2.6171780234179103
29.412236900734438, 0.8215400804540726

0.0016370824424884222, 0.008861349852082454
0.0, 0.0
0.0, 0.0
0.0, 0.0
0.0, 0.0
2.7667346739097898, -4.093465249582072
7.86028707147957, 0.16330055329680834
13.016706229657183, 2.707769293059735
29.341660672485236, 0.9311530359054466

0.0016434239822658225, 0.00886400873434495
0.0, 0.0
0.0, 0.0
0.0, 0.0
0.0, 0.0
2.9005727779680344, -3.798706365975516
7.318481502126377, 0.3833285518865686
12.436768655159245, 2.7900608873892443
29.262731743340055, 1.0405033235205094

0.001661029697053589, 0.008854726252592999
0.0, 0.0
0.0, 0.0
0.0, 0.0
0.0, 0.0
2.8410824054038994, -3.251074444325588
6.641894876261676, 0.5962641494735372
11.813489258327806, 2.8626404970814296
29.1754081930576, 1.1495575430212188

0.0016935524365020024, 0.008831536283094011
0.0, 0.0
0.0, 0.0
0.0, 0.0
0.0, 0.0
2.520325451737853, -2.4069691247847866
5.802346208832026, 0.794398281613846
11.142725441535934, 2.9237232967126343
29.07964330104109, 1.2582816041228992

0.0017518206258102585, 0.008788049168664592
0.0, 0.0
0.0, 0.0
0.0, 0.0
0.0, 0.0
1.72620136094642, -1.1279220764331317
4.750968457488086, 0.9629149896835832
10.419318144220206, 2.9709990412533265
28.975385406205486, 1.3666406416276335

0.0018591483817905314, 0.008814546307221878
0.0, 0.0
0.0, 0.0
0.0, 0.0
0.0, 0.0
0.0003546304098708378, -1.295218676395594
3.3875017566027994, 1.0655042092257543
9.636699877436241, 3.0013897928646784
28.862577750382627, 1.4745989247535072

0.0018484528196354452, 0.008914753313465827
0.0, 0.0
0.0, 0.0
0.0, 0.0
0.0, 0.0
0.9365933864501466, -2.940295871761192
1.4066569884599698, 0.9469327782097278
8.786276697817595, 3.0106455592775556
28.741158302152304, 1.5821197568584973

0.0018234135214542247, 0.009003822696892733
0.0, 0.0
0.0, 0.0
0.0, 0.0
0.0, 0.0
1.643804802954595, -3.734395577877658
1.2094363900706464, -1.2309031880639882
7.856396801033825, 2.99262441983095
28.611059556477095, 1.6891653710083863

0.0017771748805087933, 0.009049969462685443
0.0, 0.0
0.0, 0.0
0.0, 0.0
0.0, 0.0
2.1751221643768344, -4.118052280346151
3.1009941931990808, -1.768307550703355
6.830500696995985, 2.9378987558393064
28.472208311973937, 1.7956968250288587

0.0017464334311160985, 0.009077140559877041
0.0, 0.0
0.0, 0.0
0.0, 0.0
0.0, 0.0
2.5507656443369577, -4.203954006605905
4.447437993609272, -1.9635289264210578
5.683467879876636, 2.8307274118313486
28.324525429269936, 1.9016738858907243

0.0017275758535931105, 0.009090377441556262
0.0, 0.0
0.0, 0.0
0.0, 0.0
0.0, 0.0
2.7713855875703586, -4.033207811700019
5.506095454632532, -2.027736345120815
4.3733320071073924, 2.641275834810859
28.16792556606383, 2.0070549053898423

0.0017203004969581974, 0.009090969217460027
0.0, 0.0
0.0, 0.0
0.0, 0.0
0.0, 0.0
2.820551788317415, -3.612746120804272
6.365557775632433, -2.0173054426281944
2.818000638095083, 2.299269218311201
28.002316884003054, 2.111796685282861

0.001726507627730334, 0.009078723819778653
0.0, 0.0
0.0, 0.0
0.0, 0.0
0.0, 0.0
2.6552121234463484, -2.9186412358849187
7.069798712505723, -1.9570745487130596
0.8003020769716989, 1.5321133378382374
27.827600725228198, 2.2158543307819762

0.0017463496235294973, 0.009053766527480762
0.0, 0.0
0.0, 0.0
0.0, 0.0
0.0, 0.0
2.1627951940377024, -1.8711497297981372
7.644410287835812, -1.8605990748454506
0.5445814260233578, -1.372549299213254
27.643671256066757, 2.319181091150419

0.001805784880962859, 0.00899197853568423
0.0, 0.0
0.0, 0.0
0.0, 0.0
0.0, 0.0
0.7678249656556454, -0.1528771059191724
8.105596751776364, -1.7362713614417287
2.631301039750398, -2.245924150994713
27.450415075288433, 2.421728185504846

0.0018158411000372976, 0.009114215248479407
0.0, 0.0
0.0, 0.0
0.0, 0.0
0.0, 0.0
0.4619831735129966, -2.3212226353559204
8.464058875160495, -1.5897567621243098
4.217355501006166, -2.6191488397894984
27.24771078355886, 2.5234446090750726

0.0017757156289825544, 0.009185626787915832
0.0, 0.0
0.0, 0.0
0.0, 0.0
0.0, 0.0
1.248825944111872, -3.4372383396158828
8.72691549119063, -1.425141050085317
5.546423551015488, -2.8263160843218302
27.03542850466207, 2.624276916801182

0.0017461486993308737, 0.009230830600230963
0.0, 0.0
0.0, 0.0
0.0, 0.0
0.0, 0.0
1.8498310398963649, -4.012379440406187
8.89873375683916, -1.2455396629217725
6.707068983071455, -2.9459275338680544
26.81342935278599, 2.724168993921147

0.0017255458656487963, 0.009259415734639391
0.0, 0.0
0.0, 0.0
0.0, 0.0
0.0, 0.0
2.2956256012327736, -4.245400753896275
8.982094414063818, -1.053455911504862
7.743637414983934, -3.0103220416627514
26.581564845193242, 2.8230618038740634

0.0017134685136088877, 0.009274670590550238
0.0, 0.0
0.0, 0.0
0.0, 0.0
0.0, 0.0
2.5939473211589705, -4.203820180896873
8.977881782069334, -0.8510131332042928
8.682358232579936, -3.036293679848512
26.339676254337224, 2.9208931067898445

0.001710280757241473, 0.009277679068939048
0.0, 0.0
0.0, 0.0
0.0, 0.0
0.0, 0.0
2.7366027652917917, -3.909324987783896
8.885381867630823, -0.6401230099876944
9.540383632269757, -3.0338052884779354
26.08759389009891, 3.0175971462533653

0.0017173077764157713, 0.009268074910716411
0.0, 0.0
0.0, 0.0
0.0, 0.0
0.0, 0.0
2.6959895719450224, -3.353387711054749
8.702213792260743, -0.42262914380896005
10.329716191709565, -3.009312389081022
25.825136303102237, 3.1131043001663614

0.0017378092503558108, 0.00924362130593672
0.0, 0.0
0.0, 0.0
0.0, 0.0
0.0, 0.0
2.4046783569857455, -2.4883409570503776
8.424079245545803, -0.20045785832384605
11.059176765048305, -2.967264895382766
25.55210939892276, 3.2073406904883326

0.001782029635347478, 0.009197113719766843
0.0, 0.0
0.0, 0.0
0.0, 0.0
0.0, 0.0
1.649659142188157, -1.1623680845086428
8.044262804698933, 0.024189353758125545
11.735488012406286, -2.910873846730556
25.268305451599254, 3.300227745536593

0.0018723092822495381, 0.009222949242990084
0.0, 0.0
0.0, 0.0
0.0, 0.0
0.0, 0.0
-0.034545560530030085, -1.3530843382176703
7.552725328518882, 0.2485409454197443
12.36391902800057, -2.8425418794399238
24.97350200369036, 3.3916817065447704

0.0018430902502556562, 0.009318392691975591
0.0, 0.0
0.0, 0.0
0.0, 0.0
0.0, 0.0
0.8264680684079038, -3.0019125871586536
6.934440980961076, 0.4687263828815059
12.948692683444612, -2.7641206790294075
24.667460635769025, 3.4816130638991813

0.0018253009985850922, 0.009374036774093222
0.0, 0.0
0.0, 0.0
0.0, 0.0
0.0, 0.0
1.4952647184502565, -3.8137954350755274
6.166140783089465, 0.6786870170774739
13.493255102062827, -2.6770725550577557
24.34992557624267, 3.5699259201089024

0.0018178362684689356, 0.009410242835643944
0.0, 0.0
0.0, 0.0
0.0, 0.0
0.0, 0.0
2.0064677709609477, -4.212187227662259
5.20915306269229, 0.8675321604116069
14.000460604945529, -2.5825762379186776
24.020622131599136, 3.656517274546017

0.0018210238970259769, 0.009432640808977997
0.0, 0.0
0.0, 0.0
0.0, 0.0
0.0, 0.0
2.3750035840744608, -4.307898937522163
3.990326681578091, 1.0113965184326077
14.472702414019151, -2.4815987938727795
23.679254917823396, 3.7412762041122183

0.0018375073325480507, 0.009444229109486143
0.0, 0.0
0.0, 0.0
0.0, 0.0
0.0, 0.0
2.5994326623002624, -4.141036568640535
2.329075382744137, 1.0344357110021005
14.91200749194805, -2.374945976250021
23.325505857597488, 3.824082922486864

0.0018706887754529617, 0.009466503255132059
0.0, 0.0
0.0, 0.0
0.0, 0.0
0.0, 0.0
2.662634070424362, -3.7171543672859255
0.04412087752530322, -0.5501819991786601
15.32010690942948, -2.263298391547024
22.959031902298623, 3.904807696500729

0.0018470607759769146, 0.009468105147797279
0.0, 0.0
0.0, 0.0
0.0, 0.0
0.0, 0.0
2.521791006967091, -3.0096426864816332
2.426745326059605, -1.6349783650851577
15.698489056854026, -2.147238064156589
22.579462429057834, 3.9833095927609534

0.0018510416343464578, 0.009440753779986
0.0, 0.0
0.0, 0.0
0.0, 0.0
0.0, 0.0
2.065102365139477, -1.9318404832177343
3.9378623230211316, -1.9294397614733478
16.048440561489873, -2.0272683620012373
22.18639626190436, 4.0594350207052425

0.0019039401545324968, 0.009376115802720448
0.0, 0.0
0.0, 0.0
0.0, 0.0
0.0, 0.0
0.690662928804511, -0.1265279940842196
5.096233677818329, -2.0434790521460946
16.371078223000097, -1.9038292005259652
21.779398250867192, 4.133016033103065

0.0019094007023657174, 0.00950349667125565
0.0, 0.0
0.0, 0.0
0.0, 0.0
0.0, 0.0
0.3801523275398525, -2.373625108784968
6.0285420847978175, -2.0649292829546804
16.667374217317164, -1.7773088443069678
21.357995320705122, 4.203868327118631

0.0018675222863091619, 0.009576819215396005
0.0, 0.0
0.0, 0.0
0.0, 0.0
0.0, 0.0
1.114548737253627, -3.5052479073781875
6.791378540651357, -2.0275069349332315
16.938176150872536, -1.6480532011340812
20.921671874264664, 4.271788870354588

0.0018354292577013468, 0.009623766831519186
0.0, 0.0
0.0, 0.0
0.0, 0.0
0.0, 0.0
1.6871624535691458, -4.096476114537777
7.416027251843774, -1.9483769129821282
17.184223226888747, -1.516373158424544
20.4698644002355, 4.336553091704555

0.0018118142202285237, 0.00965375558160137
0.0, 0.0
0.0, 0.0
0.0, 0.0
0.0, 0.0
2.119634753847129, -4.341599541412923
7.92175373938002, -1.8377114178517835
17.406159356856474, -1.382550515673535
20.00195513660499, 4.397911522973966

0.001796283192272989, 0.009670045344130114
0.0, 0.0
0.0, 0.0
0.0, 0.0
0.0, 0.0
2.416475635501708, -4.306927506122347
8.321118149591207, -1.7021629906658882
17.60454384594758, -1.246842858265667
19.5172645815949, 4.4555857481889145

0.0017891680782401395, 0.009673685583250614
0.0, 0.0
0.0, 0.0
0.0, 0.0
0.0, 0.0
2.568243339628531, -4.013029897485016
8.622485256068634, -1.5464071120537826
17.77986013218692, -1.1094876007236523
19.015042573679974, 4.50926348234245

0.0017917156974527153, 0.00966423131822265
0.0, 0.0
0.0, 0.0
0.0, 0.0
0.0, 0.0
2.5471905700223645, -3.449508599007137
8.831334317943119, -1.3739267522065695
17.932522944409712, -0.9707053829404242
18.49445758591107, 4.558592542242932

0.0018070627899353755, 0.009639253033251161
0.0, 0.0
0.0, 0.0
0.0, 0.0
0.0, 0.0
2.286614281690888, -2.5645921107574288
8.950976041597666, -1.1874553799800505
18.06288415911785, -0.8307029612084345
17.954583771507526, 4.603173391086921

0.0018453694912158238, 0.009590883857048451
0.0, 0.0
0.0, 0.0
0.0, 0.0
0.0, 0.0
1.573143959388164, -1.1926816295080014
8.982936650498155, -0.9892520871181407
18.171237572278905, -0.689675704492842
17.394385149637444, 4.642549824721651

0.001929611282613265, 0.009618076717152325
0.0, 0.0
0.0, 0.0
0.0, 0.0
0.0, 0.0
-0.07470677102467577, -1.4071986435214405
8.927125716912819, -0.7812917072749472
18.257822751844635, -0.5478097868721995
16.812696119598623, 4.676197204330349

0.0018990695192808034, 0.009713727553054798
0.0, 0.0
0.0, 0.0
0.0, 0.0
0.0, 0.0
0.7122921861259371, -3.058650309355172
8.781833105199631, -0.5654159967553029
18.322828077092986, -0.4052841619735532
16.208197205255203, 4.703507383142121

0.0018774437495517784, 0.009770033975464366
0.0, 0.0
0.0, 0.0
0.0, 0.0
0.0, 0.0
1.3425264319079622, -3.886902827325358
8.543555284219847, -0.3434765356723663
18.366393048195476, -0.2622723238137293
15.579384430607684, 4.72376914332022

0.0018639889971330328, 0.009806458495014377
0.0, 0.0
0.0, 0.0
0.0, 0.0
0.0, 0.0
1.8334009051761417, -4.299229706986397
8.206606130436443, -0.11750161692318295
18.388609964077194, -0.11894389481051941
14.924530144385164, 4.736142452591761

0.001858363400060522, 0.00982823085633857
0.0, 0.0
0.0, 0.0
0.0, 0.0
0.0, 0.0
2.194756760335066, -4.404453160804738
7.7623969974483025, 0.11006459879485403
18.389525017691096, 0.0245338621855424
14.241632221109194, 4.739623976986379

0.0018609195727178009, 0.009837264081902946
0.0, 0.0
0.0, 0.0
0.0, 0.0
0.0, 0.0
2.423158309174064, -4.241620516011524
7.198132508698161, 0.33595839740505096
18.36913883648601, 0.16799457988196068
13.528347035675202, 4.732999967670427

0.0018727881263761884, 0.009833830208897613
0.0, 0.0
0.0, 0.0
0.0, 0.0
0.0, 0.0
2.500887512516132, -3.8148885458937234
6.494337034282146, 0.555309776831666
18.32740648363544, 0.3112713392606504
12.781899284791457, 4.714780443769891

0.0018964488473839141, 0.00981665512818778
0.0, 0.0
0.0, 0.0
0.0, 0.0
0.0, 0.0
2.3855226239483467, -3.0949721928753675
5.619695931715504, 0.7598581949598432
18.264236922473405, 0.4541952058009985
11.998957920421715, 4.6831048342890575

0.0019379895627117583, 0.009781517468559615
0.0, 0.0
0.0, 0.0
0.0, 0.0
0.0, 0.0
1.9663682643279283, -1.9882900978764868
4.518470142345209, 0.9330084764952177
18.179491931511535, 0.5965937149926325
11.175460981798922, 4.635602546893194

0.0020292458832567614, 0.009709947643062159
0.0, 0.0
0.0, 0.0
0.0, 0.0
0.0, 0.0
0.6124999984689881, -0.09437172254319917
3.0701340008060405, 1.030737815475798
18.072984442434606, 0.7382892688089298
10.306360632979336, 4.569179420627707

0.0020824150184255478, 0.009844416520680537
0.0, 0.0
0.0, 0.0
0.0, 0.0
0.0, 0.0
0.29457592790822024, -2.4216083799430304
0.8404214791355764, 0.8072554621389704
17.944476254663392, 0.8790973877624318
9.385238426532778, 4.479676248827216

0.0020446470692838405, 0.009951148796997026
0.0, 0.0
0.0, 0.0
0.0, 0.0
0.0, 0.0
0.9768615492296275, -3.567174695653834
1.65183349693162, -1.4168487634875229
17.793675022372476, 1.018824765911928
8.403698481802781, 4.3612926478961

0.002000574806835064, 0.010006859270140417
0.0, 0.0
0.0, 0.0
0.0, 0.0
0.0, 0.0
1.5209508313946911, -4.173407618591975
3.38293592437121, -1.8627540145554655
17.62023041811585, 1.1572671365594025
7.350355945987999, 4.205547433739202

0.001969266733714567, 0.010042179439271371
0.0, 0.0
0.0, 0.0
0.0, 0.0
0.0, 0.0
1.9399705402190415, -4.430109801437339
4.657300018790026, -2.03921128159188
17.42372939913563, 1.2942068329752683
6.209030471908003, 3.9992307168486736

0.0019479390518882882, 0.0100624347427
0.0, 0.0
0.0, 0.0
0.0, 0.0
0.0, 0.0
2.235339572839741, -4.402306160591257
5.669633343066248, -2.0978490949006807
17.203690398626886, 1.4294099622419554
4.9552111861214, 3.7198524148046155

0.001936133997682828, 0.010069341944864425
0.0, 0.0
0.0, 0.0
0.0, 0.0
0.0, 0.0
2.3964591926907666, -4.109413420329121
6.494800428046633, -2.0861121785126127
16.959556216243787, 1.5626230812440625
3.5482360094719847, 3.3235617620173286

0.0019348222432727547, 0.01006290973009549
0.0, 0.0
0.0, 0.0
0.0, 0.0
0.0, 0.0
2.3955547230468466, -3.5391572825643336
7.171564788350815, -2.0261414275180107
16.690685334824156, 1.693569239025824
1.9110369357032866, 2.702103561775234

0.001947196129251275, 0.010041833658211477
0.0, 0.0
0.0, 0.0
0.0, 0.0
0.0, 0.0
2.1668819054626423, -2.6356626106906003
7.722980780865865, -1.9304081015063588
16.396341305609766, 1.821943206068199
-0.10585703429762156, 1.394226827807456

0.001976161186469657, 0.010000487781279328
0.0, 0.0
0.0, 0.0
0.0, 0.0
0.0, 0.0
1.4973632513215949, -1.219224156270793
8.16381270893196, -1.8067900826175283
16.075679731976656, 1.9474056516842468
0.24775424063531487, -1.7056077526450055

0.0020477666991028905, 0.010032658396447168
0.0, 0.0
0.0, 0.0
0.0, 0.0
0.0, 0.0
-0.11969609767813265, -1.4567808223638146
8.503849650530524, -1.660678603144792
15.72773224102369, 2.0695759403015943
2.186949941697585, -2.8234901406665265

0.0020104501681263522, 0.010130727141109377
0.0, 0.0
0.0, 0.0
0.0, 0.0
0.0, 0.0
0.5946700127861785, -3.109864329051146
8.749578209800895, -1.4959999137055375
15.351386593642781, 2.188023055077499
3.774413661990721, -3.403259272511605

0.0019808832886465673, 0.010189435966530153
0.0, 0.0
0.0, 0.0
0.0, 0.0
0.0, 0.0
1.1863568508782008, -3.953139410801553
8.9050867938688, -1.3157690259316923
14.94536169245605, 2.3022540827116393
5.1498158946776975, -3.783692870606752

0.001958796470606328, 0.010227759505469924
0.0, 0.0
0.0, 0.0
0.0, 0.0
0.0, 0.0
1.6567744476718376, -4.378648715444048
8.972559989347252, -1.122420367688481
14.508175914525038, 2.411699416118684
6.381160094188404, -4.056160522930403

0.0019438541187904806, 0.010250921879011957
0.0, 0.0
0.0, 0.0
0.0, 0.0
0.0, 0.0
2.010897710601143, -4.493144065402318
8.95252166332627, -0.9180260196294632
14.038106564765279, 2.515693350375852
7.505311436665087, -4.259645572380014

0.001936272312183052, 0.010260814268811732
0.0, 0.0
0.0, 0.0
0.0, 0.0
0.0, 0.0
2.243395479742855, -4.334563267242558
8.843895801477649, -0.7044578308362927
13.533137185699879, 2.6134482026362806
8.544904157781827, -4.414711260199087

0.001936926343468067, 0.010257627106636897
0.0, 0.0
0.0, 0.0
0.0, 0.0
0.0, 0.0
2.3360495770451415, -3.905651040938251
8.64390156144388, -0.483528983239782
12.99088794140777, 2.704019116884176
9.515068616398349, -4.533655402369359

0.0019478606639756813, 0.010239886260476993
0.0, 0.0
0.0, 0.0
0.0, 0.0
0.0, 0.0
2.2469921103047223, -3.1744567691164627
8.347755975230537, -0.25714568612905325
12.408521872122938, 2.786255123544767
10.426548641083814, -4.624475264573531

0.0019743762112536304, 0.010202843219535813
0.0, 0.0
0.0, 0.0
0.0, 0.0
0.0, 0.0
1.8670452462141593, -2.0404316162080955
7.948101499030686, -0.027507486835477254
11.78261583452446, 2.8587293208061437
11.287323092779618, -4.692692763039139

0.0020482650257166086, 0.010125222660177891
0.0, 0.0
0.0, 0.0
0.0, 0.0
0.0, 0.0
0.5329930617167699, -0.05650794100048854
7.433971809470967, 0.20257593029389076
11.108978179117386, 2.9196362592019454
12.103525079687662, -4.742296568666522

0.0020762542458829447, 0.010257180635496419
0.0, 0.0
0.0, 0.0
0.0, 0.0
0.0, 0.0
0.20474420508780894, -2.464480330717387
6.788877124987938, 0.4291003309181672
10.38238327895967, 2.9666356809737975
12.879999125177818, -4.776271368935597

0.002060962979725688, 0.010329654073228082
0.0, 0.0
0.0, 0.0
0.0, 0.0
0.0, 0.0
0.8352296813154567, -3.6226024793139766
5.986977164114561, 0.6456187855401411
9.59617030746243, 2.996604082164511
13.6206573740545, -4.796914928514772

0.0020542572815360357, 0.010376801959086052
0.0, 0.0
0.0, 0.0
0.0, 0.0
0.0, 0.0
1.3507022956273271, -4.24294058011102
4.984374833262055, 0.8400692345532291
8.74160827131931, 3.0052189118984933
14.328717505166791, -4.806037908645112

0.0020571523064726437, 0.010407887075300225
0.0, 0.0
0.0, 0.0
0.0, 0.0
0.0, 0.0
1.7561821054750864, -4.5108381653117355
3.6945255717334806, 0.984251336560409
7.8068331848151775, 2.986215419669617
15.006867095687106, -4.805095253354528

0.002073126445632221, 0.010427457539793607
0.0, 0.0
0.0, 0.0
0.0, 0.0
0.0, 0.0
2.0501277999822025, -4.4899740125058525
1.8811335352156067, 0.9740952087907223
6.774933775806138, 2.9299395915075004
15.657380571363282, -4.795275644217874

0.0020861518530243756, 0.010462571387790595
0.0, 0.0
0.0, 0.0
0.0, 0.0
0.0, 0.0
2.2208753876594103, -4.198581344741781
0.7093322110034045, -1.021928199204294
5.620145620580941, 2.820180404852521
16.28220456190563, -4.777564204161822

0.0020605888201839367, 0.010466236990192803
0.0, 0.0
0.0, 0.0
0.0, 0.0
0.0, 0.0
2.2407431993780573, -3.6225030996008942
2.774100498702738, -1.7550051366978114
4.2991399245347575, 2.625935448093163
16.883021563036234, -4.752787568111832

0.0020552114832202623, 0.010447014855045197
0.0, 0.0
0.0, 0.0
0.0, 0.0
0.0, 0.0
2.045197640376032, -2.7017532329782545
4.187453554422547, -2.0136757415764563
2.7261777766980075, 2.2729499451430626
17.461298329247672, -4.721647009336053

0.0020757973036353984, 0.010400858128196992
0.0, 0.0
0.0, 0.0
0.0, 0.0
0.0, 0.0
1.4221517848969318, -1.2421982454488407
5.288672364301122, -2.116870625838811
0.6692199033565397, 1.4586942980246098
18.018323296252927, -4.684743247075328

0.0021411248213600307, 0.010440073701370529
0.0, 0.0
0.0, 0.0
0.0, 0.0
0.0, 0.0
-0.16936174231387632, -1.501942998274168
6.180463375618639, -2.134629922656254
0.6772837645281542, -1.4536287239201833
18.55523592607729, -4.642595345649593

0.002097749015255846, 0.01054041450767679
0.0, 0.0
0.0, 0.0
0.0, 0.0
0.0, 0.0
0.4734565194747884, -3.1555434460363516
6.91164950713956, -2.0961768258729037
2.7227383833965146, -2.2756677571905937
19.073049997011, -4.595655339106397

0.002061639471010679, 0.010601154415807805
0.0, 0.0
0.0, 0.0
0.0, 0.0
0.0, 0.0
1.0265380200388035, -4.012534708060011
7.510030616339417, -2.0170170210930807
4.290574954544306, -2.6383873415011183
19.572672330195065, -4.54431966232655

0.00203269488953856, 0.010641097185902351
0.0, 0.0
0.0, 0.0
0.0, 0.0
0.0, 0.0
1.4763408291155338, -4.450498887581539
7.992999248238217, -1.906573864405624
5.60856257476011, -2.84146719839965
20.054918030571386, -4.488938195803568

0.0020105510828260045, 0.010665485654584509
0.0, 0.0
0.0, 0.0
0.0, 0.0
0.0, 0.0
1.8231677573604308, -4.574036064476851
8.371976128800831, -1.7711157891563494
6.761394328187796, -2.959186407668182
20.520522989086718, -4.4298215346991165

0.001995344552123601, 0.010676206833037757
0.0, 0.0
0.0, 0.0
0.0, 0.0
0.0, 0.0
2.0598845773015806, -4.419924719867305
8.654561782143068, -1.6151023105627749
7.79198884176698, -3.022676795309607
20.970154230000595, -4.367246880909671

0.00198783636132868, 0.010673407646522344
0.0, 0.0
0.0, 0.0
0.0, 0.0
0.0, 0.0
2.16786549468347, -3.9894819103660972
8.845676974827219, -1.441885483424743
8.725901707858617, -3.04825034662398
21.40441854457683, -4.30146285995068

0.0019899112883066204, 0.010655496477385291
0.0, 0.0
0.0, 0.0
0.0, 0.0
0.0, 0.0
2.1059507191761897, -3.2480981457969826
8.94818830544154, -1.2541116099206981
9.579910942583242, -3.0456435732905245
21.82386974858291, -4.232693491739474

0.0020066447216723115, 0.01061738727099245
0.0, 0.0
0.0, 0.0
0.0, 0.0
0.0, 0.0
1.766854175810297, -2.088212152501321
8.963232860412356, -1.053975454948489
10.365794000891075, -3.021199432972282
22.229014824712877, -4.161141489617945

0.002071484933044519, 0.010535371934355824
0.0, 0.0
0.0, 0.0
0.0, 0.0
0.0, 0.0
0.4492194928855945, -0.012116607536285752
8.890343080046975, -0.8434023093116326
11.092230110674173, -2.9793049456341207
22.620319154082164, -4.08699102208912

0.00209101362429528, 0.010671074533388149
0.0, 0.0
0.0, 0.0
0.0, 0.0
0.0, 0.0
0.11139616792895038, -2.5027472442468546
8.727407089924114, -0.624195196050416
11.765846601004293, -2.923131996705606
22.998210994809664, -4.010410045135203

0.002068285257063402, 0.010743593926479037
0.0, 0.0
0.0, 0.0
0.0, 0.0
0.0, 0.0
0.6902928457951816, -3.6717652052992107
8.470451381655714, -0.398177915799625
12.391844668641786, -2.8550577439444353
23.363085327644736, -3.9315522805354846

0.0020515144040261454, 0.01079046234912833
0.0, 0.0
0.0, 0.0
0.0, 0.0
0.0, 0.0
1.177005407842295, -4.305149565912909
8.113188009012143, -0.16736716472702812
12.974397202436233, -2.7769165966682072
23.715307188291977, -3.85055888255595

0.002040956686605808, 0.010820346325209928
0.0, 0.0
0.0, 0.0
0.0, 0.0
0.0, 0.0
1.5688235789100289, -4.583739487893
7.646188539509068, 0.06577265614916503
13.51691255988046, -2.6901588105680507
24.055214567468834, -3.7675598676105264

0.0020370152721072635, 0.010836267346796807
0.0, 0.0
0.0, 0.0
0.0, 0.0
0.0, 0.0
1.8613627756082072, -4.569800899879631
7.055378940117864, 0.29788514068656147
14.02221578085928, -2.5959546013941663
24.383120944101645, -3.6826753501263587

0.0020405962521359315, 0.010839113552739227
0.0, 0.0
0.0, 0.0
0.0, 0.0
0.0, 0.0
2.04197872762634, -4.280359662493936
6.319134682052073, 0.5238257587581242
14.4926769110886, -2.495264940790387
24.699317506276557, -3.5960166127616606

0.0020535109732936533, 0.01082825175604358
0.0, 0.0
0.0, 0.0
0.0, 0.0
0.0, 0.0
2.083197854293925, -3.699392406080067
5.402040129630326, 0.7345402680999324
14.930304242916456, -2.3888911665533548
25.004075105848507, -3.5076870369038957

0.002079696828641495, 0.010800902355533055
0.0, 0.0
0.0, 0.0
0.0, 0.0
0.0, 0.0
1.9219116438782946, -2.762847952101299
4.238897966747366, 0.9107990480255352
15.33681357560518, -2.27751065712363
25.29764598483383, -3.4177829151618964

0.0021313484664767968, 0.010747911814102088
0.0, 0.0
0.0, 0.0
0.0, 0.0
0.0, 0.0
1.347742564196808, -1.2618629020760195
2.6783296312480274, 0.9958816207754801
15.71368064968496, -2.1617030707653155
25.58026530542629, -3.326394164014495

0.0022468011858328705, 0.010789611810923262
0.0, 0.0
0.0, 0.0
0.0, 0.0
0.0, 0.0
-0.22303512430387623, -1.5426554637991874
-0.014306699672270216, 0.4020052835779996
16.062181498975463, -2.0419700435724217
25.852152510237957, -3.2336049527025126

0.0021915936282136247, 0.010916669766270464
0.0, 0.0
0.0, 0.0
0.0, 0.0
0.0, 0.0
0.3493971289532533, -3.195514078483462
2.090300763003921, -1.5861780574843691
16.38342390681064, -1.9187502660600089
26.113512530060977, -3.139494263885517

0.002146590735718668, 0.010983298607532568
0.0, 0.0
0.0, 0.0
0.0, 0.0
0.0, 0.0
0.8638892400262812, -4.064889961631741
3.679670496212532, -1.9607266185116106
16.678372222523635, -1.7924311377648368
26.364536857970755, -3.044136385159341

0.002111269720440714, 0.011026796302665526
0.0, 0.0
0.0, 0.0
0.0, 0.0
0.0, 0.0
1.2929440700059491, -4.514574173270192
4.882140317290152, -2.118251701714655
16.94786720211315, -1.663357903886679
26.605404516607745, -2.947601339607233

0.0020837062639644127, 0.011053635539243123
0.0, 0.0
0.0, 0.0
0.0, 0.0
0.0, 0.0
1.6323937569935798, -4.646938761915643
5.846272061210085, -2.1699515813245345
17.192641998351682, -1.531840960782102
26.836282929087094, -2.8499552724342188

0.002063422962759973, 0.011066081426399928
0.0, 0.0
0.0, 0.0
0.0, 0.0
0.0, 0.0
1.8733994311202125, -4.497559684524408
6.634912287035476, -2.155538559618234
17.41333512360236, -1.3981617701646738
27.05732870141352, -2.7512607985122965

0.0020508378317190884, 0.011064408770575952
0.0, 0.0
0.0, 0.0
0.0, 0.0
0.0, 0.0
1.9970250765177058, -4.066321495375887
7.2819483575526815, -2.0945955020915847
17.610501016583513, -1.2625777018110291
27.26868832724575, -2.6515773146646224

0.0020475777246760137, 0.011047004090777874
0.0, 0.0
0.0, 0.0
0.0, 0.0
0.0, 0.0
1.962981345351333, -3.3159848807398395
7.8079685283106945, -1.998506846599567
17.78461868673775, -1.1253260477628928
27.470498824076365, -2.550961281004084

0.002058459878695381, 0.01100850735038367
0.0, 0.0
0.0, 0.0
0.0, 0.0
0.0, 0.0
1.6662848769286764, -2.131993839110196
8.226300933710055, -1.874613582435808
17.93609879591165, -0.9866273923388481
27.662888308585707, -2.449466475226275

0.0021190340637122326, 0.01092265697605268
0.0, 0.0
0.0, 0.0
0.0, 0.0
0.0, 0.0
0.3591402850884658, 0.03763031384972844
8.545805197356325, -1.7280115748138485
18.065289454314065, -0.8466884811702331
27.84597651807141, -2.347144223523858

0.0021350622377070035, 0.011062826245385422
0.0, 0.0
0.0, 0.0
0.0, 0.0
0.0, 0.0
0.01500922154198445, -2.535871333319598
8.772310490967481, -1.562449675756108
18.172480942687784, -0.705704713868564
28.01987528360561, -2.2440436133104007

0.002110846044618743, 0.01113620267992887
0.0, 0.0
0.0, 0.0
0.0, 0.0
0.0, 0.0
0.5426412496318214, -3.7142825020178556
8.909398119532334, -1.3808284373573758
18.25790948991713, -0.5638623437641218
28.18468895511024, -2.140211689567305

0.0020912797468613862, 0.011183953705752198
0.0, 0.0
0.0, 0.0
0.0, 0.0
0.0, 0.0
1.0005152234482737, -4.359755294440785
8.95882441767934, -1.1855029774188084
18.32176023276096, -0.42134039437843507
28.340514784018083, -2.035693626446865

0.0020768411755000015, 0.011214521423189926
0.0, 0.0
0.0, 0.0
0.0, 0.0
0.0, 0.0
1.3785670530503122, -4.64862296901578
8.920715272912785, -0.978486703269096
18.364169484580426, -0.27831239872771735
28.487443272044906, -1.9305328845669727

0.0020678899352038864, 0.011230833115928561
0.0, 0.0
0.0, 0.0
0.0, 0.0
0.0, 0.0
1.669695050351181, -4.64168455486936
8.793586352453316, -0.7616064508028247
18.38522638052129, -0.13494801595181022
28.62555848902035, -1.8247713573931785

0.002065117748919732, 0.011233668554632151
0.0, 0.0
0.0, 0.0
0.0, 0.0
0.0, 0.0
1.860364913487087, -4.354741515158576
8.574195226981585, -0.536642166589726
18.38497393942219, 0.008585441246681574
28.75493836132341, -1.7184495066050534

0.00206989596628921, 0.011222202539975476
0.0, 0.0
0.0, 0.0
0.0, 0.0
0.0, 0.0
1.9234319436059306, -3.769923034168527
8.257187113287012, -0.3054816813126959
18.363409572623773, 0.1521215326749725
28.875654933416374, -1.6116064874329774

0.002085270892030164, 0.011193219798589758
0.0, 0.0
0.0, 0.0
0.0, 0.0
0.0, 0.0
1.797477407468849, -2.8191668500667864
7.834431860985754, -0.07033238549030174
18.320485055112496, 0.29549323597443744
28.987774604829514, -1.5042802650500768

0.002121329731725821, 0.011136089370866227
0.0, 0.0
0.0, 0.0
0.0, 0.0
0.0, 0.0
1.2746972421992282, -1.2787787827260075
7.293825378798397, 0.1659319867735841
18.25610596073341, 0.43853147719448254
29.09135834481844, -1.3965077231188079

0.0022086763920185176, 0.011166760236559844
0.0, 0.0
0.0, 0.0
0.0, 0.0
0.0, 0.0
-0.28087651925112217, -1.5777772294569
6.617038802866164, 0.399109417214503
18.170130552721428, 0.5810636078311222
29.18646188706123, -1.2883247660956898

0.002200237233652215, 0.011262095880929716
0.0, 0.0
0.0, 0.0
0.0, 0.0
0.0, 0.0
0.22214840555467816, -3.2291159539749064
5.774903738978255, 0.6221965319561913
18.062368094581785, 0.722911769156706
29.273135904679272, -1.1797664189223256

0.0021962488004325796, 0.011321005441119613
0.0, 0.0
0.0, 0.0
0.0, 0.0
0.0, 0.0
0.6980780221686026, -4.109803315088564
4.716457796676738, 0.8214223911805733
17.932576484576987, 0.8638911356225919
29.351426162337397, -1.070866918462136

0.002200165241731052, 0.011360726038429943
0.0, 0.0
0.0, 0.0
0.0, 0.0
0.0, 0.0
1.1062854618453781, -4.570638553420854
3.335571375124193, 0.9617694470755238
17.780459165663032, 1.0038080027743286
29.42137365034097, -0.9616597957758573

0.002217210652868432, 0.011388361790527874
0.0, 0.0
0.0, 0.0
0.0, 0.0
0.0, 0.0
1.438317062674327, -4.711733030232926
1.2946514966412102, 0.8802385487221837
17.60566124453165, 1.1424576317310504
29.48301470511819, -0.8521779558011221

0.00220922376298406, 0.011432589515925604
0.0, 0.0
0.0, 0.0
0.0, 0.0
0.0, 0.0
1.6837233942644114, -4.56743265684747
1.3014406615227923, -1.316850605234153
17.407764676341984, 1.2796217857261452
29.53638111476248, -0.7424537538647507

0.002180332957552433, 0.01143973444762763
0.0, 0.0
0.0, 0.0
0.0, 0.0
0.0, 0.0
1.8233553333519517, -4.136189726695042
3.1308492553849168, -1.875315536489087
17.186282344470566, 1.4150658740933744
29.58150020967443, -0.6325190689747382

0.0021657085341720136, 0.011426546022692769
0.0, 0.0
0.0, 0.0
0.0, 0.0
0.0, 0.0
1.8179625920864577, -3.378168952193598
4.450832964298365, -2.1013326474638974
16.94065084406388, 1.5485355883124976
29.61839494211963, -0.5224053751510922

0.0021669102671370987, 0.011390052571723916
0.0, 0.0
0.0, 0.0
0.0, 0.0
0.0, 0.0
1.5652822997996116, -2.171853469124714
5.493959351728099, -2.1927764947018185
16.670221672836686, 1.6797529072413642
29.647083954289275, -0.41214380945657525

0.002221333613150113, 0.01130202847506107
0.0, 0.0
0.0, 0.0
0.0, 0.0
0.0, 0.0
0.2566732972382826, 0.09111066086383364
6.343323498011331, -2.205552741020202
16.374250459570522, 1.808411277892668
29.667581633600026, -0.30176523852635334

0.0022318454058882433, 0.011447875394660731
0.0, 0.0
0.0, 0.0
0.0, 0.0
0.0, 0.0
-0.08443356423822848, -2.563733030045289
7.040743900666949, -2.164833595478121
16.05188377273389, 1.9341697135704607
29.679898156916998, -0.19130032555874402

0.002205245773977104, 0.011523100772216561
0.0, 0.0
0.0, 0.0
0.0, 0.0
0.0, 0.0
0.3921430707534191, -3.7500527825526513
7.6107230545434374, -2.0845246692179757
15.702142831266293, 2.0566454536509733
29.684039520522788, -0.08077959856372388

0.0021826002380666036, 0.011572620269078484
0.0, 0.0
0.0, 0.0
0.0, 0.0
0.0, 0.0
0.821065302931579, -4.406663811905021
8.068824703058871, -1.973292878505671
15.323903182534986, 2.175404783975706
29.680007553521374, 0.02976648701534002

0.002164580411570085, 0.011604716156596775
0.0, 0.0
0.0, 0.0
0.0, 0.0
0.0, 0.0
1.185238422271616, -4.705382676950353
8.425331117027312, -1.8370031929857769
14.915869240765034, 2.289951367563723
29.667799921010502, 0.14030748650505817

0.0021515553673529418, 0.011622278265126946
0.0, 0.0
0.0, 0.0
0.0, 0.0
0.0, 0.0
1.474954104639068, -4.705488373016738
8.687063978694491, -1.6798787846843457
14.476542049024552, 2.3997111755901344
29.647410117328494, 0.250812903284325

0.0021441513001038562, 0.011626048446661763
0.0, 0.0
0.0, 0.0
0.0, 0.0
0.0, 0.0
1.6758693546841914, -4.421539506982789
8.858361616232933, -1.5051216117953687
14.004177926604948, 2.5040127165440955
29.61882744788704, 0.36125212553525654

0.002143612715748121, 0.011615124794724629
0.0, 0.0
0.0, 0.0
0.0, 0.0
0.0, 0.0
1.7612784735575107, -3.833832274666551
8.94161358493876, -1.3152774476131046
13.496734655185703, 2.6020606335586374
29.582036999337276, 0.47159436230396734

0.0021527735386618107, 0.011586102979276343
0.0, 0.0
0.0, 0.0
0.0, 0.0
0.0, 0.0
1.6716813806999347, -2.8703307804011615
8.937529897062126, -1.112471286003837
12.951800277802084, 2.692899739210708
29.537019597940073, 0.581808578575442

0.002181409421971364, 0.01152762000937798
0.0, 0.0
0.0, 0.0
0.0, 0.0
0.0, 0.0
1.202579440985116, -1.2922515603861537
8.845222452264975, -0.8985766817403397
12.366497070022207, 2.7753649134189664
29.48375175611285, 0.6918634289882003

0.002262774294111803, 0.011559408477318844
0.0, 0.0
0.0, 0.0
0.0, 0.0
0.0, 0.0
-0.3420987277563187, -1.608589088634788
8.662121272319217, -0.6753571357941762
11.737349137113709, 2.848009493061228
29.422205607692757, 0.8017271893537204

0.002251200292830623, 0.01165466082552832
0.0, 0.0
0.0, 0.0
0.0, 0.0
0.0, 0.0
0.09238900003891566, -3.256834578254865
8.383704396291058, -0.4446101295791315
11.060095101012386, 2.9089997135570713
29.352348831471513, 0.9113676828455396

0.002241088466042584, 0.011713720328759667
0.0, 0.0
0.0, 0.0
0.0, 0.0
0.0, 0.0
0.5297424979937285, -4.147474373760256
8.002966090260822, -0.20834792187703421
10.329414333885188, 2.9559533692571254
29.274144555693752, 1.0207522044684028

0.0022351311412060304, 0.011752765215650015
0.0, 0.0
0.0, 0.0
0.0, 0.0
0.0, 0.0
0.916971528286651, -4.61870658627235
7.509454520000273, 0.030925666595808157
9.538511660877322, 2.985682567412549
29.187551245618124, 1.129847445638777

0.0022341714489333715, 0.011776519809653378
0.0, 0.0
0.0, 0.0
0.0, 0.0
0.0, 0.0
1.2415040037846623, -4.768302374876133
6.887500955257933, 0.26971463413792074
8.678458084831005, 2.99376127615869
29.092522578614126, 1.23861941447683

0.00223915543732968, 0.011786655536799898
0.0, 0.0
0.0, 0.0
0.0, 0.0
0.0, 0.0
1.4913664618498845, -4.629340604012166
6.112724562869495, 0.5024796898156857
7.737081799117831, 2.9737479872879713
28.989007303929505, 1.3470333515514794

0.0022516246714807445, 0.011783198121673477
0.0, 0.0
0.0, 0.0
0.0, 0.0
0.0, 0.0
1.647283076456144, -4.198848448532429
5.144240167100055, 0.7190170969484644
6.696957707603682, 2.915660647180945
28.876949085453543, 1.4550536408134422

0.0022745769066094892, 0.011764494094260345
0.0, 0.0
0.0, 0.0
0.0, 0.0
0.0, 0.0
1.671182080505618, -3.434434401272611
3.9034004318142044, 0.896069178447134
5.531374813584711, 2.8026024115790307
28.75628632624588, 1.5626437151789825

0.0023157245508957677, 0.011725623281917095
0.0, 0.0
0.0, 0.0
0.0, 0.0
0.0, 0.0
1.4639168930091797, -2.2076396716801305
2.188283413997825, 0.9539955012699273
4.194983940997271, 2.601844325288971
28.62695197357183, 1.669765956110792

0.0024136483325722722, 0.011659354802312892
0.0, 0.0
0.0, 0.0
0.0, 0.0
0.0, 0.0
0.12848567233902172, 0.13987822019327156
0.3080784887044518, -0.7883636199553329
2.5965272292158463, 2.2330590900872056
28.48887330319843, 1.776381586372927

0.002405512786596293, 0.011825096695703708
0.0, 0.0
0.0, 0.0
0.0, 0.0
0.0, 0.0
-0.18593413622748164, -2.5865587656881357
2.524985183949272, -1.7457839495530638
0.4809397917157674, 1.342847880895495
28.341971682089692, 1.8824505537683398

0.00236740950403749, 0.011912891840547165
0.0, 0.0
0.0, 0.0
0.0, 0.0
0.0, 0.0
0.23990183204369414, -3.778958650893097
3.9878213662848805, -2.063077526785707
0.8583439971560732, -1.5549309966151195
28.18616230632769, 1.987931402477762

0.0023317696459048856, 0.011968387213710522
0.0, 0.0
0.0, 0.0
0.0, 0.0
0.0, 0.0
0.6397689460354951, -4.445458774359418
5.119729225639956, -2.202278764016458
2.850657450986276, -2.3133124826680933
28.021353906955273, 2.0927811384194834

0.002302599712055868, 0.012004517285926362
0.0, 0.0
0.0, 0.0
0.0, 0.0
0.0, 0.0
0.989884488801165, -4.753292245635424
6.034907251051746, -2.246351450650445
4.394496276671396, -2.660668504460049
27.84744842660809, 2.1969550841660137

0.0022792792381061493, 0.012025074470727821
0.0, 0.0
0.0, 0.0
0.0, 0.0
0.0, 0.0
1.2780464402604517, -4.760140395559855
6.785839252728275, -2.228440855175125
5.697725387877685, -2.856899658900707
27.66434066472841, 2.3004067207980294

0.0022619342180110144, 0.012031087923572392
0.0, 0.0
0.0, 0.0
0.0, 0.0
0.0, 0.0
1.4891727972466353, -4.479270238699668
7.4019279950339865, -2.165769933788354
6.840115282652558, -2.9708248315520844
27.471917886922352, 2.4030875152244913

0.0022514646840371016, 0.012021740026917043
0.0, 0.0
0.0, 0.0
0.0, 0.0
0.0, 0.0
1.5970703171164287, -3.8891013819319604
7.901409732222974, -2.0686719831766163
7.862723677338247, -3.0319214123081006
27.27005939428177, 2.5049467312601434

0.002250388771944246, 0.011993530031984296
0.0, 0.0
0.0, 0.0
0.0, 0.0
0.0, 0.0
1.544268681968334, -2.91350467049444
8.29621678061654, -1.9439467277331939
8.79017963901614, -3.055842436700315
27.058636048429353, 2.6059312225009053

0.002268158120891027, 0.011934382560803538
0.0, 0.0
0.0, 0.0
0.0, 0.0
0.0, 0.0
1.1295484025787248, -1.2975141868672029
8.594290512499077, -1.7963750039729731
9.638760454035612, -3.0520512675251763
26.83750974767707, 2.7059852046975355

0.0023408591492358874, 0.011968376351292276
0.0, 0.0
0.0, 0.0
0.0, 0.0
0.0, 0.0
-0.40552475146060246, -1.6404655237925114
8.800798612427394, -1.629509396439136
10.419964841429152, -3.0267408094418164
26.606532850241855, 2.8050500046586744

0.0023242157491772503, 0.012064014151408516
0.0, 0.0
0.0, 0.0
0.0, 0.0
0.0, 0.0
-0.038227427078801314, -3.281148946517705
8.918807186929648, -1.4461207800301434
11.14229216976746, -2.984199436347262
26.36554753979554, 2.90306377895199

0.0023074558593361933, 0.012123982347238828
0.0, 0.0
0.0, 0.0
0.0, 0.0
0.0, 0.0
0.3605434334025425, -4.179052218482874
8.949635573171127, -1.2484726077148414
11.812244356637786, -2.9275346554399837
26.114385113846122, 2.999961200381196

0.002293637774647344, 0.012163806708941583
0.0, 0.0
0.0, 0.0
0.0, 0.0
0.0, 0.0
0.7265461756777648, -4.65890258710713
8.893002646464796, -1.0385089068736377
12.434932562817176, -2.8590806978515055
25.852865188567627, 3.0956731118309055

0.002283566899550713, 0.012188054518369741
0.0, 0.0
0.0, 0.0
0.0, 0.0
0.0, 0.0
1.0432915267249356, -4.815813371891798
8.747005734963501, -0.8180014657182153
13.01446322565269, -2.7806424767524467
25.580794818967732, 3.190126139857611

0.00227792983127255, 0.012198264111086887
0.0, 0.0
0.0, 0.0
0.0, 0.0
0.0, 0.0
1.2973583289306836, -4.681438786501371
8.507927813642295, -0.5886867944837004
13.554194386771568, -2.6936493892976032
25.29796751971325, 3.283242261214466

0.0022777294903115215, 0.01219424923582988
0.0, 0.0
0.0, 0.0
0.0, 0.0
0.0, 0.0
1.4693895221370084, -4.251261474381606
8.16982212123751, -0.35242361126235605
14.056912122798634, -2.599256512905693
25.004162171676, 3.374938315196304

0.002284847702294801, 0.01217389085256993
0.0, 0.0
0.0, 0.0
0.0, 0.0
0.0, 0.0
1.5225228094955858, -3.48015854694789
7.72375023301109, -0.11141630385430464
14.524955710635014, -2.498413585997823
24.69914179773759, 3.4651254533316136

0.002304058193150068, 0.012130742446441713
0.0, 0.0
0.0, 0.0
0.0, 0.0
0.0, 0.0
1.3606078042474288, -2.2320933729279124
7.156400219354342, 0.13140599612214926
14.960308728170004, -2.391913451656153
24.382652188787404, 3.5537085163890048

0.002386269901815565, 0.01203450731627742
0.0, 0.0
0.0, 0.0
0.0, 0.0
0.0, 0.0
-0.07738590369875037, 0.12930562017519284
6.447449846220996, 0.3716397208700197
15.364666833069357, -2.2804269639400494
24.054420358210518, 3.6405853268803083

0.0024125328258216313, 0.012181826447534856
0.0, 0.0
0.0, 0.0
0.0, 0.0
0.0, 0.0
-0.2884794785001137, -2.611232470222491
5.5640090666921465, 0.601667945189243
15.739489147202711, -2.164528736763093
23.71415280296042, 3.7256458811420883

0.0024142393306792144, 0.012255725943417142
0.0, 0.0
0.0, 0.0
0.0, 0.0
0.0, 0.0
0.08703828535069028, -3.80518838943653
4.446816835590212, 0.8056831580516759
16.086037788039828, -2.044716501277799
23.361533533385373, 3.8087714175079803

0.002421483326800037, 0.012305807321080083
0.0, 0.0
0.0, 0.0
0.0, 0.0
0.0, 0.0
0.45769972757759486, -4.478935500910711
2.9644458648110126, 0.9394248175084188
16.40540871878236, -1.9214258270941544
22.99622181656294, 3.8898333437412504

0.002443129949763754, 0.012344023577185934
0.0, 0.0
0.0, 0.0
0.0, 0.0
0.0, 0.0
0.7935109439010668, -4.794233350667565
0.5961396782748387, 0.7063315777205853
16.698556157842134, -1.7950415657200827
22.61784960296371, 3.968691999848311

0.002416573991728586, 0.012396315330463911
0.0, 0.0
0.0, 0.0
0.0, 0.0
0.0, 0.0
1.079910864090037, -4.806858535021681
1.7752885960335, -1.5239846022084484
16.96631208354013, -1.6659068788775584
22.226018580358186, 4.045195220998768

0.0023862712753212473, 0.012409482098529866
0.0, 0.0
0.0, 0.0
0.0, 0.0
0.0, 0.0
1.3011557332898342, -4.528642021298379
3.440838396475913, -1.9858185674822395
17.209401947708933, -1.5343304560688804
21.820296784374708, 4.119176659271338

0.002366421278301422, 0.01240395113118635
0.0, 0.0
0.0, 0.0
0.0, 0.0
0.0, 0.0
1.4316440596574442, -3.9360365221926394
4.683812087158066, -2.188477850311056
17.42845743975317, -1.4005923622758032
21.40021468903369, 4.190453814550406

0.0023571993302593385, 0.012377879308314832
0.0, 0.0
0.0, 0.0
0.0, 0.0
0.0, 0.0
1.4160518616865574, -2.948666536136659
5.676805698802038, -2.271376109453895
17.624026901169398, -1.2649488174112065
20.965260663441214, 4.258825712735231

0.0023670657770198354, 0.012318930421144928
0.0, 0.0
0.0, 0.0
0.0, 0.0
0.0, 0.0
1.0563886292945937, -1.294107114418659
6.488890414929477, -2.2807462954076985
17.796583842930048, -1.1276361625651918
20.514875663871518, 4.324070147331492

0.0024348426722214547, 0.01235626133109247
0.0, 0.0
0.0, 0.0
0.0, 0.0
0.0, 0.0
-0.47192309661525494, -1.6728390005335563
7.156433070065117, -2.2387038378873814
17.94653392971382, -0.9888741982336575
20.048447002219792, 4.385940383728633

0.002417161564662781, 0.012452708059735229
0.0, 0.0
0.0, 0.0
0.0, 0.0
0.0, 0.0
-0.17039533294981038, -3.3021015892912193
7.701251324374388, -2.1578830204242334
18.074220694153738, -0.848869054523635
19.565300993949865, 4.444161187431893

0.0023983190714757627, 0.012514069269573637
0.0, 0.0
0.0, 0.0
0.0, 0.0
0.0, 0.0
0.18994621559367825, -4.2050053585034535
8.137376466547376, -2.0463301651227406
18.179930139471402, -0.7078156588344001
19.06469418530018, 4.498423989312972

0.0023817353435613953, 0.012555244223704125
0.0, 0.0
0.0, 0.0
0.0, 0.0
0.0, 0.0
0.5346630836399717, -4.692157362762331
8.474117715529685, -1.909571123161179
18.263894426880707, -0.5658998824022287
18.545802813377144, 4.548380967863636

0.002368288014481346, 0.012580690258503422
0.0, 0.0
0.0, 0.0
0.0, 0.0
0.0, 0.0
0.8435615561081004, -4.855750653876916
8.717621964428838, -1.7516263207880065
18.326294798224232, -0.4233004637409005
18.00771007225992, 4.593637742739896

0.002358629306335121, 0.012591890014850598
0.0, 0.0
0.0, 0.0
0.0, 0.0
0.0, 0.0
1.1018738777883093, -4.725910337285571
8.871719464211678, -1.5755662085963291
18.36726381112679, -0.28019075729426923
17.44939058228715, 4.633744252915716

0.0023536566517102313, 0.012588589563249224
0.0, 0.0
0.0, 0.0
0.0, 0.0
0.0, 0.0
1.2902574089804646, -4.296544319266664
8.938383562274133, -1.3838441142118862
18.38688695003641, -0.1367403498240082
16.869691260946574, 4.668183239222443

0.0023550619658730203, 0.012568537819955854
0.0, 0.0
0.0, 0.0
0.0, 0.0
0.0, 0.0
1.3732172070926765, -3.519815250409733
8.917951007352627, -1.1785146754760298
18.385203658274275, 0.006883417086138056
16.267307509716865, 4.696355523650853

0.0023672918067870414, 0.012524909990984075
0.0, 0.0
0.0, 0.0
0.0, 0.0
0.0, 0.0
1.2580098942416413, -2.2520869876248364
8.8091648920081, -0.9613940383224956
18.362207818772532, 0.15051398230050436
15.640753217846479, 4.717560941312323

0.002446142004349225, 0.012433400945621786
0.0, 0.0
0.0, 0.0
0.0, 0.0
0.0, 0.0
-0.22385914312532462, 0.01664012816348974
8.609052618835474, -0.734196733782885
18.31784769884084, 0.2939841220252209
14.988322476388682, 4.730973273714756

0.002463883195959639, 0.012576332680239583
0.0, 0.0
0.0, 0.0
0.0, 0.0
0.0, 0.0
-0.3935791400507861, -2.6305047759001017
8.312608289056108, -0.49867891340241527
18.25202536962845, 0.43712448130499626
14.308040008787604, 4.735606747839446

0.0024595946329770573, 0.012649871380781805
0.0, 0.0
0.0, 0.0
0.0, 0.0
0.0, 0.0
-0.06783152302556335, -3.8245119834581085
7.912188931281613, -0.25682499192133496
18.164595553585553, 0.5797620325690758
13.59759589116941, 4.730270339003598

0.0024563299880375027, 0.012698862954497124
0.0, 0.0
0.0, 0.0
0.0, 0.0
0.0, 0.0
0.27373814350832043, -4.504512928407032
7.396424208291388, -0.011142044727879379
18.055363834559405, 0.7217184581976668
12.854257803614146, 4.713504009557056

0.0024560537012486582, 0.0127308210267612
0.0, 0.0
0.0, 0.0
0.0, 0.0
0.0, 0.0
0.5952671913942998, -4.826815586294065
6.748189836387714, 0.23479113012500588
17.924084235705372, 0.8628084009519964
12.074750566981068, 4.683487555526761

0.002459962785198759, 0.012748403879915365
0.0, 0.0
0.0, 0.0
0.0, 0.0
0.0, 0.0
0.8799625780159503, -4.8452549909724345
5.94052539208587, 0.47512958322318904
17.77045609281516, 1.0028375283766715
11.255086517480065, 4.637906324696992

0.002469508938004743, 0.012752275744859157
0.0, 0.0
0.0, 0.0
0.0, 0.0
0.0, 0.0
1.1115070715709834, -4.570220435182974
4.927223762838914, 0.698640416343699
17.594120114623184, 1.141600355858514
10.39031935982879, 4.573746260531566

0.002487220001886526, 0.012741622384862076
0.0, 0.0
0.0, 0.0
0.0, 0.0
0.0, 0.0
1.265005699105777, -3.9762191475699673
3.615617344859294, 0.877925343328286
17.394653498816243, 1.278877759404253
9.474173973098543, 4.486967481460238

0.002519419528802189, 0.012713997065746765
0.0, 0.0
0.0, 0.0
0.0, 0.0
0.0, 0.0
1.2875342828490641, -2.9786690468509933
1.7412064668734466, 0.9027593917798349
17.17156393393749, 1.4144340916613036
8.498464978186142, 4.371956529463941

0.0025529716699730382, 0.012682976470671991
0.0, 0.0
0.0, 0.0
0.0, 0.0
0.0, 0.0
0.9851673647398559, -1.287214916429266
0.8740937701209406, -1.1464814120262699
16.924282266167527, 1.5480137919145585
7.452133138242321, 4.2205446714179295

0.0026050449599138276, 0.012733490376112927
0.0, 0.0
0.0, 0.0
0.0, 0.0
0.0, 0.0
-0.5455841143303477, -1.6983239081245303
2.8337792496737544, -1.871325415093156
16.6521535535764, 1.6793373493483144
6.3195357658212306, 4.0200912118000565

0.0025816450010834437, 0.012835556199337319
0.0, 0.0
0.0, 0.0
0.0, 0.0
0.0, 0.0
-0.3111987820125861, -3.316622936376861
4.204854234936515, -2.1598885485902812
16.354426181278644, 1.8080964014364171
5.0771328935917275, 3.7492785489568847

0.002558780961321548, 0.012901809762144015
0.0, 0.0
0.0, 0.0
0.0, 0.0
0.0, 0.0
0.009866368905291528, -4.225275869579618
5.279456827479373, -2.2910924882343133
16.030238443963626, 1.933947731115408
3.6862481651145225, 3.367166118762499

0.0025393340842763228, 0.012947646977216364
0.0, 0.0
0.0, 0.0
0.0, 0.0
0.0, 0.0
0.33300126316654005, -4.721362752582517
6.151651484305985, -2.332840179638046
15.67860194448876, 2.0565058433424706
2.0745822599908093, 2.7755192235007757

0.0025241708881275434, 0.012978740778836107
0.0, 0.0
0.0, 0.0
0.0, 0.0
0.0, 0.0
0.6343431931329452, -4.894222809464185
6.867066025020923, -2.314354278814049
15.29838097855425, 2.1753336468087645
0.09509175143279242, 1.5872945675343977

0.002507778419315702, 0.013000110096654468
0.0, 0.0
0.0, 0.0
0.0, 0.0
0.0, 0.0
0.8978817732472962, -4.772623126808408
7.451924325209106, -2.2514005081487594
14.888266676365166, 2.2899305887867567
0.05093819686408753, -1.531475993802964

0.0024906130063088554, 0.013001729975201277
0.0, 0.0
0.0, 0.0
0.0, 0.0
0.0, 0.0
1.1045412252965574, -4.349296213912793
7.922687624201847, -2.15365440234257
14.446744218438539, 2.399717321325994
2.0287262072963506, -2.7517231245049785

0.0024802434206108283, 0.012984626190562745
0.0, 0.0
0.0, 0.0
0.0, 0.0
0.0, 0.0
1.2208641378320364, -3.574676722652186
8.290145513930309, -2.0275838128156574
13.972050740015863, 2.504015550668679
3.6404736985057227, -3.359229564747394

0.0024803372238590524, 0.012942836455725424
0.0, 0.0
0.0, 0.0
0.0, 0.0
0.0, 0.0
1.1601448640927414, -2.30092640990256
8.561416068157413, -1.8777922848574518
13.462120480329821, 2.6020211014111383
5.03128481391093, -3.753217543263197

0.002545642146493224, 0.012850501945460311
0.0, 0.0
0.0, 0.0
0.0, 0.0
0.0, 0.0
-0.23025658733800095, 0.020419954745543988
8.741006321557506, -1.707726147337442
12.914512132419985, 2.692767187010355
6.27359485847602, -4.03397912072623

0.00255961986858183, 0.012994094981201961
0.0, 0.0
0.0, 0.0
0.0, 0.0
0.0, 0.0
-0.510389841466957, -2.611984313709385
8.831387965636388, -1.5200845485614483
12.326310797230805, 2.7750731820735233
7.406136422797241, -4.243183793745128

0.0025487678975105424, 0.013069384452802193
0.0, 0.0
0.0, 0.0
0.0, 0.0
0.0, 0.0
-0.23696300253710031, -3.819574614167326
8.833285391998633, -1.3170792736200276
11.69399258066527, 2.847471167866145
8.45246404229289, -4.4024970495296

0.002537646073800537, 0.013119976908566406
0.0, 0.0
0.0, 0.0
0.0, 0.0
0.0, 0.0
0.07488823797494312, -4.514996780618737
8.745761775869099, -1.1006161976735154
11.013232317290452, 2.908097347101362
9.428219948737858, -4.5247580750838905

0.002528313430783583, 0.013153293459510058
0.0, 0.0
0.0, 0.0
0.0, 0.0
0.0, 0.0
0.3824645194438582, -4.852717303736715
8.566128299882003, -0.8724423900383907
10.278622092949504, 2.9545257930887954
10.344458825220146, -4.618264255819481

0.0025217437329518064, 0.01317191584084479
0.0, 0.0
0.0, 0.0
0.0, 0.0
0.0, 0.0
0.6666483145650044, -4.885875313619585
8.289654093168402, -0.6342909166104539
9.483243237998591, 2.9835024839558066
11.209361485239928, -4.6887184420925

0.0025188416698182317, 0.013176364678078442
0.0, 0.0
0.0, 0.0
0.0, 0.0
0.0, 0.0
0.9107549252763515, -4.624387601579097
7.9089948148244185, -0.38805877237695535
8.617984353287222, 2.9904962662367565
12.029199044429195, -4.740225112024137

0.002520902354190335, 0.01316545602436941
0.0, 0.0
0.0, 0.0
0.0, 0.0
0.0, 0.0
1.0912344996815795, -4.042273444794012
7.413151367486446, -0.13607814752227343
7.67038894081543, 2.9688873717455313
12.80891417456308, -4.7758466063966045

0.002530502515577609, 0.013135200976456101
0.0, 0.0
0.0, 0.0
0.0, 0.0
0.0, 0.0
1.159648273564952, -3.054351038837501
6.78553381136177, 0.1183876504322891
6.6225538084318885, 2.90836399354081
13.552491228737953, -4.797934804948661

0.0025564240297534582, 0.01307189838612973
0.0, 0.0
0.0, 0.0
0.0, 0.0
0.0, 0.0
0.9408133947965768, -1.370966803602646
6.00008302533375, 0.3700777582301646
5.446878598554466, 2.7913388186129144
14.263202394771342, -4.808339393009703

0.002649551589944851, 0.013101643239575142
0.0, 0.0
0.0, 0.0
0.0, 0.0
0.0, 0.0
-0.616517439455835, -1.6304129667457692
5.0124290635515365, 0.6089785010853538
4.096084726106447, 2.5833306978261894
14.94377733195992, -4.808544304782898

0.002665498803098368, 0.013198496818089586
0.0, 0.0
0.0, 0.0
0.0, 0.0
0.0, 0.0
-0.4554601917145252, -3.2777788434291093
3.7348419754364706, 0.8109991801732869
2.473499706616741, 2.1977111364237545
15.59652357852933, -4.799760345308596

0.0026845283230615908, 0.01326427210285532
0.0, 0.0
0.0, 0.0
0.0, 0.0
0.0, 0.0
-0.1736260408461679, -4.208445823100499
1.9263995040062911, 0.883598040443908
0.30147042036631344, 1.2217591315675824
16.22341422155884, -4.782989870518444

0.0026883461937820324, 0.013342934394201304
0.0, 0.0
0.0, 0.0
0.0, 0.0
0.0, 0.0
0.12838996085811533, -4.724306400930178
0.6790470610230338, -1.0459259192361572
1.0166417332452915, -1.6377942767726068
16.8261531893684, -4.759073149806615

0.002643130100380959, 0.013385418759337703
0.0, 0.0
0.0, 0.0
0.0, 0.0
0.0, 0.0
0.4225727434676874, -4.915355344433242
2.7078963147806285, -1.856825892760046
2.964141574185779, -2.346390511448658
17.406224809524467, -4.728722392751027

0.00260911585900827, 0.013405855060732339
0.0, 0.0
0.0, 0.0
0.0, 0.0
0.0, 0.0
0.6916612148987018, -4.810445243657615
4.104768213795767, -2.1707872925036757
4.486978150983291, -2.680210202852867
17.96493205757368, -4.6925472055988635

0.002582117607116643, 0.013409098148987914
0.0, 0.0
0.0, 0.0
0.0, 0.0
0.0, 0.0
0.9170088798589028, -4.40217725452634
5.195649092042142, -2.3172429092038804
5.776802734299753, -2.869750575273151
18.503426540688164, -4.6510739464521995

0.0025620210773503608, 0.013393964409514668
0.0, 0.0
0.0, 0.0
0.0, 0.0
0.0, 0.0
1.0676735245791085, -3.640699443985014
6.080194443334744, -2.369937019932428
6.909252805614749, -2.9795155747071127
19.02273229612355, -4.604760668625603

0.002551808200700898, 0.01335389858265741
0.0, 0.0
0.0, 0.0
0.0, 0.0
0.0, 0.0
1.065077832328511, -2.378013233391248
6.805922554914422, -2.3599064507729492
7.923830578100102, -3.037732137524346
19.523764904230728, -4.554008816921021

0.002599152654818152, 0.013253822917369746
0.0, 0.0
0.0, 0.0
0.0, 0.0
0.0, 0.0
-0.0992598194739818, 0.12677569829211527
7.399914610859914, -2.303707491178203
8.844474452080755, -3.0595412551217795
20.00734700898667, -4.499172496604393

0.0026177879349131537, 0.013400723035996006
0.0, 0.0
0.0, 0.0
0.0, 0.0
0.0, 0.0
-0.6230293744824791, -2.5572831396356484
7.8790953037395415, -2.21142881945868
9.687090565193738, -3.0541085824912084
20.47422104612595, -4.440565909820962

0.002602590529920885, 0.013477814815253975
0.0, 0.0
0.0, 0.0
0.0, 0.0
0.0, 0.0
-0.4027069010811694, -3.7881098789317624
8.254537914312985, -2.0897794128275766
10.462932972707492, -3.0274514654837335
20.92505975597161, -4.378469378487519

0.002585997911434595, 0.01352993183169967
0.0, 0.0
0.0, 0.0
0.0, 0.0
0.0, 0.0
-0.12078220604566678, -4.503786962875066
8.53355296167383, -1.943512266322536
11.180335546566528, -2.9837580106858375
21.360474936635978, -4.313134239600718

0.0025703289191256846, 0.01356457286286213
0.0, 0.0
0.0, 0.0
0.0, 0.0
0.0, 0.0
0.1724279707337467, -4.86027718812778
8.720791279459531, -1.7761685852352227
11.845686316330816, -2.9260752638532317
21.78102480411788, -4.244786879618483

0.0025565621224577775, 0.013584330076045575
0.0, 0.0
0.0, 0.0
0.0, 0.0
0.0, 0.0
0.4553802938904783, -4.910970995365995
8.81884280046418, -1.5905061105679994
12.464015353377464, -2.856698822939669
22.187220222159958, -4.173632087781037

0.0025454903154732617, 0.01358971134122802
0.0, 0.0
0.0, 0.0
0.0, 0.0
0.0, 0.0
0.7109985075959095, -4.665750602171257
8.828539793534214, -1.3887682217856936
13.039369353630528, -2.777407758713067
22.57953000504897, -4.0998558603239585

0.002538177847818496, 0.01357949972875572
0.0, 0.0
0.0, 0.0
0.0, 0.0
0.0, 0.0
0.9170466324409625, -4.098462258037279
8.749055496160656, -1.172870603557914
13.575060982069832, -2.689613576038851
22.958385457411655, -4.023627760589262

0.002536755933172397, 0.013549649412632802
0.0, 0.0
0.0, 0.0
0.0, 0.0
0.0, 0.0
1.0294745786578465, -3.123725520079855
8.577826182411975, -0.9445492604999403
14.073840912048205, -2.594458637230144
23.324184282058432, -3.945102917568139

0.0025487797656846547, 0.013486453306098864
0.0, 0.0
0.0, 0.0
0.0, 0.0
0.0, 0.0
0.8911693899620586, -1.453681689899549
8.31027716938453, -0.7055019429771593
14.538020134857629, -2.4928834649084792
23.677293961439773, -3.8644237281925227

0.0026308614101165848, 0.01350773543497023
0.0, 0.0
0.0, 0.0
0.0, 0.0
0.0, 0.0
-0.6824289570549303, -1.5573270344091545
7.939276223581446, -0.4575576549560155
14.969559156628153, -2.385674136370283
24.01805469936997, -3.781721316611477

0.0026355273639496373, 0.01360384485320357
0.0, 0.0
0.0, 0.0
0.0, 0.0
0.0, 0.0
-0.5971777581043111, -3.2316784289955924
7.4541372992721735, -0.20293097598906812
15.370134452022013, -2.2734965519181016
24.346781990233705, -3.6971167974093437

0.0026347027792887863, 0.013665395523157833
0.0, 0.0
0.0, 0.0
0.0, 0.0
0.0, 0.0
-0.3558927089245021, -4.183061525965697
6.8387735426253045, 0.055319012758211626
15.741188808182995, -2.1569216870919816
24.663768858769746, -3.6107223637907095

0.0026343499530582493, 0.013707085077089488
0.0, 0.0
0.0, 0.0
0.0, 0.0
0.0, 0.0
-0.07608531595586791, -4.718049626905447
6.06802408619399, 0.31231293867341364
16.083970133433017, -2.0364445520631236
24.96928782705816, -3.522642226433431

0.0026366137486876283, 0.013733366357607345
0.0, 0.0
0.0, 0.0
0.0, 0.0
0.0, 0.0
0.20994631289001375, -4.9271990730496205
5.0993800018359785, 0.5588615136108861
16.399561831034458, -1.9124987214520708
25.263592656286818, -3.4329734349216205

0.0026435592855818825, 0.01374593026206149
0.0, 0.0
0.0, 0.0
0.0, 0.0
0.0, 0.0
0.4836465402899334, -4.839423074570577
3.8500209466946433, 0.7732262153443668
16.688906835433126, -1.7854676368506859
25.54691989061431, -3.341806598265021

0.0026591820911868167, 0.01374555645826561
0.0, 0.0
0.0, 0.0
0.0, 0.0
0.0, 0.0
0.7267775920703677, -4.44722727751363
2.1008824664870756, 0.8758248717838301
16.952826820551582, -1.6556935239953254
25.819490228751363, -3.249226518700861
